2026.01.13 12:55:37 INFO  Started: Metals version 1.6.4 in folders 'C:\Users\barra\Desktop\Ryan\Perso\JavaProjects\BudgetApp' for client Visual Studio Code 1.107.1.
2026.01.13 12:55:45 WARN  Using H2 2.4.240 which is newer than the version Flyway has been verified with. The latest verified version of H2 is 2.3.232.
2026.01.13 12:55:47 INFO  no build target found for C:\Users\barra\Desktop\Ryan\Perso\JavaProjects\BudgetApp\BudgetApp.java. Using fallback presentation compiler.
janv. 13, 2026 12:55:48 PM org.eclipse.lsp4j.jsonrpc.RemoteEndpoint handleCancellation
WARNING: Unmatched cancel notification for request id 2
2026.01.13 12:55:48 INFO  no build target found for C:\Users\barra\Desktop\Ryan\Perso\JavaProjects\BudgetApp\BudgetApp.java. Using fallback presentation compiler.
janv. 13, 2026 12:55:49 PM org.eclipse.lsp4j.jsonrpc.RemoteEndpoint handleCancellation
WARNING: Unmatched cancel notification for request id 7
2026.01.13 12:55:48 INFO  no build target found for C:\Users\barra\Desktop\Ryan\Perso\JavaProjects\BudgetApp\BudgetApp.java. Using fallback presentation compiler.
2026.01.13 12:55:49 WARN  no build tool detected in workspace 'C:\Users\barra\Desktop\Ryan\Perso\JavaProjects\BudgetApp'. The most common cause for this problem is that the editor was opened in the wrong working directory, for example if you use sbt then the workspace directory should contain build.sbt. 
2026.01.13 12:55:49 WARN  Build server is not auto-connectable.
2026.01.13 12:55:49 WARN  no build target for: C:\Users\barra\Desktop\Ryan\Perso\JavaProjects\BudgetApp\BudgetApp.java
janv. 13, 2026 12:55:50 PM org.eclipse.lsp4j.jsonrpc.RemoteEndpoint handleCancellation
WARNING: Unmatched cancel notification for request id 8
2026.01.13 12:55:50 INFO  no build target found for C:\Users\barra\Desktop\Ryan\Perso\JavaProjects\BudgetApp\BudgetApp.java. Using fallback presentation compiler.
2026.01.13 12:55:50 INFO  no build target found for C:\Users\barra\Desktop\Ryan\Perso\JavaProjects\BudgetApp\BudgetApp.java. Using fallback presentation compiler.
2026.01.13 12:55:50 INFO  no build target found for C:\Users\barra\Desktop\Ryan\Perso\JavaProjects\BudgetApp\BudgetApp.java. Using fallback presentation compiler.
C:\Users\barra\Desktop\Ryan\Perso\JavaProjects\BudgetApp\BudgetApp.java:229: error: unmappable character (0x8F) for encoding windows-1252
            private final Button btnSuppr = new Button("ðŸ—‘ï¸?");
                                                              ^
2026.01.13 12:55:52 INFO  no build target found for C:\Users\barra\Desktop\Ryan\Perso\JavaProjects\BudgetApp\BudgetApp.java. Using fallback presentation compiler.
2026.01.13 12:55:53 INFO  time: code lens generation in 3.51s
2026.01.13 12:55:53 INFO  time: code lens generation in 3.08s
janv. 13, 2026 12:57:39 PM org.eclipse.lsp4j.jsonrpc.services.GenericEndpoint notify
INFO: Unsupported notification method: $/setTrace
2026.01.13 12:57:41 INFO  no build target found for C:\Users\barra\Desktop\Ryan\Perso\JavaProjects\BudgetApp\BudgetApp.java. Using fallback presentation compiler.
2026.01.13 12:57:47 INFO  no build target found for C:\Users\barra\Desktop\Ryan\Perso\JavaProjects\BudgetApp\BudgetApp.java. Using fallback presentation compiler.
2026.01.13 13:03:16 INFO  no build target found for C:\Users\barra\Desktop\Ryan\Perso\JavaProjects\BudgetApp\BudgetApp.java. Using fallback presentation compiler.
2026.01.13 13:03:18 INFO  no build target found for C:\Users\barra\Desktop\Ryan\Perso\JavaProjects\BudgetApp\BudgetApp.java. Using fallback presentation compiler.
2026.01.13 13:03:18 INFO  no build target found for C:\Users\barra\Desktop\Ryan\Perso\JavaProjects\BudgetApp\BudgetApp.java. Using fallback presentation compiler.
janv. 13, 2026 1:03:19 PM org.eclipse.lsp4j.jsonrpc.RemoteEndpoint handleCancellation
WARNING: Unmatched cancel notification for request id 22
2026.01.13 13:03:19 INFO  no build target found for C:\Users\barra\Desktop\Ryan\Perso\JavaProjects\BudgetApp\BudgetApp.java. Using fallback presentation compiler.
2026.01.13 13:03:21 INFO  no build target found for C:\Users\barra\Desktop\Ryan\Perso\JavaProjects\BudgetApp\BudgetApp.java. Using fallback presentation compiler.
janv. 13, 2026 1:03:23 PM org.eclipse.lsp4j.jsonrpc.RemoteEndpoint handleCancellation
WARNING: Unmatched cancel notification for request id 25
janv. 13, 2026 1:03:23 PM org.eclipse.lsp4j.jsonrpc.RemoteEndpoint handleCancellation
WARNING: Unmatched cancel notification for request id 23
2026.01.13 13:03:23 INFO  no build target found for C:\Users\barra\Desktop\Ryan\Perso\JavaProjects\BudgetApp\BudgetApp.java. Using fallback presentation compiler.
2026.01.13 13:03:23 INFO  no build target found for C:\Users\barra\Desktop\Ryan\Perso\JavaProjects\BudgetApp\BudgetApp.java. Using fallback presentation compiler.
2026.01.13 13:05:27 INFO  no build target found for C:\Users\barra\Desktop\Ryan\Perso\JavaProjects\BudgetApp\BudgetApp.java. Using fallback presentation compiler.
2026.01.13 13:05:33 INFO  no build target found for C:\Users\barra\Desktop\Ryan\Perso\JavaProjects\BudgetApp\BudgetApp.java. Using fallback presentation compiler.
2026.01.13 13:06:07 INFO  no build target found for C:\Users\barra\Desktop\Ryan\Perso\JavaProjects\BudgetApp\BudgetApp.java. Using fallback presentation compiler.
2026.01.13 13:06:08 INFO  Shutting down server
2026.01.13 13:06:08 INFO  shutting down Metals
2026.01.13 13:06:08 INFO  Exiting server
2026.01.13 13:07:36 INFO  Started: Metals version 1.6.4 in folders 'C:\Users\barra\Desktop\Ryan\Perso\JavaProjects\BudgetApp' for client Visual Studio Code 1.108.0.
2026.01.13 13:07:43 WARN  Using H2 2.4.240 which is newer than the version Flyway has been verified with. The latest verified version of H2 is 2.3.232.
2026.01.13 13:07:44 INFO  no build target found for C:\Users\barra\Desktop\Ryan\Perso\JavaProjects\BudgetApp\BudgetApp.java. Using fallback presentation compiler.
janv. 13, 2026 1:07:46 PM org.eclipse.lsp4j.jsonrpc.RemoteEndpoint handleCancellation
WARNING: Unmatched cancel notification for request id 2
2026.01.13 13:07:46 INFO  no build target found for C:\Users\barra\Desktop\Ryan\Perso\JavaProjects\BudgetApp\BudgetApp.java. Using fallback presentation compiler.
2026.01.13 13:07:46 INFO  no build target found for C:\Users\barra\Desktop\Ryan\Perso\JavaProjects\BudgetApp\BudgetApp.java. Using fallback presentation compiler.
2026.01.13 13:07:47 WARN  no build tool detected in workspace 'C:\Users\barra\Desktop\Ryan\Perso\JavaProjects\BudgetApp'. The most common cause for this problem is that the editor was opened in the wrong working directory, for example if you use sbt then the workspace directory should contain build.sbt. 
2026.01.13 13:07:47 WARN  Build server is not auto-connectable.
2026.01.13 13:07:46 INFO  no build target found for C:\Users\barra\Desktop\Ryan\Perso\JavaProjects\BudgetApp\BudgetApp.java. Using fallback presentation compiler.
2026.01.13 13:07:47 WARN  no build target for: C:\Users\barra\Desktop\Ryan\Perso\JavaProjects\BudgetApp\BudgetApp.java
2026.01.13 13:07:48 INFO  no build target found for C:\Users\barra\Desktop\Ryan\Perso\JavaProjects\BudgetApp\BudgetApp.java. Using fallback presentation compiler.
janv. 13, 2026 1:07:48 PM org.eclipse.lsp4j.jsonrpc.RemoteEndpoint handleCancellation
WARNING: Unmatched cancel notification for request id 7
janv. 13, 2026 1:07:48 PM org.eclipse.lsp4j.jsonrpc.RemoteEndpoint handleCancellation
WARNING: Unmatched cancel notification for request id 8
janv. 13, 2026 1:07:48 PM org.eclipse.lsp4j.jsonrpc.RemoteEndpoint handleCancellation
WARNING: Unmatched cancel notification for request id 9
2026.01.13 13:07:48 INFO  no build target found for C:\Users\barra\Desktop\Ryan\Perso\JavaProjects\BudgetApp\BudgetApp.java. Using fallback presentation compiler.
C:\Users\barra\Desktop\Ryan\Perso\JavaProjects\BudgetApp\BudgetApp.java:66: error: unmappable character (0x8F) for encoding windows-1252
        Button btnNouveauMois = new Button("ðŸ—“ï¸? Nouveau Mois");
                                                  ^
C:\Users\barra\Desktop\Ryan\Perso\JavaProjects\BudgetApp\BudgetApp.java:190: error: unmappable character (0x90) for encoding windows-1252
                setText(empty || item == null ? null : (item ? "â­? Oui" : "Non"));
                                                                  ^
C:\Users\barra\Desktop\Ryan\Perso\JavaProjects\BudgetApp\BudgetApp.java:196: error: unmappable character (0x8F) for encoding windows-1252
            private final Button btnSuppr = new Button("ðŸ—‘ï¸?");
                                                              ^
C:\Users\barra\Desktop\Ryan\Perso\JavaProjects\BudgetApp\BudgetApp.java:214: error: unmappable character (0x8F) for encoding windows-1252
            private final Button btnEdit = new Button("âœ?ï¸?");
                                                         ^
C:\Users\barra\Desktop\Ryan\Perso\JavaProjects\BudgetApp\BudgetApp.java:214: error: unmappable character (0x8F) for encoding windows-1252
            private final Button btnEdit = new Button("âœ?ï¸?");
                                                            ^
2026.01.13 13:07:50 INFO  no build target found for C:\Users\barra\Desktop\Ryan\Perso\JavaProjects\BudgetApp\BudgetApp.java. Using fallback presentation compiler.
2026.01.13 13:07:51 INFO  time: code lens generation in 4.41s
2026.01.13 13:07:56 INFO  no build target found for C:\Users\barra\Desktop\Ryan\Perso\JavaProjects\BudgetApp\BudgetApp.java. Using fallback presentation compiler.
janv. 13, 2026 1:07:57 PM org.eclipse.lsp4j.jsonrpc.RemoteEndpoint handleCancellation
WARNING: Unmatched cancel notification for request id 16
2026.01.13 13:07:57 INFO  no build target found for C:\Users\barra\Desktop\Ryan\Perso\JavaProjects\BudgetApp\BudgetApp.java. Using fallback presentation compiler.
2026.01.13 13:07:58 INFO  no build target found for C:\Users\barra\Desktop\Ryan\Perso\JavaProjects\BudgetApp\BudgetApp.java. Using fallback presentation compiler.
2026.01.13 13:11:43 INFO  no build target found for C:\Users\barra\Desktop\Ryan\Perso\JavaProjects\BudgetApp\BudgetApp.java. Using fallback presentation compiler.
2026.01.13 13:11:43 INFO  no build target found for C:\Users\barra\Desktop\Ryan\Perso\JavaProjects\BudgetApp\BudgetApp.java. Using fallback presentation compiler.
2026.01.13 13:11:45 INFO  no build target found for C:\Users\barra\Desktop\Ryan\Perso\JavaProjects\BudgetApp\BudgetApp.java. Using fallback presentation compiler.
2026.01.13 13:11:45 INFO  no build target found for C:\Users\barra\Desktop\Ryan\Perso\JavaProjects\BudgetApp\BudgetApp.java. Using fallback presentation compiler.
2026.01.13 13:11:46 INFO  no build target found for C:\Users\barra\Desktop\Ryan\Perso\JavaProjects\BudgetApp\BudgetApp.java. Using fallback presentation compiler.
C:\Users\barra\Desktop\Ryan\Perso\JavaProjects\BudgetApp\BudgetApp.java:66: error: unmappable character (0x8F) for encoding windows-1252
        Button btnNouveauMois = new Button("ðŸ—“ï¸? Nouveau Mois");
                                                  ^
C:\Users\barra\Desktop\Ryan\Perso\JavaProjects\BudgetApp\BudgetApp.java:190: error: unmappable character (0x90) for encoding windows-1252
                setText(empty || item == null ? null : (item ? "â­? Oui" : "Non"));
                                                                  ^
C:\Users\barra\Desktop\Ryan\Perso\JavaProjects\BudgetApp\BudgetApp.java:196: error: unmappable character (0x8F) for encoding windows-1252
            private final Button btnSuppr = new Button("ðŸ—‘ï¸?");
                                                              ^
C:\Users\barra\Desktop\Ryan\Perso\JavaProjects\BudgetApp\BudgetApp.java:214: error: unmappable character (0x8F) for encoding windows-1252
            private final Button btnEdit = new Button("âœ?ï¸?");
                                                         ^
C:\Users\barra\Desktop\Ryan\Perso\JavaProjects\BudgetApp\BudgetApp.java:214: error: unmappable character (0x8F) for encoding windows-1252
            private final Button btnEdit = new Button("âœ?ï¸?");
                                                            ^
2026.01.13 13:11:47 INFO  time: code lens generation in 1.67s
2026.01.13 13:11:48 INFO  no build target found for C:\Users\barra\Desktop\Ryan\Perso\JavaProjects\BudgetApp\BudgetApp.java. Using fallback presentation compiler.
2026.01.13 13:11:48 WARN  no build target for: C:\Users\barra\Desktop\Ryan\Perso\JavaProjects\BudgetApp\BudgetApp.java
2026.01.13 13:11:48 INFO  no build target found for C:\Users\barra\Desktop\Ryan\Perso\JavaProjects\BudgetApp\BudgetApp.java. Using fallback presentation compiler.
2026.01.13 13:11:51 INFO  no build target found for C:\Users\barra\Desktop\Ryan\Perso\JavaProjects\BudgetApp\BudgetApp.java. Using fallback presentation compiler.
2026.01.13 13:23:28 INFO  no build target found for C:\Users\barra\Desktop\Ryan\Perso\JavaProjects\BudgetApp\BudgetApp.java. Using fallback presentation compiler.
2026.01.13 13:23:28 WARN  no build target for: C:\Users\barra\Desktop\Ryan\Perso\JavaProjects\BudgetApp\BudgetApp.java
janv. 13, 2026 1:23:29 PM org.eclipse.lsp4j.jsonrpc.RemoteEndpoint handleCancellation
WARNING: Unmatched cancel notification for request id 41
2026.01.13 13:23:28 INFO  no build target found for C:\Users\barra\Desktop\Ryan\Perso\JavaProjects\BudgetApp\BudgetApp.java. Using fallback presentation compiler.
2026.01.13 13:23:30 INFO  no build target found for C:\Users\barra\Desktop\Ryan\Perso\JavaProjects\BudgetApp\BudgetApp.java. Using fallback presentation compiler.
2026.01.13 13:23:30 INFO  no build target found for C:\Users\barra\Desktop\Ryan\Perso\JavaProjects\BudgetApp\BudgetApp.java. Using fallback presentation compiler.
2026.01.13 13:34:05 INFO  no build target found for C:\Users\barra\Desktop\Ryan\Perso\JavaProjects\BudgetApp\BudgetApp.java. Using fallback presentation compiler.
2026.01.13 13:34:05 INFO  no build target found for C:\Users\barra\Desktop\Ryan\Perso\JavaProjects\BudgetApp\BudgetApp.java. Using fallback presentation compiler.
2026.01.13 13:34:07 INFO  no build target found for C:\Users\barra\Desktop\Ryan\Perso\JavaProjects\BudgetApp\BudgetApp.java. Using fallback presentation compiler.
2026.01.13 13:34:09 INFO  no build target found for C:\Users\barra\Desktop\Ryan\Perso\JavaProjects\BudgetApp\BudgetApp.java. Using fallback presentation compiler.
2026.01.13 13:34:09 INFO  no build target found for C:\Users\barra\Desktop\Ryan\Perso\JavaProjects\BudgetApp\BudgetApp.java. Using fallback presentation compiler.
2026.01.13 13:34:11 INFO  no build target found for C:\Users\barra\Desktop\Ryan\Perso\JavaProjects\BudgetApp\BudgetApp.java. Using fallback presentation compiler.
2026.01.13 13:34:11 INFO  no build target found for C:\Users\barra\Desktop\Ryan\Perso\JavaProjects\BudgetApp\BudgetApp.java. Using fallback presentation compiler.
C:\Users\barra\Desktop\Ryan\Perso\JavaProjects\BudgetApp\BudgetApp.java:67: error: unmappable character (0x8F) for encoding windows-1252
        Button btnNouveauMois = new Button("ðŸ—“ï¸? Nouveau Mois");
                                                  ^
C:\Users\barra\Desktop\Ryan\Perso\JavaProjects\BudgetApp\BudgetApp.java:184: error: unmappable character (0x90) for encoding windows-1252
                setText(empty || item == null ? null : (item ? "â­? Oui" : "Non"));
                                                                  ^
C:\Users\barra\Desktop\Ryan\Perso\JavaProjects\BudgetApp\BudgetApp.java:190: error: unmappable character (0x8F) for encoding windows-1252
            private final Button btnSuppr = new Button("ðŸ—‘ï¸?");
                                                              ^
C:\Users\barra\Desktop\Ryan\Perso\JavaProjects\BudgetApp\BudgetApp.java:208: error: unmappable character (0x8F) for encoding windows-1252
            private final Button btnEdit = new Button("âœ?ï¸?");
                                                         ^
C:\Users\barra\Desktop\Ryan\Perso\JavaProjects\BudgetApp\BudgetApp.java:208: error: unmappable character (0x8F) for encoding windows-1252
            private final Button btnEdit = new Button("âœ?ï¸?");
                                                            ^
2026.01.13 13:34:11 INFO  no build target found for C:\Users\barra\Desktop\Ryan\Perso\JavaProjects\BudgetApp\BudgetApp.java. Using fallback presentation compiler.
2026.01.13 13:34:12 INFO  time: code lens generation in 1.13s
2026.01.13 13:34:13 WARN  no build target for: C:\Users\barra\Desktop\Ryan\Perso\JavaProjects\BudgetApp\BudgetApp.java
2026.01.13 13:34:13 INFO  no build target found for C:\Users\barra\Desktop\Ryan\Perso\JavaProjects\BudgetApp\BudgetApp.java. Using fallback presentation compiler.
2026.01.13 13:34:13 INFO  no build target found for C:\Users\barra\Desktop\Ryan\Perso\JavaProjects\BudgetApp\BudgetApp.java. Using fallback presentation compiler.
2026.01.13 13:34:15 INFO  no build target found for C:\Users\barra\Desktop\Ryan\Perso\JavaProjects\BudgetApp\BudgetApp.java. Using fallback presentation compiler.
2026.01.13 13:34:54 INFO  no build target found for C:\Users\barra\Desktop\Ryan\Perso\JavaProjects\BudgetApp\BudgetApp.java. Using fallback presentation compiler.
2026.01.13 13:34:56 INFO  no build target found for C:\Users\barra\Desktop\Ryan\Perso\JavaProjects\BudgetApp\BudgetApp.java. Using fallback presentation compiler.
2026.01.13 13:37:41 INFO  no build target found for C:\Users\barra\Desktop\Ryan\Perso\JavaProjects\BudgetApp\BudgetApp.java. Using fallback presentation compiler.
2026.01.13 13:37:41 INFO  no build target found for C:\Users\barra\Desktop\Ryan\Perso\JavaProjects\BudgetApp\BudgetApp.java. Using fallback presentation compiler.
2026.01.13 13:37:42 INFO  no build target found for C:\Users\barra\Desktop\Ryan\Perso\JavaProjects\BudgetApp\BudgetApp.java. Using fallback presentation compiler.
2026.01.13 13:37:42 INFO  no build target found for C:\Users\barra\Desktop\Ryan\Perso\JavaProjects\BudgetApp\BudgetApp.java. Using fallback presentation compiler.
2026.01.13 13:37:43 INFO  no build target found for C:\Users\barra\Desktop\Ryan\Perso\JavaProjects\BudgetApp\BudgetApp.java. Using fallback presentation compiler.
C:\Users\barra\Desktop\Ryan\Perso\JavaProjects\BudgetApp\BudgetApp.java:73: error: unmappable character (0x8F) for encoding windows-1252
        Button btnNouveauMois = new Button("ðŸ—“ï¸? Nouveau Mois");
                                                  ^
C:\Users\barra\Desktop\Ryan\Perso\JavaProjects\BudgetApp\BudgetApp.java:191: error: unmappable character (0x90) for encoding windows-1252
                setText(empty || item == null ? null : (item ? "â­? Oui" : "Non"));
                                                                  ^
C:\Users\barra\Desktop\Ryan\Perso\JavaProjects\BudgetApp\BudgetApp.java:197: error: unmappable character (0x8F) for encoding windows-1252
            private final Button btnSuppr = new Button("ðŸ—‘ï¸?");
                                                              ^
C:\Users\barra\Desktop\Ryan\Perso\JavaProjects\BudgetApp\BudgetApp.java:215: error: unmappable character (0x8F) for encoding windows-1252
            private final Button btnEdit = new Button("âœ?ï¸?");
                                                         ^
C:\Users\barra\Desktop\Ryan\Perso\JavaProjects\BudgetApp\BudgetApp.java:215: error: unmappable character (0x8F) for encoding windows-1252
            private final Button btnEdit = new Button("âœ?ï¸?");
                                                            ^
2026.01.13 13:37:44 INFO  no build target found for C:\Users\barra\Desktop\Ryan\Perso\JavaProjects\BudgetApp\BudgetApp.java. Using fallback presentation compiler.
2026.01.13 13:37:44 INFO  time: code lens generation in 1.19s
2026.01.13 13:37:45 WARN  no build target for: C:\Users\barra\Desktop\Ryan\Perso\JavaProjects\BudgetApp\BudgetApp.java
2026.01.13 13:37:45 INFO  no build target found for C:\Users\barra\Desktop\Ryan\Perso\JavaProjects\BudgetApp\BudgetApp.java. Using fallback presentation compiler.
2026.01.13 13:37:47 INFO  no build target found for C:\Users\barra\Desktop\Ryan\Perso\JavaProjects\BudgetApp\BudgetApp.java. Using fallback presentation compiler.
2026.01.13 13:38:18 INFO  no build target found for C:\Users\barra\Desktop\Ryan\Perso\JavaProjects\BudgetApp\BudgetApp.java. Using fallback presentation compiler.
2026.01.13 13:38:22 INFO  no build target found for C:\Users\barra\Desktop\Ryan\Perso\JavaProjects\BudgetApp\BudgetApp.java. Using fallback presentation compiler.
2026.01.13 13:38:22 INFO  no build target found for C:\Users\barra\Desktop\Ryan\Perso\JavaProjects\BudgetApp\BudgetApp.java. Using fallback presentation compiler.
2026.01.13 13:38:24 INFO  no build target found for C:\Users\barra\Desktop\Ryan\Perso\JavaProjects\BudgetApp\BudgetApp.java. Using fallback presentation compiler.
2026.01.13 13:38:28 INFO  no build target found for C:\Users\barra\Desktop\Ryan\Perso\JavaProjects\BudgetApp\BudgetApp.java. Using fallback presentation compiler.
2026.01.13 13:38:28 INFO  no build target found for C:\Users\barra\Desktop\Ryan\Perso\JavaProjects\BudgetApp\BudgetApp.java. Using fallback presentation compiler.
2026.01.13 13:38:28 INFO  no build target found for C:\Users\barra\Desktop\Ryan\Perso\JavaProjects\BudgetApp\BudgetApp.java. Using fallback presentation compiler.
2026.01.13 13:38:28 INFO  no build target found for C:\Users\barra\Desktop\Ryan\Perso\JavaProjects\BudgetApp\BudgetApp.java. Using fallback presentation compiler.
2026.01.13 13:38:29 INFO  no build target found for C:\Users\barra\Desktop\Ryan\Perso\JavaProjects\BudgetApp\BudgetApp.java. Using fallback presentation compiler.
2026.01.13 13:38:29 INFO  no build target found for C:\Users\barra\Desktop\Ryan\Perso\JavaProjects\BudgetApp\BudgetApp.java. Using fallback presentation compiler.
2026.01.13 13:38:29 INFO  no build target found for C:\Users\barra\Desktop\Ryan\Perso\JavaProjects\BudgetApp\BudgetApp.java. Using fallback presentation compiler.
2026.01.13 13:38:30 INFO  no build target found for C:\Users\barra\Desktop\Ryan\Perso\JavaProjects\BudgetApp\BudgetApp.java. Using fallback presentation compiler.
C:\Users\barra\Desktop\Ryan\Perso\JavaProjects\BudgetApp\BudgetApp.java:80: error: unmappable character (0x8F) for encoding windows-1252
        Button btnNouveauMois = new Button("ðŸ—“ï¸? Nouveau Mois");
                                                  ^
C:\Users\barra\Desktop\Ryan\Perso\JavaProjects\BudgetApp\BudgetApp.java:200: error: unmappable character (0x90) for encoding windows-1252
                setText(empty || item == null ? null : (item ? "â­? Oui" : "Non"));
                                                                  ^
C:\Users\barra\Desktop\Ryan\Perso\JavaProjects\BudgetApp\BudgetApp.java:207: error: unmappable character (0x8F) for encoding windows-1252
            private final Button btnSuppr = new Button("ðŸ—‘ï¸?");
                                                              ^
C:\Users\barra\Desktop\Ryan\Perso\JavaProjects\BudgetApp\BudgetApp.java:226: error: unmappable character (0x8F) for encoding windows-1252
            private final Button btnEdit = new Button("âœ?ï¸?");
                                                         ^
C:\Users\barra\Desktop\Ryan\Perso\JavaProjects\BudgetApp\BudgetApp.java:226: error: unmappable character (0x8F) for encoding windows-1252
            private final Button btnEdit = new Button("âœ?ï¸?");
                                                            ^
2026.01.13 13:38:30 INFO  no build target found for C:\Users\barra\Desktop\Ryan\Perso\JavaProjects\BudgetApp\BudgetApp.java. Using fallback presentation compiler.
2026.01.13 13:38:30 INFO  no build target found for C:\Users\barra\Desktop\Ryan\Perso\JavaProjects\BudgetApp\BudgetApp.java. Using fallback presentation compiler.
2026.01.13 13:38:31 INFO  no build target found for C:\Users\barra\Desktop\Ryan\Perso\JavaProjects\BudgetApp\BudgetApp.java. Using fallback presentation compiler.
C:\Users\barra\Desktop\Ryan\Perso\JavaProjects\BudgetApp\BudgetApp.java:80: error: unmappable character (0x8F) for encoding windows-1252
        Button btnNouveauMois = new Button("ðŸ—“ï¸? Nouveau Mois");
                                                  ^
C:\Users\barra\Desktop\Ryan\Perso\JavaProjects\BudgetApp\BudgetApp.java:200: error: unmappable character (0x90) for encoding windows-1252
                setText(empty || item == null ? null : (item ? "â­? Oui" : "Non"));
                                                                  ^
C:\Users\barra\Desktop\Ryan\Perso\JavaProjects\BudgetApp\BudgetApp.java:207: error: unmappable character (0x8F) for encoding windows-1252
            private final Button btnSuppr = new Button("ðŸ—‘ï¸?");
                                                              ^
C:\Users\barra\Desktop\Ryan\Perso\JavaProjects\BudgetApp\BudgetApp.java:226: error: unmappable character (0x8F) for encoding windows-1252
            private final Button btnEdit = new Button("âœ?ï¸?");
                                                         ^
C:\Users\barra\Desktop\Ryan\Perso\JavaProjects\BudgetApp\BudgetApp.java:226: error: unmappable character (0x8F) for encoding windows-1252
            private final Button btnEdit = new Button("âœ?ï¸?");
                                                            ^
2026.01.13 13:38:32 INFO  no build target found for C:\Users\barra\Desktop\Ryan\Perso\JavaProjects\BudgetApp\BudgetApp.java. Using fallback presentation compiler.
2026.01.13 13:38:32 INFO  time: code lens generation in 2.13s
2026.01.13 13:38:32 INFO  time: code lens generation in 1.75s
2026.01.13 13:38:34 INFO  no build target found for C:\Users\barra\Desktop\Ryan\Perso\JavaProjects\BudgetApp\BudgetApp.java. Using fallback presentation compiler.
2026.01.13 13:38:34 WARN  no build target for: C:\Users\barra\Desktop\Ryan\Perso\JavaProjects\BudgetApp\BudgetApp.java
2026.01.13 13:38:34 INFO  no build target found for C:\Users\barra\Desktop\Ryan\Perso\JavaProjects\BudgetApp\BudgetApp.java. Using fallback presentation compiler.
2026.01.13 13:38:36 INFO  no build target found for C:\Users\barra\Desktop\Ryan\Perso\JavaProjects\BudgetApp\BudgetApp.java. Using fallback presentation compiler.
2026.01.13 13:39:16 INFO  no build target found for C:\Users\barra\Desktop\Ryan\Perso\JavaProjects\BudgetApp\BudgetApp.java. Using fallback presentation compiler.
2026.01.13 13:39:16 INFO  no build target found for C:\Users\barra\Desktop\Ryan\Perso\JavaProjects\BudgetApp\BudgetApp.java. Using fallback presentation compiler.
2026.01.13 13:39:17 INFO  no build target found for C:\Users\barra\Desktop\Ryan\Perso\JavaProjects\BudgetApp\BudgetApp.java. Using fallback presentation compiler.
2026.01.13 13:39:17 INFO  no build target found for C:\Users\barra\Desktop\Ryan\Perso\JavaProjects\BudgetApp\BudgetApp.java. Using fallback presentation compiler.
2026.01.13 13:39:18 INFO  no build target found for C:\Users\barra\Desktop\Ryan\Perso\JavaProjects\BudgetApp\BudgetApp.java. Using fallback presentation compiler.
C:\Users\barra\Desktop\Ryan\Perso\JavaProjects\BudgetApp\BudgetApp.java:80: error: unmappable character (0x8F) for encoding windows-1252
        Button btnNouveauMois = new Button("ðŸ—“ï¸? Nouveau Mois");
                                                  ^
C:\Users\barra\Desktop\Ryan\Perso\JavaProjects\BudgetApp\BudgetApp.java:200: error: unmappable character (0x90) for encoding windows-1252
                setText(empty || item == null ? null : (item ? "â­? Oui" : "Non"));
                                                                  ^
C:\Users\barra\Desktop\Ryan\Perso\JavaProjects\BudgetApp\BudgetApp.java:207: error: unmappable character (0x8F) for encoding windows-1252
            private final Button btnSuppr = new Button("ðŸ—‘ï¸?");
                                                              ^
C:\Users\barra\Desktop\Ryan\Perso\JavaProjects\BudgetApp\BudgetApp.java:226: error: unmappable character (0x8F) for encoding windows-1252
            private final Button btnEdit = new Button("âœ?ï¸?");
                                                         ^
C:\Users\barra\Desktop\Ryan\Perso\JavaProjects\BudgetApp\BudgetApp.java:226: error: unmappable character (0x8F) for encoding windows-1252
            private final Button btnEdit = new Button("âœ?ï¸?");
                                                            ^
2026.01.13 13:39:18 INFO  no build target found for C:\Users\barra\Desktop\Ryan\Perso\JavaProjects\BudgetApp\BudgetApp.java. Using fallback presentation compiler.
2026.01.13 13:39:23 WARN  no build target for: C:\Users\barra\Desktop\Ryan\Perso\JavaProjects\BudgetApp\BudgetApp.java
2026.01.13 13:39:23 INFO  no build target found for C:\Users\barra\Desktop\Ryan\Perso\JavaProjects\BudgetApp\BudgetApp.java. Using fallback presentation compiler.
2026.01.13 13:39:24 INFO  no build target found for C:\Users\barra\Desktop\Ryan\Perso\JavaProjects\BudgetApp\BudgetApp.java. Using fallback presentation compiler.
2026.01.13 13:39:24 INFO  no build target found for C:\Users\barra\Desktop\Ryan\Perso\JavaProjects\BudgetApp\BudgetApp.java. Using fallback presentation compiler.
2026.01.13 13:39:29 INFO  no build target found for C:\Users\barra\Desktop\Ryan\Perso\JavaProjects\BudgetApp\BudgetApp.java. Using fallback presentation compiler.
2026.01.13 13:39:34 INFO  no build target found for C:\Users\barra\Desktop\Ryan\Perso\JavaProjects\BudgetApp\BudgetApp.java. Using fallback presentation compiler.
2026.01.13 13:39:34 INFO  no build target found for C:\Users\barra\Desktop\Ryan\Perso\JavaProjects\BudgetApp\BudgetApp.java. Using fallback presentation compiler.
2026.01.13 13:39:34 INFO  no build target found for C:\Users\barra\Desktop\Ryan\Perso\JavaProjects\BudgetApp\BudgetApp.java. Using fallback presentation compiler.
2026.01.13 13:39:35 INFO  no build target found for C:\Users\barra\Desktop\Ryan\Perso\JavaProjects\BudgetApp\BudgetApp.java. Using fallback presentation compiler.
2026.01.13 13:39:38 INFO  no build target found for C:\Users\barra\Desktop\Ryan\Perso\JavaProjects\BudgetApp\BudgetApp.java. Using fallback presentation compiler.
2026.01.13 13:39:38 INFO  no build target found for C:\Users\barra\Desktop\Ryan\Perso\JavaProjects\BudgetApp\BudgetApp.java. Using fallback presentation compiler.
2026.01.13 13:39:39 INFO  no build target found for C:\Users\barra\Desktop\Ryan\Perso\JavaProjects\BudgetApp\BudgetApp.java. Using fallback presentation compiler.
2026.01.13 13:39:39 INFO  no build target found for C:\Users\barra\Desktop\Ryan\Perso\JavaProjects\BudgetApp\BudgetApp.java. Using fallback presentation compiler.
2026.01.13 13:39:39 INFO  no build target found for C:\Users\barra\Desktop\Ryan\Perso\JavaProjects\BudgetApp\BudgetApp.java. Using fallback presentation compiler.
2026.01.13 13:39:39 INFO  no build target found for C:\Users\barra\Desktop\Ryan\Perso\JavaProjects\BudgetApp\BudgetApp.java. Using fallback presentation compiler.
janv. 13, 2026 1:39:40 PM org.eclipse.lsp4j.jsonrpc.RemoteEndpoint handleCancellation
WARNING: Unmatched cancel notification for request id 156
2026.01.13 13:39:39 INFO  no build target found for C:\Users\barra\Desktop\Ryan\Perso\JavaProjects\BudgetApp\BudgetApp.java. Using fallback presentation compiler.
2026.01.13 13:39:40 INFO  no build target found for C:\Users\barra\Desktop\Ryan\Perso\JavaProjects\BudgetApp\BudgetApp.java. Using fallback presentation compiler.
2026.01.13 13:39:40 INFO  no build target found for C:\Users\barra\Desktop\Ryan\Perso\JavaProjects\BudgetApp\BudgetApp.java. Using fallback presentation compiler.
2026.01.13 13:39:41 INFO  no build target found for C:\Users\barra\Desktop\Ryan\Perso\JavaProjects\BudgetApp\BudgetApp.java. Using fallback presentation compiler.
janv. 13, 2026 1:39:41 PM org.eclipse.lsp4j.jsonrpc.RemoteEndpoint handleCancellation
WARNING: Unmatched cancel notification for request id 160
2026.01.13 13:39:41 INFO  no build target found for C:\Users\barra\Desktop\Ryan\Perso\JavaProjects\BudgetApp\BudgetApp.java. Using fallback presentation compiler.
2026.01.13 13:39:41 INFO  no build target found for C:\Users\barra\Desktop\Ryan\Perso\JavaProjects\BudgetApp\BudgetApp.java. Using fallback presentation compiler.
2026.01.13 13:39:41 INFO  no build target found for C:\Users\barra\Desktop\Ryan\Perso\JavaProjects\BudgetApp\BudgetApp.java. Using fallback presentation compiler.
janv. 13, 2026 1:39:42 PM org.eclipse.lsp4j.jsonrpc.RemoteEndpoint handleCancellation
WARNING: Unmatched cancel notification for request id 163
2026.01.13 13:39:41 INFO  no build target found for C:\Users\barra\Desktop\Ryan\Perso\JavaProjects\BudgetApp\BudgetApp.java. Using fallback presentation compiler.
2026.01.13 13:39:41 INFO  no build target found for C:\Users\barra\Desktop\Ryan\Perso\JavaProjects\BudgetApp\BudgetApp.java. Using fallback presentation compiler.
2026.01.13 13:39:45 INFO  no build target found for C:\Users\barra\Desktop\Ryan\Perso\JavaProjects\BudgetApp\BudgetApp.java. Using fallback presentation compiler.
2026.01.13 13:39:53 INFO  no build target found for C:\Users\barra\Desktop\Ryan\Perso\JavaProjects\BudgetApp\BudgetApp.java. Using fallback presentation compiler.
2026.01.13 13:39:56 INFO  no build target found for C:\Users\barra\Desktop\Ryan\Perso\JavaProjects\BudgetApp\BudgetApp.java. Using fallback presentation compiler.
2026.01.13 13:39:56 INFO  no build target found for C:\Users\barra\Desktop\Ryan\Perso\JavaProjects\BudgetApp\BudgetApp.java. Using fallback presentation compiler.
2026.01.13 13:39:56 INFO  no build target found for C:\Users\barra\Desktop\Ryan\Perso\JavaProjects\BudgetApp\BudgetApp.java. Using fallback presentation compiler.
2026.01.13 13:39:58 INFO  no build target found for C:\Users\barra\Desktop\Ryan\Perso\JavaProjects\BudgetApp\BudgetApp.java. Using fallback presentation compiler.
2026.01.13 13:40:00 INFO  no build target found for C:\Users\barra\Desktop\Ryan\Perso\JavaProjects\BudgetApp\BudgetApp.java. Using fallback presentation compiler.
2026.01.13 13:40:00 INFO  no build target found for C:\Users\barra\Desktop\Ryan\Perso\JavaProjects\BudgetApp\BudgetApp.java. Using fallback presentation compiler.
2026.01.13 13:40:00 INFO  no build target found for C:\Users\barra\Desktop\Ryan\Perso\JavaProjects\BudgetApp\BudgetApp.java. Using fallback presentation compiler.
2026.01.13 13:40:01 INFO  no build target found for C:\Users\barra\Desktop\Ryan\Perso\JavaProjects\BudgetApp\BudgetApp.java. Using fallback presentation compiler.
2026.01.13 13:40:03 INFO  no build target found for C:\Users\barra\Desktop\Ryan\Perso\JavaProjects\BudgetApp\BudgetApp.java. Using fallback presentation compiler.
2026.01.13 13:40:03 INFO  no build target found for C:\Users\barra\Desktop\Ryan\Perso\JavaProjects\BudgetApp\BudgetApp.java. Using fallback presentation compiler.
2026.01.13 13:40:03 INFO  no build target found for C:\Users\barra\Desktop\Ryan\Perso\JavaProjects\BudgetApp\BudgetApp.java. Using fallback presentation compiler.
2026.01.13 13:40:05 INFO  no build target found for C:\Users\barra\Desktop\Ryan\Perso\JavaProjects\BudgetApp\BudgetApp.java. Using fallback presentation compiler.
2026.01.13 13:40:05 INFO  no build target found for C:\Users\barra\Desktop\Ryan\Perso\JavaProjects\BudgetApp\BudgetApp.java. Using fallback presentation compiler.
2026.01.13 13:40:05 INFO  no build target found for C:\Users\barra\Desktop\Ryan\Perso\JavaProjects\BudgetApp\BudgetApp.java. Using fallback presentation compiler.
2026.01.13 13:40:06 INFO  no build target found for C:\Users\barra\Desktop\Ryan\Perso\JavaProjects\BudgetApp\BudgetApp.java. Using fallback presentation compiler.
2026.01.13 13:40:06 INFO  no build target found for C:\Users\barra\Desktop\Ryan\Perso\JavaProjects\BudgetApp\BudgetApp.java. Using fallback presentation compiler.
2026.01.13 13:40:09 INFO  no build target found for C:\Users\barra\Desktop\Ryan\Perso\JavaProjects\BudgetApp\BudgetApp.java. Using fallback presentation compiler.
2026.01.13 13:40:09 INFO  no build target found for C:\Users\barra\Desktop\Ryan\Perso\JavaProjects\BudgetApp\BudgetApp.java. Using fallback presentation compiler.
2026.01.13 13:40:11 INFO  no build target found for C:\Users\barra\Desktop\Ryan\Perso\JavaProjects\BudgetApp\BudgetApp.java. Using fallback presentation compiler.
2026.01.13 13:40:11 INFO  no build target found for C:\Users\barra\Desktop\Ryan\Perso\JavaProjects\BudgetApp\BudgetApp.java. Using fallback presentation compiler.
2026.01.13 13:40:16 INFO  no build target found for C:\Users\barra\Desktop\Ryan\Perso\JavaProjects\BudgetApp\BudgetApp.java. Using fallback presentation compiler.
2026.01.13 13:40:16 INFO  no build target found for C:\Users\barra\Desktop\Ryan\Perso\JavaProjects\BudgetApp\BudgetApp.java. Using fallback presentation compiler.
2026.01.13 13:40:17 INFO  no build target found for C:\Users\barra\Desktop\Ryan\Perso\JavaProjects\BudgetApp\BudgetApp.java. Using fallback presentation compiler.
2026.01.13 13:40:16 INFO  no build target found for C:\Users\barra\Desktop\Ryan\Perso\JavaProjects\BudgetApp\BudgetApp.java. Using fallback presentation compiler.
2026.01.13 13:40:16 INFO  no build target found for C:\Users\barra\Desktop\Ryan\Perso\JavaProjects\BudgetApp\BudgetApp.java. Using fallback presentation compiler.
2026.01.13 13:40:17 INFO  no build target found for C:\Users\barra\Desktop\Ryan\Perso\JavaProjects\BudgetApp\BudgetApp.java. Using fallback presentation compiler.
C:\Users\barra\Desktop\Ryan\Perso\JavaProjects\BudgetApp\BudgetApp.java:80: error: unmappable character (0x8F) for encoding windows-1252
        Button btnNouveauMois = new Button("ðŸ—“ï¸? Nouveau Mois");
                                                  ^
C:\Users\barra\Desktop\Ryan\Perso\JavaProjects\BudgetApp\BudgetApp.java:200: error: unmappable character (0x90) for encoding windows-1252
                setText(empty || item == null ? null : (item ? "â­? Oui" : "Non"));
                                                                  ^
C:\Users\barra\Desktop\Ryan\Perso\JavaProjects\BudgetApp\BudgetApp.java:207: error: unmappable character (0x8F) for encoding windows-1252
            private final Button btnSuppr = new Button("ðŸ—‘ï¸?");
                                                              ^
C:\Users\barra\Desktop\Ryan\Perso\JavaProjects\BudgetApp\BudgetApp.java:226: error: unmappable character (0x8F) for encoding windows-1252
            private final Button btnEdit = new Button("âœ?ï¸?");
                                                         ^
C:\Users\barra\Desktop\Ryan\Perso\JavaProjects\BudgetApp\BudgetApp.java:226: error: unmappable character (0x8F) for encoding windows-1252
            private final Button btnEdit = new Button("âœ?ï¸?");
                                                            ^
2026.01.13 13:40:18 INFO  no build target found for C:\Users\barra\Desktop\Ryan\Perso\JavaProjects\BudgetApp\BudgetApp.java. Using fallback presentation compiler.
2026.01.13 13:40:18 INFO  no build target found for C:\Users\barra\Desktop\Ryan\Perso\JavaProjects\BudgetApp\BudgetApp.java. Using fallback presentation compiler.
2026.01.13 13:40:17 INFO  no build target found for C:\Users\barra\Desktop\Ryan\Perso\JavaProjects\BudgetApp\BudgetApp.java. Using fallback presentation compiler.
2026.01.13 13:40:18 INFO  no build target found for C:\Users\barra\Desktop\Ryan\Perso\JavaProjects\BudgetApp\BudgetApp.java. Using fallback presentation compiler.
C:\Users\barra\Desktop\Ryan\Perso\JavaProjects\BudgetApp\BudgetApp.java:80: error: unmappable character (0x8F) for encoding windows-1252
        Button btnNouveauMois = new Button("ðŸ—“ï¸? Nouveau Mois");
                                                  ^
C:\Users\barra\Desktop\Ryan\Perso\JavaProjects\BudgetApp\BudgetApp.java:200: error: unmappable character (0x90) for encoding windows-1252
                setText(empty || item == null ? null : (item ? "â­? Oui" : "Non"));
                                                                  ^
C:\Users\barra\Desktop\Ryan\Perso\JavaProjects\BudgetApp\BudgetApp.java:207: error: unmappable character (0x8F) for encoding windows-1252
            private final Button btnSuppr = new Button("ðŸ—‘ï¸?");
                                                              ^
C:\Users\barra\Desktop\Ryan\Perso\JavaProjects\BudgetApp\BudgetApp.java:226: error: unmappable character (0x8F) for encoding windows-1252
            private final Button btnEdit = new Button("âœ?ï¸?");
                                                         ^
C:\Users\barra\Desktop\Ryan\Perso\JavaProjects\BudgetApp\BudgetApp.java:226: error: unmappable character (0x8F) for encoding windows-1252
            private final Button btnEdit = new Button("âœ?ï¸?");
                                                            ^
2026.01.13 13:40:19 INFO  no build target found for C:\Users\barra\Desktop\Ryan\Perso\JavaProjects\BudgetApp\BudgetApp.java. Using fallback presentation compiler.
2026.01.13 13:40:19 WARN  no build target for: C:\Users\barra\Desktop\Ryan\Perso\JavaProjects\BudgetApp\BudgetApp.java
2026.01.13 13:40:19 INFO  no build target found for C:\Users\barra\Desktop\Ryan\Perso\JavaProjects\BudgetApp\BudgetApp.java. Using fallback presentation compiler.
2026.01.13 13:40:20 INFO  no build target found for C:\Users\barra\Desktop\Ryan\Perso\JavaProjects\BudgetApp\BudgetApp.java. Using fallback presentation compiler.
2026.01.13 13:40:22 WARN  no build target for: C:\Users\barra\Desktop\Ryan\Perso\JavaProjects\BudgetApp\BudgetApp.java
2026.01.13 13:40:22 INFO  no build target found for C:\Users\barra\Desktop\Ryan\Perso\JavaProjects\BudgetApp\BudgetApp.java. Using fallback presentation compiler.
2026.01.13 13:40:28 INFO  no build target found for C:\Users\barra\Desktop\Ryan\Perso\JavaProjects\BudgetApp\BudgetApp.java. Using fallback presentation compiler.
2026.01.13 13:40:28 INFO  no build target found for C:\Users\barra\Desktop\Ryan\Perso\JavaProjects\BudgetApp\BudgetApp.java. Using fallback presentation compiler.
2026.01.13 13:40:41 INFO  no build target found for C:\Users\barra\Desktop\Ryan\Perso\JavaProjects\BudgetApp\BudgetApp.java. Using fallback presentation compiler.
2026.01.13 13:40:43 INFO  no build target found for C:\Users\barra\Desktop\Ryan\Perso\JavaProjects\BudgetApp\BudgetApp.java. Using fallback presentation compiler.
2026.01.13 13:40:45 INFO  no build target found for C:\Users\barra\Desktop\Ryan\Perso\JavaProjects\BudgetApp\BudgetApp.java. Using fallback presentation compiler.
2026.01.13 13:40:45 INFO  no build target found for C:\Users\barra\Desktop\Ryan\Perso\JavaProjects\BudgetApp\BudgetApp.java. Using fallback presentation compiler.
2026.01.13 13:40:47 INFO  no build target found for C:\Users\barra\Desktop\Ryan\Perso\JavaProjects\BudgetApp\BudgetApp.java. Using fallback presentation compiler.
2026.01.13 13:40:47 INFO  no build target found for C:\Users\barra\Desktop\Ryan\Perso\JavaProjects\BudgetApp\BudgetApp.java. Using fallback presentation compiler.
2026.01.13 13:40:47 INFO  no build target found for C:\Users\barra\Desktop\Ryan\Perso\JavaProjects\BudgetApp\BudgetApp.java. Using fallback presentation compiler.
2026.01.13 13:40:50 INFO  no build target found for C:\Users\barra\Desktop\Ryan\Perso\JavaProjects\BudgetApp\BudgetApp.java. Using fallback presentation compiler.
2026.01.13 13:40:50 INFO  no build target found for C:\Users\barra\Desktop\Ryan\Perso\JavaProjects\BudgetApp\BudgetApp.java. Using fallback presentation compiler.
2026.01.13 13:40:50 INFO  no build target found for C:\Users\barra\Desktop\Ryan\Perso\JavaProjects\BudgetApp\BudgetApp.java. Using fallback presentation compiler.
2026.01.13 13:40:57 INFO  no build target found for C:\Users\barra\Desktop\Ryan\Perso\JavaProjects\BudgetApp\BudgetApp.java. Using fallback presentation compiler.
2026.01.13 13:41:07 INFO  no build target found for C:\Users\barra\Desktop\Ryan\Perso\JavaProjects\BudgetApp\BudgetApp.java. Using fallback presentation compiler.
2026.01.13 13:41:07 INFO  no build target found for C:\Users\barra\Desktop\Ryan\Perso\JavaProjects\BudgetApp\BudgetApp.java. Using fallback presentation compiler.
2026.01.13 13:41:08 INFO  no build target found for C:\Users\barra\Desktop\Ryan\Perso\JavaProjects\BudgetApp\BudgetApp.java. Using fallback presentation compiler.
2026.01.13 13:41:10 INFO  no build target found for C:\Users\barra\Desktop\Ryan\Perso\JavaProjects\BudgetApp\BudgetApp.java. Using fallback presentation compiler.
2026.01.13 13:41:12 INFO  no build target found for C:\Users\barra\Desktop\Ryan\Perso\JavaProjects\BudgetApp\BudgetApp.java. Using fallback presentation compiler.
2026.01.13 13:41:12 INFO  no build target found for C:\Users\barra\Desktop\Ryan\Perso\JavaProjects\BudgetApp\BudgetApp.java. Using fallback presentation compiler.
2026.01.13 13:41:15 INFO  no build target found for C:\Users\barra\Desktop\Ryan\Perso\JavaProjects\BudgetApp\BudgetApp.java. Using fallback presentation compiler.
2026.01.13 13:41:22 INFO  no build target found for C:\Users\barra\Desktop\Ryan\Perso\JavaProjects\BudgetApp\BudgetApp.java. Using fallback presentation compiler.
2026.01.13 13:41:22 INFO  no build target found for C:\Users\barra\Desktop\Ryan\Perso\JavaProjects\BudgetApp\BudgetApp.java. Using fallback presentation compiler.
2026.01.13 13:41:24 INFO  no build target found for C:\Users\barra\Desktop\Ryan\Perso\JavaProjects\BudgetApp\BudgetApp.java. Using fallback presentation compiler.
2026.01.13 13:41:25 INFO  no build target found for C:\Users\barra\Desktop\Ryan\Perso\JavaProjects\BudgetApp\BudgetApp.java. Using fallback presentation compiler.
2026.01.13 13:41:27 INFO  no build target found for C:\Users\barra\Desktop\Ryan\Perso\JavaProjects\BudgetApp\BudgetApp.java. Using fallback presentation compiler.
2026.01.13 13:41:27 INFO  no build target found for C:\Users\barra\Desktop\Ryan\Perso\JavaProjects\BudgetApp\BudgetApp.java. Using fallback presentation compiler.
2026.01.13 13:41:30 INFO  no build target found for C:\Users\barra\Desktop\Ryan\Perso\JavaProjects\BudgetApp\BudgetApp.java. Using fallback presentation compiler.
2026.01.13 13:41:33 INFO  no build target found for C:\Users\barra\Desktop\Ryan\Perso\JavaProjects\BudgetApp\BudgetApp.java. Using fallback presentation compiler.
2026.01.13 13:41:33 INFO  no build target found for C:\Users\barra\Desktop\Ryan\Perso\JavaProjects\BudgetApp\BudgetApp.java. Using fallback presentation compiler.
2026.01.13 13:41:34 INFO  no build target found for C:\Users\barra\Desktop\Ryan\Perso\JavaProjects\BudgetApp\BudgetApp.java. Using fallback presentation compiler.
janv. 13, 2026 1:41:43 PM org.eclipse.lsp4j.jsonrpc.RemoteEndpoint handleCancellation
WARNING: Unmatched cancel notification for request id 301
2026.01.13 13:41:48 INFO  no build target found for C:\Users\barra\Desktop\Ryan\Perso\JavaProjects\BudgetApp\BudgetApp.java. Using fallback presentation compiler.
2026.01.13 13:41:48 INFO  no build target found for C:\Users\barra\Desktop\Ryan\Perso\JavaProjects\BudgetApp\BudgetApp.java. Using fallback presentation compiler.
2026.01.13 13:41:49 INFO  no build target found for C:\Users\barra\Desktop\Ryan\Perso\JavaProjects\BudgetApp\BudgetApp.java. Using fallback presentation compiler.
2026.01.13 13:41:53 INFO  no build target found for C:\Users\barra\Desktop\Ryan\Perso\JavaProjects\BudgetApp\BudgetApp.java. Using fallback presentation compiler.
2026.01.13 13:41:54 INFO  no build target found for C:\Users\barra\Desktop\Ryan\Perso\JavaProjects\BudgetApp\BudgetApp.java. Using fallback presentation compiler.
2026.01.13 13:41:55 INFO  no build target found for C:\Users\barra\Desktop\Ryan\Perso\JavaProjects\BudgetApp\BudgetApp.java. Using fallback presentation compiler.
2026.01.13 13:41:55 INFO  no build target found for C:\Users\barra\Desktop\Ryan\Perso\JavaProjects\BudgetApp\BudgetApp.java. Using fallback presentation compiler.
2026.01.13 13:41:58 INFO  no build target found for C:\Users\barra\Desktop\Ryan\Perso\JavaProjects\BudgetApp\BudgetApp.java. Using fallback presentation compiler.
2026.01.13 13:41:58 INFO  no build target found for C:\Users\barra\Desktop\Ryan\Perso\JavaProjects\BudgetApp\BudgetApp.java. Using fallback presentation compiler.
2026.01.13 13:41:59 INFO  no build target found for C:\Users\barra\Desktop\Ryan\Perso\JavaProjects\BudgetApp\BudgetApp.java. Using fallback presentation compiler.
2026.01.13 13:41:59 INFO  no build target found for C:\Users\barra\Desktop\Ryan\Perso\JavaProjects\BudgetApp\BudgetApp.java. Using fallback presentation compiler.
2026.01.13 13:42:01 INFO  no build target found for C:\Users\barra\Desktop\Ryan\Perso\JavaProjects\BudgetApp\BudgetApp.java. Using fallback presentation compiler.
2026.01.13 13:42:03 INFO  no build target found for C:\Users\barra\Desktop\Ryan\Perso\JavaProjects\BudgetApp\BudgetApp.java. Using fallback presentation compiler.
2026.01.13 13:42:04 INFO  no build target found for C:\Users\barra\Desktop\Ryan\Perso\JavaProjects\BudgetApp\BudgetApp.java. Using fallback presentation compiler.
2026.01.13 13:43:55 INFO  no build target found for C:\Users\barra\Desktop\Ryan\Perso\JavaProjects\BudgetApp\BudgetApp.java. Using fallback presentation compiler.
2026.01.13 13:43:57 INFO  no build target found for C:\Users\barra\Desktop\Ryan\Perso\JavaProjects\BudgetApp\BudgetApp.java. Using fallback presentation compiler.
2026.01.13 13:43:57 INFO  no build target found for C:\Users\barra\Desktop\Ryan\Perso\JavaProjects\BudgetApp\BudgetApp.java. Using fallback presentation compiler.
2026.01.13 13:43:58 INFO  no build target found for C:\Users\barra\Desktop\Ryan\Perso\JavaProjects\BudgetApp\BudgetApp.java. Using fallback presentation compiler.
C:\Users\barra\Desktop\Ryan\Perso\JavaProjects\BudgetApp\BudgetApp.java:80: error: unmappable character (0x8F) for encoding windows-1252
        Button btnNouveauMois = new Button("ðŸ—“ï¸? Nouveau Mois");
                                                  ^
C:\Users\barra\Desktop\Ryan\Perso\JavaProjects\BudgetApp\BudgetApp.java:200: error: unmappable character (0x90) for encoding windows-1252
                setText(empty || item == null ? null : (item ? "â­? Oui" : "Non"));
                                                                  ^
C:\Users\barra\Desktop\Ryan\Perso\JavaProjects\BudgetApp\BudgetApp.java:207: error: unmappable character (0x8F) for encoding windows-1252
            private final Button btnSuppr = new Button("ðŸ—‘ï¸?");
                                                              ^
C:\Users\barra\Desktop\Ryan\Perso\JavaProjects\BudgetApp\BudgetApp.java:226: error: unmappable character (0x8F) for encoding windows-1252
            private final Button btnEdit = new Button("âœ?ï¸?");
                                                         ^
C:\Users\barra\Desktop\Ryan\Perso\JavaProjects\BudgetApp\BudgetApp.java:226: error: unmappable character (0x8F) for encoding windows-1252
            private final Button btnEdit = new Button("âœ?ï¸?");
                                                            ^
2026.01.13 13:43:57 INFO  no build target found for C:\Users\barra\Desktop\Ryan\Perso\JavaProjects\BudgetApp\BudgetApp.java. Using fallback presentation compiler.
2026.01.13 13:44:00 INFO  no build target found for C:\Users\barra\Desktop\Ryan\Perso\JavaProjects\BudgetApp\BudgetApp.java. Using fallback presentation compiler.
2026.01.13 13:44:01 WARN  no build target for: C:\Users\barra\Desktop\Ryan\Perso\JavaProjects\BudgetApp\BudgetApp.java
2026.01.13 13:44:01 INFO  no build target found for C:\Users\barra\Desktop\Ryan\Perso\JavaProjects\BudgetApp\BudgetApp.java. Using fallback presentation compiler.
2026.01.13 13:44:02 INFO  no build target found for C:\Users\barra\Desktop\Ryan\Perso\JavaProjects\BudgetApp\BudgetApp.java. Using fallback presentation compiler.
2026.01.13 13:44:09 INFO  no build target found for C:\Users\barra\Desktop\Ryan\Perso\JavaProjects\BudgetApp\BudgetApp.java. Using fallback presentation compiler.
2026.01.13 13:44:12 INFO  no build target found for C:\Users\barra\Desktop\Ryan\Perso\JavaProjects\BudgetApp\BudgetApp.java. Using fallback presentation compiler.
2026.01.13 13:44:12 INFO  no build target found for C:\Users\barra\Desktop\Ryan\Perso\JavaProjects\BudgetApp\BudgetApp.java. Using fallback presentation compiler.
2026.01.13 13:44:14 INFO  no build target found for C:\Users\barra\Desktop\Ryan\Perso\JavaProjects\BudgetApp\BudgetApp.java. Using fallback presentation compiler.
2026.01.13 13:44:15 INFO  no build target found for C:\Users\barra\Desktop\Ryan\Perso\JavaProjects\BudgetApp\BudgetApp.java. Using fallback presentation compiler.
2026.01.13 13:44:15 INFO  no build target found for C:\Users\barra\Desktop\Ryan\Perso\JavaProjects\BudgetApp\BudgetApp.java. Using fallback presentation compiler.
2026.01.13 13:44:16 INFO  no build target found for C:\Users\barra\Desktop\Ryan\Perso\JavaProjects\BudgetApp\BudgetApp.java. Using fallback presentation compiler.
2026.01.13 13:44:17 INFO  no build target found for C:\Users\barra\Desktop\Ryan\Perso\JavaProjects\BudgetApp\BudgetApp.java. Using fallback presentation compiler.
2026.01.13 13:44:19 INFO  no build target found for C:\Users\barra\Desktop\Ryan\Perso\JavaProjects\BudgetApp\BudgetApp.java. Using fallback presentation compiler.
2026.01.13 13:44:19 INFO  no build target found for C:\Users\barra\Desktop\Ryan\Perso\JavaProjects\BudgetApp\BudgetApp.java. Using fallback presentation compiler.
2026.01.13 13:44:20 INFO  no build target found for C:\Users\barra\Desktop\Ryan\Perso\JavaProjects\BudgetApp\BudgetApp.java. Using fallback presentation compiler.
2026.01.13 13:44:20 INFO  no build target found for C:\Users\barra\Desktop\Ryan\Perso\JavaProjects\BudgetApp\BudgetApp.java. Using fallback presentation compiler.
2026.01.13 13:44:20 INFO  no build target found for C:\Users\barra\Desktop\Ryan\Perso\JavaProjects\BudgetApp\BudgetApp.java. Using fallback presentation compiler.
2026.01.13 13:44:21 INFO  no build target found for C:\Users\barra\Desktop\Ryan\Perso\JavaProjects\BudgetApp\BudgetApp.java. Using fallback presentation compiler.
C:\Users\barra\Desktop\Ryan\Perso\JavaProjects\BudgetApp\BudgetApp.java:73: error: unmappable character (0x8F) for encoding windows-1252
        Button btnNouveauMois = new Button("ðŸ—“ï¸? Nouveau Mois");
                                                  ^
C:\Users\barra\Desktop\Ryan\Perso\JavaProjects\BudgetApp\BudgetApp.java:203: error: unmappable character (0x90) for encoding windows-1252
                    setText(item ? "â­? Oui" : "Non");
                                      ^
C:\Users\barra\Desktop\Ryan\Perso\JavaProjects\BudgetApp\BudgetApp.java:212: error: unmappable character (0x8F) for encoding windows-1252
            private final Button btnSuppr = new Button("ðŸ—‘ï¸? Supprimer");
                                                              ^
C:\Users\barra\Desktop\Ryan\Perso\JavaProjects\BudgetApp\BudgetApp.java:235: error: unmappable character (0x8F) for encoding windows-1252
            private final Button btnEdit = new Button("âœ?ï¸? Prix");
                                                         ^
C:\Users\barra\Desktop\Ryan\Perso\JavaProjects\BudgetApp\BudgetApp.java:235: error: unmappable character (0x8F) for encoding windows-1252
            private final Button btnEdit = new Button("âœ?ï¸? Prix");
                                                            ^
2026.01.13 13:44:21 INFO  no build target found for C:\Users\barra\Desktop\Ryan\Perso\JavaProjects\BudgetApp\BudgetApp.java. Using fallback presentation compiler.
2026.01.13 13:44:21 INFO  no build target found for C:\Users\barra\Desktop\Ryan\Perso\JavaProjects\BudgetApp\BudgetApp.java. Using fallback presentation compiler.
C:\Users\barra\Desktop\Ryan\Perso\JavaProjects\BudgetApp\BudgetApp.java:73: error: unmappable character (0x8F) for encoding windows-1252
        Button btnNouveauMois = new Button("ðŸ—“ï¸? Nouveau Mois");
                                                  ^
C:\Users\barra\Desktop\Ryan\Perso\JavaProjects\BudgetApp\BudgetApp.java:203: error: unmappable character (0x90) for encoding windows-1252
                    setText(item ? "â­? Oui" : "Non");
                                      ^
C:\Users\barra\Desktop\Ryan\Perso\JavaProjects\BudgetApp\BudgetApp.java:212: error: unmappable character (0x8F) for encoding windows-1252
            private final Button btnSuppr = new Button("ðŸ—‘ï¸? Supprimer");
                                                              ^
C:\Users\barra\Desktop\Ryan\Perso\JavaProjects\BudgetApp\BudgetApp.java:235: error: unmappable character (0x8F) for encoding windows-1252
            private final Button btnEdit = new Button("âœ?ï¸? Prix");
                                                         ^
C:\Users\barra\Desktop\Ryan\Perso\JavaProjects\BudgetApp\BudgetApp.java:235: error: unmappable character (0x8F) for encoding windows-1252
            private final Button btnEdit = new Button("âœ?ï¸? Prix");
                                                            ^
2026.01.13 13:44:21 INFO  no build target found for C:\Users\barra\Desktop\Ryan\Perso\JavaProjects\BudgetApp\BudgetApp.java. Using fallback presentation compiler.
2026.01.13 13:44:23 INFO  no build target found for C:\Users\barra\Desktop\Ryan\Perso\JavaProjects\BudgetApp\BudgetApp.java. Using fallback presentation compiler.
2026.01.13 13:44:23 INFO  no build target found for C:\Users\barra\Desktop\Ryan\Perso\JavaProjects\BudgetApp\BudgetApp.java. Using fallback presentation compiler.
2026.01.13 13:44:23 INFO  no build target found for C:\Users\barra\Desktop\Ryan\Perso\JavaProjects\BudgetApp\BudgetApp.java. Using fallback presentation compiler.
C:\Users\barra\Desktop\Ryan\Perso\JavaProjects\BudgetApp\BudgetApp.java:73: error: unmappable character (0x8F) for encoding windows-1252
        Button btnNouveauMois = new Button("ðŸ—“ï¸? Nouveau Mois");
                                                  ^
C:\Users\barra\Desktop\Ryan\Perso\JavaProjects\BudgetApp\BudgetApp.java:203: error: unmappable character (0x90) for encoding windows-1252
                    setText(item ? "â­? Oui" : "Non");
                                      ^
C:\Users\barra\Desktop\Ryan\Perso\JavaProjects\BudgetApp\BudgetApp.java:212: error: unmappable character (0x8F) for encoding windows-1252
            private final Button btnSuppr = new Button("ðŸ—‘ï¸? Supprimer");
                                                              ^
C:\Users\barra\Desktop\Ryan\Perso\JavaProjects\BudgetApp\BudgetApp.java:235: error: unmappable character (0x8F) for encoding windows-1252
            private final Button btnEdit = new Button("âœ?ï¸? Prix");
                                                         ^
C:\Users\barra\Desktop\Ryan\Perso\JavaProjects\BudgetApp\BudgetApp.java:235: error: unmappable character (0x8F) for encoding windows-1252
            private final Button btnEdit = new Button("âœ?ï¸? Prix");
                                                            ^
2026.01.13 13:44:23 INFO  no build target found for C:\Users\barra\Desktop\Ryan\Perso\JavaProjects\BudgetApp\BudgetApp.java. Using fallback presentation compiler.
2026.01.13 13:44:25 INFO  no build target found for C:\Users\barra\Desktop\Ryan\Perso\JavaProjects\BudgetApp\BudgetApp.java. Using fallback presentation compiler.
2026.01.13 13:44:25 INFO  no build target found for C:\Users\barra\Desktop\Ryan\Perso\JavaProjects\BudgetApp\BudgetApp.java. Using fallback presentation compiler.
2026.01.13 13:44:26 INFO  no build target found for C:\Users\barra\Desktop\Ryan\Perso\JavaProjects\BudgetApp\BudgetApp.java. Using fallback presentation compiler.
2026.01.13 13:44:26 INFO  no build target found for C:\Users\barra\Desktop\Ryan\Perso\JavaProjects\BudgetApp\BudgetApp.java. Using fallback presentation compiler.
C:\Users\barra\Desktop\Ryan\Perso\JavaProjects\BudgetApp\BudgetApp.java:73: error: unmappable character (0x8F) for encoding windows-1252
        Button btnNouveauMois = new Button("ðŸ—“ï¸? Nouveau Mois");
                                                  ^
C:\Users\barra\Desktop\Ryan\Perso\JavaProjects\BudgetApp\BudgetApp.java:203: error: unmappable character (0x90) for encoding windows-1252
                    setText(item ? "â­? Oui" : "Non");
                                      ^
C:\Users\barra\Desktop\Ryan\Perso\JavaProjects\BudgetApp\BudgetApp.java:212: error: unmappable character (0x8F) for encoding windows-1252
            private final Button btnSuppr = new Button("ðŸ—‘ï¸? Supprimer");
                                                              ^
C:\Users\barra\Desktop\Ryan\Perso\JavaProjects\BudgetApp\BudgetApp.java:235: error: unmappable character (0x8F) for encoding windows-1252
            private final Button btnEdit = new Button("âœ?ï¸? Prix");
                                                         ^
C:\Users\barra\Desktop\Ryan\Perso\JavaProjects\BudgetApp\BudgetApp.java:235: error: unmappable character (0x8F) for encoding windows-1252
            private final Button btnEdit = new Button("âœ?ï¸? Prix");
                                                            ^
2026.01.13 13:44:26 INFO  no build target found for C:\Users\barra\Desktop\Ryan\Perso\JavaProjects\BudgetApp\BudgetApp.java. Using fallback presentation compiler.
2026.01.13 13:44:26 INFO  no build target found for C:\Users\barra\Desktop\Ryan\Perso\JavaProjects\BudgetApp\BudgetApp.java. Using fallback presentation compiler.
2026.01.13 13:44:27 INFO  no build target found for C:\Users\barra\Desktop\Ryan\Perso\JavaProjects\BudgetApp\BudgetApp.java. Using fallback presentation compiler.
2026.01.13 13:44:27 INFO  no build target found for C:\Users\barra\Desktop\Ryan\Perso\JavaProjects\BudgetApp\BudgetApp.java. Using fallback presentation compiler.
C:\Users\barra\Desktop\Ryan\Perso\JavaProjects\BudgetApp\BudgetApp.java:73: error: unmappable character (0x8F) for encoding windows-1252
        Button btnNouveauMois = new Button("ðŸ—“ï¸? Nouveau Mois");
                                                  ^
C:\Users\barra\Desktop\Ryan\Perso\JavaProjects\BudgetApp\BudgetApp.java:203: error: unmappable character (0x90) for encoding windows-1252
                    setText(item ? "â­? Oui" : "Non");
                                      ^
C:\Users\barra\Desktop\Ryan\Perso\JavaProjects\BudgetApp\BudgetApp.java:212: error: unmappable character (0x8F) for encoding windows-1252
            private final Button btnSuppr = new Button("ðŸ—‘ï¸? Supprimer");
                                                              ^
C:\Users\barra\Desktop\Ryan\Perso\JavaProjects\BudgetApp\BudgetApp.java:235: error: unmappable character (0x8F) for encoding windows-1252
            private final Button btnEdit = new Button("âœ?ï¸? Prix");
                                                         ^
C:\Users\barra\Desktop\Ryan\Perso\JavaProjects\BudgetApp\BudgetApp.java:235: error: unmappable character (0x8F) for encoding windows-1252
            private final Button btnEdit = new Button("âœ?ï¸? Prix");
                                                            ^
2026.01.13 13:44:27 INFO  no build target found for C:\Users\barra\Desktop\Ryan\Perso\JavaProjects\BudgetApp\BudgetApp.java. Using fallback presentation compiler.
janv. 13, 2026 1:44:28 PM org.eclipse.lsp4j.jsonrpc.RemoteEndpoint handleCancellation
WARNING: Unmatched cancel notification for request id 416
2026.01.13 13:44:27 INFO  no build target found for C:\Users\barra\Desktop\Ryan\Perso\JavaProjects\BudgetApp\BudgetApp.java. Using fallback presentation compiler.
2026.01.13 13:44:27 INFO  no build target found for C:\Users\barra\Desktop\Ryan\Perso\JavaProjects\BudgetApp\BudgetApp.java. Using fallback presentation compiler.
2026.01.13 13:44:28 INFO  no build target found for C:\Users\barra\Desktop\Ryan\Perso\JavaProjects\BudgetApp\BudgetApp.java. Using fallback presentation compiler.
C:\Users\barra\Desktop\Ryan\Perso\JavaProjects\BudgetApp\BudgetApp.java:73: error: unmappable character (0x8F) for encoding windows-1252
        Button btnNouveauMois = new Button("ðŸ—“ï¸? Nouveau Mois");
                                                  ^
C:\Users\barra\Desktop\Ryan\Perso\JavaProjects\BudgetApp\BudgetApp.java:203: error: unmappable character (0x90) for encoding windows-1252
                    setText(item ? "â­? Oui" : "Non");
                                      ^
C:\Users\barra\Desktop\Ryan\Perso\JavaProjects\BudgetApp\BudgetApp.java:212: error: unmappable character (0x8F) for encoding windows-1252
            private final Button btnSuppr = new Button("ðŸ—‘ï¸? Supprimer");
                                                              ^
C:\Users\barra\Desktop\Ryan\Perso\JavaProjects\BudgetApp\BudgetApp.java:235: error: unmappable character (0x8F) for encoding windows-1252
            private final Button btnEdit = new Button("âœ?ï¸? Prix");
                                                         ^
C:\Users\barra\Desktop\Ryan\Perso\JavaProjects\BudgetApp\BudgetApp.java:235: error: unmappable character (0x8F) for encoding windows-1252
            private final Button btnEdit = new Button("âœ?ï¸? Prix");
                                                            ^
2026.01.13 13:44:29 INFO  no build target found for C:\Users\barra\Desktop\Ryan\Perso\JavaProjects\BudgetApp\BudgetApp.java. Using fallback presentation compiler.
2026.01.13 13:44:29 WARN  no build target for: C:\Users\barra\Desktop\Ryan\Perso\JavaProjects\BudgetApp\BudgetApp.java
2026.01.13 13:44:29 INFO  no build target found for C:\Users\barra\Desktop\Ryan\Perso\JavaProjects\BudgetApp\BudgetApp.java. Using fallback presentation compiler.
2026.01.13 13:44:30 INFO  no build target found for C:\Users\barra\Desktop\Ryan\Perso\JavaProjects\BudgetApp\BudgetApp.java. Using fallback presentation compiler.
2026.01.13 13:46:01 INFO  no build target found for C:\Users\barra\Desktop\Ryan\Perso\JavaProjects\BudgetApp\BudgetApp.java. Using fallback presentation compiler.
2026.01.13 13:46:01 INFO  no build target found for C:\Users\barra\Desktop\Ryan\Perso\JavaProjects\BudgetApp\BudgetApp.java. Using fallback presentation compiler.
2026.01.13 13:46:02 INFO  no build target found for C:\Users\barra\Desktop\Ryan\Perso\JavaProjects\BudgetApp\BudgetApp.java. Using fallback presentation compiler.
2026.01.13 13:46:02 INFO  no build target found for C:\Users\barra\Desktop\Ryan\Perso\JavaProjects\BudgetApp\BudgetApp.java. Using fallback presentation compiler.
2026.01.13 13:46:03 INFO  no build target found for C:\Users\barra\Desktop\Ryan\Perso\JavaProjects\BudgetApp\BudgetApp.java. Using fallback presentation compiler.
C:\Users\barra\Desktop\Ryan\Perso\JavaProjects\BudgetApp\BudgetApp.java:73: error: unmappable character (0x8F) for encoding windows-1252
        Button btnNouveauMois = new Button("ðŸ—“ï¸? Nouveau Mois");
                                                  ^
C:\Users\barra\Desktop\Ryan\Perso\JavaProjects\BudgetApp\BudgetApp.java:203: error: unmappable character (0x90) for encoding windows-1252
                    setText(item ? "â­? Oui" : "Non");
                                      ^
C:\Users\barra\Desktop\Ryan\Perso\JavaProjects\BudgetApp\BudgetApp.java:212: error: unmappable character (0x8F) for encoding windows-1252
            private final Button btnSuppr = new Button("ðŸ—‘ï¸? Supprimer");
                                                              ^
C:\Users\barra\Desktop\Ryan\Perso\JavaProjects\BudgetApp\BudgetApp.java:235: error: unmappable character (0x8F) for encoding windows-1252
            private final Button btnEdit = new Button("âœ?ï¸? Prix");
                                                         ^
C:\Users\barra\Desktop\Ryan\Perso\JavaProjects\BudgetApp\BudgetApp.java:235: error: unmappable character (0x8F) for encoding windows-1252
            private final Button btnEdit = new Button("âœ?ï¸? Prix");
                                                            ^
2026.01.13 13:46:02 INFO  no build target found for C:\Users\barra\Desktop\Ryan\Perso\JavaProjects\BudgetApp\BudgetApp.java. Using fallback presentation compiler.
2026.01.13 13:46:04 INFO  no build target found for C:\Users\barra\Desktop\Ryan\Perso\JavaProjects\BudgetApp\BudgetApp.java. Using fallback presentation compiler.
2026.01.13 13:46:04 INFO  no build target found for C:\Users\barra\Desktop\Ryan\Perso\JavaProjects\BudgetApp\BudgetApp.java. Using fallback presentation compiler.
2026.01.13 13:46:04 INFO  no build target found for C:\Users\barra\Desktop\Ryan\Perso\JavaProjects\BudgetApp\BudgetApp.java. Using fallback presentation compiler.
C:\Users\barra\Desktop\Ryan\Perso\JavaProjects\BudgetApp\BudgetApp.java:73: error: unmappable character (0x8F) for encoding windows-1252
        Button btnNouveauMois = new Button("ðŸ—“ï¸? Nouveau Mois");
                                                  ^
C:\Users\barra\Desktop\Ryan\Perso\JavaProjects\BudgetApp\BudgetApp.java:203: error: unmappable character (0x90) for encoding windows-1252
                    setText(item ? "â­? Oui" : "Non");
                                      ^
C:\Users\barra\Desktop\Ryan\Perso\JavaProjects\BudgetApp\BudgetApp.java:212: error: unmappable character (0x8F) for encoding windows-1252
            private final Button btnSuppr = new Button("ðŸ—‘ï¸? Supprimer");
                                                              ^
C:\Users\barra\Desktop\Ryan\Perso\JavaProjects\BudgetApp\BudgetApp.java:235: error: unmappable character (0x8F) for encoding windows-1252
            private final Button btnEdit = new Button("âœ?ï¸? Prix");
                                                         ^
C:\Users\barra\Desktop\Ryan\Perso\JavaProjects\BudgetApp\BudgetApp.java:235: error: unmappable character (0x8F) for encoding windows-1252
            private final Button btnEdit = new Button("âœ?ï¸? Prix");
                                                            ^
2026.01.13 13:46:04 INFO  no build target found for C:\Users\barra\Desktop\Ryan\Perso\JavaProjects\BudgetApp\BudgetApp.java. Using fallback presentation compiler.
2026.01.13 13:46:05 WARN  no build target for: C:\Users\barra\Desktop\Ryan\Perso\JavaProjects\BudgetApp\BudgetApp.java
2026.01.13 13:46:05 INFO  no build target found for C:\Users\barra\Desktop\Ryan\Perso\JavaProjects\BudgetApp\BudgetApp.java. Using fallback presentation compiler.
2026.01.13 13:46:06 INFO  no build target found for C:\Users\barra\Desktop\Ryan\Perso\JavaProjects\BudgetApp\BudgetApp.java. Using fallback presentation compiler.
2026.01.13 13:47:24 INFO  no build target found for C:\Users\barra\Desktop\Ryan\Perso\JavaProjects\BudgetApp\BudgetApp.java. Using fallback presentation compiler.
2026.01.13 13:47:28 INFO  no build target found for C:\Users\barra\Desktop\Ryan\Perso\JavaProjects\BudgetApp\BudgetApp.java. Using fallback presentation compiler.
2026.01.13 13:47:32 INFO  no build target found for C:\Users\barra\Desktop\Ryan\Perso\JavaProjects\BudgetApp\BudgetApp.java. Using fallback presentation compiler.
2026.01.13 13:47:32 INFO  no build target found for C:\Users\barra\Desktop\Ryan\Perso\JavaProjects\BudgetApp\BudgetApp.java. Using fallback presentation compiler.
2026.01.13 13:47:32 INFO  no build target found for C:\Users\barra\Desktop\Ryan\Perso\JavaProjects\BudgetApp\BudgetApp.java. Using fallback presentation compiler.
2026.01.13 13:47:33 INFO  no build target found for C:\Users\barra\Desktop\Ryan\Perso\JavaProjects\BudgetApp\BudgetApp.java. Using fallback presentation compiler.
2026.01.13 13:47:33 INFO  no build target found for C:\Users\barra\Desktop\Ryan\Perso\JavaProjects\BudgetApp\BudgetApp.java. Using fallback presentation compiler.
2026.01.13 13:47:37 INFO  no build target found for C:\Users\barra\Desktop\Ryan\Perso\JavaProjects\BudgetApp\BudgetApp.java. Using fallback presentation compiler.
2026.01.13 13:47:37 INFO  no build target found for C:\Users\barra\Desktop\Ryan\Perso\JavaProjects\BudgetApp\BudgetApp.java. Using fallback presentation compiler.
2026.01.13 13:47:37 INFO  no build target found for C:\Users\barra\Desktop\Ryan\Perso\JavaProjects\BudgetApp\BudgetApp.java. Using fallback presentation compiler.
2026.01.13 13:47:39 INFO  no build target found for C:\Users\barra\Desktop\Ryan\Perso\JavaProjects\BudgetApp\BudgetApp.java. Using fallback presentation compiler.
2026.01.13 13:47:39 INFO  no build target found for C:\Users\barra\Desktop\Ryan\Perso\JavaProjects\BudgetApp\BudgetApp.java. Using fallback presentation compiler.
2026.01.13 13:47:41 INFO  no build target found for C:\Users\barra\Desktop\Ryan\Perso\JavaProjects\BudgetApp\BudgetApp.java. Using fallback presentation compiler.
2026.01.13 13:47:41 INFO  no build target found for C:\Users\barra\Desktop\Ryan\Perso\JavaProjects\BudgetApp\BudgetApp.java. Using fallback presentation compiler.
2026.01.13 13:47:41 INFO  no build target found for C:\Users\barra\Desktop\Ryan\Perso\JavaProjects\BudgetApp\BudgetApp.java. Using fallback presentation compiler.
2026.01.13 13:47:44 INFO  no build target found for C:\Users\barra\Desktop\Ryan\Perso\JavaProjects\BudgetApp\BudgetApp.java. Using fallback presentation compiler.
2026.01.13 13:47:44 INFO  no build target found for C:\Users\barra\Desktop\Ryan\Perso\JavaProjects\BudgetApp\BudgetApp.java. Using fallback presentation compiler.
2026.01.13 13:47:45 INFO  no build target found for C:\Users\barra\Desktop\Ryan\Perso\JavaProjects\BudgetApp\BudgetApp.java. Using fallback presentation compiler.
C:\Users\barra\Desktop\Ryan\Perso\JavaProjects\BudgetApp\BudgetApp.java:73: error: unmappable character (0x8F) for encoding windows-1252
        Button btnNouveauMois = new Button("ðŸ—“ï¸? Nouveau Mois");
                                                  ^
C:\Users\barra\Desktop\Ryan\Perso\JavaProjects\BudgetApp\BudgetApp.java:203: error: unmappable character (0x90) for encoding windows-1252
                    setText(item ? "â­? Oui" : "Non");
                                      ^
C:\Users\barra\Desktop\Ryan\Perso\JavaProjects\BudgetApp\BudgetApp.java:212: error: unmappable character (0x8F) for encoding windows-1252
            private final Button btnSuppr = new Button("ðŸ—‘ï¸? Supprimer");
                                                              ^
C:\Users\barra\Desktop\Ryan\Perso\JavaProjects\BudgetApp\BudgetApp.java:235: error: unmappable character (0x8F) for encoding windows-1252
            private final Button btnEdit = new Button("âœ?ï¸? Prix");
                                                         ^
C:\Users\barra\Desktop\Ryan\Perso\JavaProjects\BudgetApp\BudgetApp.java:235: error: unmappable character (0x8F) for encoding windows-1252
            private final Button btnEdit = new Button("âœ?ï¸? Prix");
                                                            ^
2026.01.13 13:47:44 INFO  no build target found for C:\Users\barra\Desktop\Ryan\Perso\JavaProjects\BudgetApp\BudgetApp.java. Using fallback presentation compiler.
2026.01.13 13:47:47 INFO  no build target found for C:\Users\barra\Desktop\Ryan\Perso\JavaProjects\BudgetApp\BudgetApp.java. Using fallback presentation compiler.
2026.01.13 13:47:47 INFO  no build target found for C:\Users\barra\Desktop\Ryan\Perso\JavaProjects\BudgetApp\BudgetApp.java. Using fallback presentation compiler.
2026.01.13 13:47:48 INFO  no build target found for C:\Users\barra\Desktop\Ryan\Perso\JavaProjects\BudgetApp\BudgetApp.java. Using fallback presentation compiler.
2026.01.13 13:47:47 INFO  no build target found for C:\Users\barra\Desktop\Ryan\Perso\JavaProjects\BudgetApp\BudgetApp.java. Using fallback presentation compiler.
C:\Users\barra\Desktop\Ryan\Perso\JavaProjects\BudgetApp\BudgetApp.java:73: error: unmappable character (0x8F) for encoding windows-1252
        Button btnNouveauMois = new Button("ðŸ—“ï¸? Nouveau Mois");
                                                  ^
C:\Users\barra\Desktop\Ryan\Perso\JavaProjects\BudgetApp\BudgetApp.java:203: error: unmappable character (0x90) for encoding windows-1252
                    setText(item ? "â­? Oui" : "Non");
                                      ^
C:\Users\barra\Desktop\Ryan\Perso\JavaProjects\BudgetApp\BudgetApp.java:212: error: unmappable character (0x8F) for encoding windows-1252
            private final Button btnSuppr = new Button("ðŸ—‘ï¸? Supprimer");
                                                              ^
C:\Users\barra\Desktop\Ryan\Perso\JavaProjects\BudgetApp\BudgetApp.java:235: error: unmappable character (0x8F) for encoding windows-1252
            private final Button btnEdit = new Button("âœ?ï¸? Prix");
                                                         ^
C:\Users\barra\Desktop\Ryan\Perso\JavaProjects\BudgetApp\BudgetApp.java:235: error: unmappable character (0x8F) for encoding windows-1252
            private final Button btnEdit = new Button("âœ?ï¸? Prix");
                                                            ^
2026.01.13 13:47:47 INFO  no build target found for C:\Users\barra\Desktop\Ryan\Perso\JavaProjects\BudgetApp\BudgetApp.java. Using fallback presentation compiler.
2026.01.13 13:47:53 WARN  no build target for: C:\Users\barra\Desktop\Ryan\Perso\JavaProjects\BudgetApp\BudgetApp.java
2026.01.13 13:47:53 INFO  no build target found for C:\Users\barra\Desktop\Ryan\Perso\JavaProjects\BudgetApp\BudgetApp.java. Using fallback presentation compiler.
2026.01.13 13:47:54 INFO  no build target found for C:\Users\barra\Desktop\Ryan\Perso\JavaProjects\BudgetApp\BudgetApp.java. Using fallback presentation compiler.
2026.01.13 13:47:57 INFO  no build target found for C:\Users\barra\Desktop\Ryan\Perso\JavaProjects\BudgetApp\BudgetApp.java. Using fallback presentation compiler.
2026.01.13 13:47:57 INFO  no build target found for C:\Users\barra\Desktop\Ryan\Perso\JavaProjects\BudgetApp\BudgetApp.java. Using fallback presentation compiler.
2026.01.13 13:47:58 INFO  no build target found for C:\Users\barra\Desktop\Ryan\Perso\JavaProjects\BudgetApp\BudgetApp.java. Using fallback presentation compiler.
2026.01.13 13:47:58 INFO  no build target found for C:\Users\barra\Desktop\Ryan\Perso\JavaProjects\BudgetApp\BudgetApp.java. Using fallback presentation compiler.
2026.01.13 13:47:58 INFO  no build target found for C:\Users\barra\Desktop\Ryan\Perso\JavaProjects\BudgetApp\BudgetApp.java. Using fallback presentation compiler.
C:\Users\barra\Desktop\Ryan\Perso\JavaProjects\BudgetApp\BudgetApp.java:73: error: unmappable character (0x8F) for encoding windows-1252
        Button btnNouveauMois = new Button("ðŸ—“ï¸? Nouveau Mois");
                                                  ^
C:\Users\barra\Desktop\Ryan\Perso\JavaProjects\BudgetApp\BudgetApp.java:203: error: unmappable character (0x90) for encoding windows-1252
                    setText(item ? "â­? Oui" : "Non");
                                      ^
C:\Users\barra\Desktop\Ryan\Perso\JavaProjects\BudgetApp\BudgetApp.java:212: error: unmappable character (0x8F) for encoding windows-1252
            private final Button btnSuppr = new Button("ðŸ—‘ï¸? Supprimer");
                                                              ^
C:\Users\barra\Desktop\Ryan\Perso\JavaProjects\BudgetApp\BudgetApp.java:235: error: unmappable character (0x8F) for encoding windows-1252
            private final Button btnEdit = new Button("âœ?ï¸? Prix");
                                                         ^
C:\Users\barra\Desktop\Ryan\Perso\JavaProjects\BudgetApp\BudgetApp.java:235: error: unmappable character (0x8F) for encoding windows-1252
            private final Button btnEdit = new Button("âœ?ï¸? Prix");
                                                            ^
2026.01.13 13:47:58 INFO  no build target found for C:\Users\barra\Desktop\Ryan\Perso\JavaProjects\BudgetApp\BudgetApp.java. Using fallback presentation compiler.
2026.01.13 13:48:04 INFO  no build target found for C:\Users\barra\Desktop\Ryan\Perso\JavaProjects\BudgetApp\BudgetApp.java. Using fallback presentation compiler.
2026.01.13 13:48:07 INFO  no build target found for C:\Users\barra\Desktop\Ryan\Perso\JavaProjects\BudgetApp\BudgetApp.java. Using fallback presentation compiler.
2026.01.13 13:48:07 INFO  no build target found for C:\Users\barra\Desktop\Ryan\Perso\JavaProjects\BudgetApp\BudgetApp.java. Using fallback presentation compiler.
2026.01.13 13:48:07 INFO  no build target found for C:\Users\barra\Desktop\Ryan\Perso\JavaProjects\BudgetApp\BudgetApp.java. Using fallback presentation compiler.
2026.01.13 13:48:08 INFO  no build target found for C:\Users\barra\Desktop\Ryan\Perso\JavaProjects\BudgetApp\BudgetApp.java. Using fallback presentation compiler.
2026.01.13 13:48:08 INFO  no build target found for C:\Users\barra\Desktop\Ryan\Perso\JavaProjects\BudgetApp\BudgetApp.java. Using fallback presentation compiler.
2026.01.13 13:48:09 INFO  no build target found for C:\Users\barra\Desktop\Ryan\Perso\JavaProjects\BudgetApp\BudgetApp.java. Using fallback presentation compiler.
2026.01.13 13:48:09 INFO  no build target found for C:\Users\barra\Desktop\Ryan\Perso\JavaProjects\BudgetApp\BudgetApp.java. Using fallback presentation compiler.
2026.01.13 13:48:09 INFO  no build target found for C:\Users\barra\Desktop\Ryan\Perso\JavaProjects\BudgetApp\BudgetApp.java. Using fallback presentation compiler.
2026.01.13 13:48:10 INFO  no build target found for C:\Users\barra\Desktop\Ryan\Perso\JavaProjects\BudgetApp\BudgetApp.java. Using fallback presentation compiler.
2026.01.13 13:48:10 INFO  no build target found for C:\Users\barra\Desktop\Ryan\Perso\JavaProjects\BudgetApp\BudgetApp.java. Using fallback presentation compiler.
C:\Users\barra\Desktop\Ryan\Perso\JavaProjects\BudgetApp\BudgetApp.java:73: error: unmappable character (0x8F) for encoding windows-1252
        Button btnNouveauMois = new Button("ðŸ—“ï¸? Nouveau Mois");
                                                  ^
C:\Users\barra\Desktop\Ryan\Perso\JavaProjects\BudgetApp\BudgetApp.java:203: error: unmappable character (0x90) for encoding windows-1252
                    setText(item ? "â­? Oui" : "Non");
                                      ^
C:\Users\barra\Desktop\Ryan\Perso\JavaProjects\BudgetApp\BudgetApp.java:212: error: unmappable character (0x8F) for encoding windows-1252
            private final Button btnSuppr = new Button("ðŸ—‘ï¸? Supprimer");
                                                              ^
C:\Users\barra\Desktop\Ryan\Perso\JavaProjects\BudgetApp\BudgetApp.java:235: error: unmappable character (0x8F) for encoding windows-1252
            private final Button btnEdit = new Button("âœ?ï¸? Prix");
                                                         ^
C:\Users\barra\Desktop\Ryan\Perso\JavaProjects\BudgetApp\BudgetApp.java:235: error: unmappable character (0x8F) for encoding windows-1252
            private final Button btnEdit = new Button("âœ?ï¸? Prix");
                                                            ^
2026.01.13 13:48:10 INFO  no build target found for C:\Users\barra\Desktop\Ryan\Perso\JavaProjects\BudgetApp\BudgetApp.java. Using fallback presentation compiler.
2026.01.13 13:48:11 INFO  no build target found for C:\Users\barra\Desktop\Ryan\Perso\JavaProjects\BudgetApp\BudgetApp.java. Using fallback presentation compiler.
2026.01.13 13:48:11 INFO  no build target found for C:\Users\barra\Desktop\Ryan\Perso\JavaProjects\BudgetApp\BudgetApp.java. Using fallback presentation compiler.
2026.01.13 13:48:12 WARN  no build target for: C:\Users\barra\Desktop\Ryan\Perso\JavaProjects\BudgetApp\BudgetApp.java
2026.01.13 13:48:12 INFO  no build target found for C:\Users\barra\Desktop\Ryan\Perso\JavaProjects\BudgetApp\BudgetApp.java. Using fallback presentation compiler.
2026.01.13 13:48:11 INFO  Created report: Optional[file:///C:/Users/barra/Desktop/Ryan/Perso/JavaProjects/BudgetApp/BudgetApp.java]
2026.01.13 13:48:11 INFO  empty definition using pc, found symbol in pc: _empty_/TextField# (full report at: "C:\Users\barra\Desktop\Ryan\Perso\JavaProjects\BudgetApp\.metals\.reports\metals-full\2026-01-13\r_empty-definition_13-48-12-560.md")
2026.01.13 13:48:13 INFO  no build target found for C:\Users\barra\Desktop\Ryan\Perso\JavaProjects\BudgetApp\BudgetApp.java. Using fallback presentation compiler.
2026.01.13 13:48:16 INFO  no build target found for C:\Users\barra\Desktop\Ryan\Perso\JavaProjects\BudgetApp\BudgetApp.java. Using fallback presentation compiler.
2026.01.13 13:48:16 INFO  no build target found for C:\Users\barra\Desktop\Ryan\Perso\JavaProjects\BudgetApp\BudgetApp.java. Using fallback presentation compiler.
2026.01.13 13:48:19 INFO  no build target found for C:\Users\barra\Desktop\Ryan\Perso\JavaProjects\BudgetApp\BudgetApp.java. Using fallback presentation compiler.
2026.01.13 13:48:19 INFO  no build target found for C:\Users\barra\Desktop\Ryan\Perso\JavaProjects\BudgetApp\BudgetApp.java. Using fallback presentation compiler.
2026.01.13 13:48:19 INFO  no build target found for C:\Users\barra\Desktop\Ryan\Perso\JavaProjects\BudgetApp\BudgetApp.java. Using fallback presentation compiler.
2026.01.13 13:48:21 INFO  no build target found for C:\Users\barra\Desktop\Ryan\Perso\JavaProjects\BudgetApp\BudgetApp.java. Using fallback presentation compiler.
2026.01.13 13:48:21 INFO  no build target found for C:\Users\barra\Desktop\Ryan\Perso\JavaProjects\BudgetApp\BudgetApp.java. Using fallback presentation compiler.
2026.01.13 13:48:21 INFO  no build target found for C:\Users\barra\Desktop\Ryan\Perso\JavaProjects\BudgetApp\BudgetApp.java. Using fallback presentation compiler.
2026.01.13 13:48:22 INFO  no build target found for C:\Users\barra\Desktop\Ryan\Perso\JavaProjects\BudgetApp\BudgetApp.java. Using fallback presentation compiler.
2026.01.13 13:48:24 INFO  no build target found for C:\Users\barra\Desktop\Ryan\Perso\JavaProjects\BudgetApp\BudgetApp.java. Using fallback presentation compiler.
2026.01.13 13:48:24 INFO  no build target found for C:\Users\barra\Desktop\Ryan\Perso\JavaProjects\BudgetApp\BudgetApp.java. Using fallback presentation compiler.
2026.01.13 13:48:24 INFO  no build target found for C:\Users\barra\Desktop\Ryan\Perso\JavaProjects\BudgetApp\BudgetApp.java. Using fallback presentation compiler.
2026.01.13 13:48:24 INFO  no build target found for C:\Users\barra\Desktop\Ryan\Perso\JavaProjects\BudgetApp\BudgetApp.java. Using fallback presentation compiler.
C:\Users\barra\Desktop\Ryan\Perso\JavaProjects\BudgetApp\BudgetApp.java:73: error: unmappable character (0x8F) for encoding windows-1252
        Button btnNouveauMois = new Button("ðŸ—“ï¸? Nouveau Mois");
                                                  ^
C:\Users\barra\Desktop\Ryan\Perso\JavaProjects\BudgetApp\BudgetApp.java:204: error: unmappable character (0x90) for encoding windows-1252
                    setText(item ? "â­? Oui" : "Non");
                                      ^
C:\Users\barra\Desktop\Ryan\Perso\JavaProjects\BudgetApp\BudgetApp.java:213: error: unmappable character (0x8F) for encoding windows-1252
            private final Button btnSuppr = new Button("ðŸ—‘ï¸? Supprimer");
                                                              ^
C:\Users\barra\Desktop\Ryan\Perso\JavaProjects\BudgetApp\BudgetApp.java:236: error: unmappable character (0x8F) for encoding windows-1252
            private final Button btnEdit = new Button("âœ?ï¸? Prix");
                                                         ^
C:\Users\barra\Desktop\Ryan\Perso\JavaProjects\BudgetApp\BudgetApp.java:236: error: unmappable character (0x8F) for encoding windows-1252
            private final Button btnEdit = new Button("âœ?ï¸? Prix");
                                                            ^
2026.01.13 13:48:24 INFO  no build target found for C:\Users\barra\Desktop\Ryan\Perso\JavaProjects\BudgetApp\BudgetApp.java. Using fallback presentation compiler.
2026.01.13 13:48:25 WARN  no build target for: C:\Users\barra\Desktop\Ryan\Perso\JavaProjects\BudgetApp\BudgetApp.java
2026.01.13 13:48:25 INFO  no build target found for C:\Users\barra\Desktop\Ryan\Perso\JavaProjects\BudgetApp\BudgetApp.java. Using fallback presentation compiler.
2026.01.13 13:48:26 INFO  no build target found for C:\Users\barra\Desktop\Ryan\Perso\JavaProjects\BudgetApp\BudgetApp.java. Using fallback presentation compiler.
2026.01.13 13:48:26 INFO  no build target found for C:\Users\barra\Desktop\Ryan\Perso\JavaProjects\BudgetApp\BudgetApp.java. Using fallback presentation compiler.
2026.01.13 13:48:26 INFO  no build target found for C:\Users\barra\Desktop\Ryan\Perso\JavaProjects\BudgetApp\BudgetApp.java. Using fallback presentation compiler.
2026.01.13 13:48:26 WARN  no build target for: C:\Users\barra\Desktop\Ryan\Perso\JavaProjects\BudgetApp\BudgetApp.java
2026.01.13 13:48:26 INFO  no build target found for C:\Users\barra\Desktop\Ryan\Perso\JavaProjects\BudgetApp\BudgetApp.java. Using fallback presentation compiler.
C:\Users\barra\Desktop\Ryan\Perso\JavaProjects\BudgetApp\BudgetApp.java:73: error: unmappable character (0x8F) for encoding windows-1252
        Button btnNouveauMois = new Button("ðŸ—“ï¸? Nouveau Mois");
                                                  ^
C:\Users\barra\Desktop\Ryan\Perso\JavaProjects\BudgetApp\BudgetApp.java:204: error: unmappable character (0x90) for encoding windows-1252
                    setText(item ? "â­? Oui" : "Non");
                                      ^
C:\Users\barra\Desktop\Ryan\Perso\JavaProjects\BudgetApp\BudgetApp.java:213: error: unmappable character (0x8F) for encoding windows-1252
            private final Button btnSuppr = new Button("ðŸ—‘ï¸? Supprimer");
                                                              ^
C:\Users\barra\Desktop\Ryan\Perso\JavaProjects\BudgetApp\BudgetApp.java:236: error: unmappable character (0x8F) for encoding windows-1252
            private final Button btnEdit = new Button("âœ?ï¸? Prix");
                                                         ^
C:\Users\barra\Desktop\Ryan\Perso\JavaProjects\BudgetApp\BudgetApp.java:236: error: unmappable character (0x8F) for encoding windows-1252
            private final Button btnEdit = new Button("âœ?ï¸? Prix");
                                                            ^
2026.01.13 13:48:26 INFO  no build target found for C:\Users\barra\Desktop\Ryan\Perso\JavaProjects\BudgetApp\BudgetApp.java. Using fallback presentation compiler.
2026.01.13 13:48:26 INFO  no build target found for C:\Users\barra\Desktop\Ryan\Perso\JavaProjects\BudgetApp\BudgetApp.java. Using fallback presentation compiler.
2026.01.13 13:48:27 INFO  no build target found for C:\Users\barra\Desktop\Ryan\Perso\JavaProjects\BudgetApp\BudgetApp.java. Using fallback presentation compiler.
2026.01.13 13:48:34 INFO  no build target found for C:\Users\barra\Desktop\Ryan\Perso\JavaProjects\BudgetApp\BudgetApp.java. Using fallback presentation compiler.
2026.01.13 13:48:37 INFO  no build target found for C:\Users\barra\Desktop\Ryan\Perso\JavaProjects\BudgetApp\BudgetApp.java. Using fallback presentation compiler.
2026.01.13 13:48:37 INFO  no build target found for C:\Users\barra\Desktop\Ryan\Perso\JavaProjects\BudgetApp\BudgetApp.java. Using fallback presentation compiler.
2026.01.13 13:48:39 INFO  no build target found for C:\Users\barra\Desktop\Ryan\Perso\JavaProjects\BudgetApp\BudgetApp.java. Using fallback presentation compiler.
2026.01.13 13:48:39 INFO  no build target found for C:\Users\barra\Desktop\Ryan\Perso\JavaProjects\BudgetApp\BudgetApp.java. Using fallback presentation compiler.
2026.01.13 13:48:43 INFO  no build target found for C:\Users\barra\Desktop\Ryan\Perso\JavaProjects\BudgetApp\BudgetApp.java. Using fallback presentation compiler.
2026.01.13 13:48:44 INFO  no build target found for C:\Users\barra\Desktop\Ryan\Perso\JavaProjects\BudgetApp\BudgetApp.java. Using fallback presentation compiler.
2026.01.13 13:48:47 INFO  no build target found for C:\Users\barra\Desktop\Ryan\Perso\JavaProjects\BudgetApp\BudgetApp.java. Using fallback presentation compiler.
2026.01.13 13:48:54 INFO  no build target found for C:\Users\barra\Desktop\Ryan\Perso\JavaProjects\BudgetApp\BudgetApp.java. Using fallback presentation compiler.
2026.01.13 13:48:54 INFO  no build target found for C:\Users\barra\Desktop\Ryan\Perso\JavaProjects\BudgetApp\BudgetApp.java. Using fallback presentation compiler.
2026.01.13 13:48:54 INFO  no build target found for C:\Users\barra\Desktop\Ryan\Perso\JavaProjects\BudgetApp\BudgetApp.java. Using fallback presentation compiler.
C:\Users\barra\Desktop\Ryan\Perso\JavaProjects\BudgetApp\BudgetApp.java:73: error: unmappable character (0x8F) for encoding windows-1252
        Button btnNouveauMois = new Button("ðŸ—“ï¸? Nouveau Mois");
                                                  ^
C:\Users\barra\Desktop\Ryan\Perso\JavaProjects\BudgetApp\BudgetApp.java:204: error: unmappable character (0x90) for encoding windows-1252
                    setText(item ? "â­? Oui" : "Non");
                                      ^
C:\Users\barra\Desktop\Ryan\Perso\JavaProjects\BudgetApp\BudgetApp.java:213: error: unmappable character (0x8F) for encoding windows-1252
            private final Button btnSuppr = new Button("ðŸ—‘ï¸? Supprimer");
                                                              ^
C:\Users\barra\Desktop\Ryan\Perso\JavaProjects\BudgetApp\BudgetApp.java:236: error: unmappable character (0x8F) for encoding windows-1252
            private final Button btnEdit = new Button("âœ?ï¸? Prix");
                                                         ^
C:\Users\barra\Desktop\Ryan\Perso\JavaProjects\BudgetApp\BudgetApp.java:236: error: unmappable character (0x8F) for encoding windows-1252
            private final Button btnEdit = new Button("âœ?ï¸? Prix");
                                                            ^
2026.01.13 13:48:54 INFO  no build target found for C:\Users\barra\Desktop\Ryan\Perso\JavaProjects\BudgetApp\BudgetApp.java. Using fallback presentation compiler.
2026.01.13 13:48:57 INFO  no build target found for C:\Users\barra\Desktop\Ryan\Perso\JavaProjects\BudgetApp\BudgetApp.java. Using fallback presentation compiler.
2026.01.13 13:48:58 INFO  no build target found for C:\Users\barra\Desktop\Ryan\Perso\JavaProjects\BudgetApp\BudgetApp.java. Using fallback presentation compiler.
2026.01.13 13:49:00 INFO  no build target found for C:\Users\barra\Desktop\Ryan\Perso\JavaProjects\BudgetApp\BudgetApp.java. Using fallback presentation compiler.
2026.01.13 13:49:02 INFO  no build target found for C:\Users\barra\Desktop\Ryan\Perso\JavaProjects\BudgetApp\BudgetApp.java. Using fallback presentation compiler.
2026.01.13 13:49:04 INFO  no build target found for C:\Users\barra\Desktop\Ryan\Perso\JavaProjects\BudgetApp\BudgetApp.java. Using fallback presentation compiler.
2026.01.13 13:49:06 INFO  no build target found for C:\Users\barra\Desktop\Ryan\Perso\JavaProjects\BudgetApp\BudgetApp.java. Using fallback presentation compiler.
2026.01.13 13:49:06 INFO  no build target found for C:\Users\barra\Desktop\Ryan\Perso\JavaProjects\BudgetApp\BudgetApp.java. Using fallback presentation compiler.
2026.01.13 13:49:06 INFO  no build target found for C:\Users\barra\Desktop\Ryan\Perso\JavaProjects\BudgetApp\BudgetApp.java. Using fallback presentation compiler.
2026.01.13 13:49:07 INFO  no build target found for C:\Users\barra\Desktop\Ryan\Perso\JavaProjects\BudgetApp\BudgetApp.java. Using fallback presentation compiler.
2026.01.13 13:49:07 INFO  no build target found for C:\Users\barra\Desktop\Ryan\Perso\JavaProjects\BudgetApp\BudgetApp.java. Using fallback presentation compiler.
C:\Users\barra\Desktop\Ryan\Perso\JavaProjects\BudgetApp\BudgetApp.java:73: error: unmappable character (0x8F) for encoding windows-1252
        Button btnNouveauMois = new Button("ðŸ—“ï¸? Nouveau Mois");
                                                  ^
C:\Users\barra\Desktop\Ryan\Perso\JavaProjects\BudgetApp\BudgetApp.java:204: error: unmappable character (0x90) for encoding windows-1252
                    setText(item ? "â­? Oui" : "Non");
                                      ^
C:\Users\barra\Desktop\Ryan\Perso\JavaProjects\BudgetApp\BudgetApp.java:213: error: unmappable character (0x8F) for encoding windows-1252
            private final Button btnSuppr = new Button("ðŸ—‘ï¸? Supprimer");
                                                              ^
C:\Users\barra\Desktop\Ryan\Perso\JavaProjects\BudgetApp\BudgetApp.java:236: error: unmappable character (0x8F) for encoding windows-1252
            private final Button btnEdit = new Button("âœ?ï¸? Prix");
                                                         ^
C:\Users\barra\Desktop\Ryan\Perso\JavaProjects\BudgetApp\BudgetApp.java:236: error: unmappable character (0x8F) for encoding windows-1252
            private final Button btnEdit = new Button("âœ?ï¸? Prix");
                                                            ^
2026.01.13 13:49:07 INFO  no build target found for C:\Users\barra\Desktop\Ryan\Perso\JavaProjects\BudgetApp\BudgetApp.java. Using fallback presentation compiler.
2026.01.13 13:49:08 INFO  no build target found for C:\Users\barra\Desktop\Ryan\Perso\JavaProjects\BudgetApp\BudgetApp.java. Using fallback presentation compiler.
2026.01.13 13:49:08 WARN  no build target for: C:\Users\barra\Desktop\Ryan\Perso\JavaProjects\BudgetApp\BudgetApp.java
2026.01.13 13:49:08 INFO  no build target found for C:\Users\barra\Desktop\Ryan\Perso\JavaProjects\BudgetApp\BudgetApp.java. Using fallback presentation compiler.
2026.01.13 13:49:09 INFO  no build target found for C:\Users\barra\Desktop\Ryan\Perso\JavaProjects\BudgetApp\BudgetApp.java. Using fallback presentation compiler.
2026.01.13 13:49:16 INFO  no build target found for C:\Users\barra\Desktop\Ryan\Perso\JavaProjects\BudgetApp\BudgetApp.java. Using fallback presentation compiler.
2026.01.13 13:49:18 INFO  no build target found for C:\Users\barra\Desktop\Ryan\Perso\JavaProjects\BudgetApp\BudgetApp.java. Using fallback presentation compiler.
2026.01.13 13:49:18 INFO  no build target found for C:\Users\barra\Desktop\Ryan\Perso\JavaProjects\BudgetApp\BudgetApp.java. Using fallback presentation compiler.
2026.01.13 13:49:20 INFO  no build target found for C:\Users\barra\Desktop\Ryan\Perso\JavaProjects\BudgetApp\BudgetApp.java. Using fallback presentation compiler.
2026.01.13 13:49:20 INFO  no build target found for C:\Users\barra\Desktop\Ryan\Perso\JavaProjects\BudgetApp\BudgetApp.java. Using fallback presentation compiler.
2026.01.13 13:49:22 INFO  no build target found for C:\Users\barra\Desktop\Ryan\Perso\JavaProjects\BudgetApp\BudgetApp.java. Using fallback presentation compiler.
2026.01.13 13:49:25 INFO  no build target found for C:\Users\barra\Desktop\Ryan\Perso\JavaProjects\BudgetApp\BudgetApp.java. Using fallback presentation compiler.
2026.01.13 13:49:29 INFO  no build target found for C:\Users\barra\Desktop\Ryan\Perso\JavaProjects\BudgetApp\BudgetApp.java. Using fallback presentation compiler.
2026.01.13 13:49:29 INFO  no build target found for C:\Users\barra\Desktop\Ryan\Perso\JavaProjects\BudgetApp\BudgetApp.java. Using fallback presentation compiler.
2026.01.13 13:49:29 INFO  no build target found for C:\Users\barra\Desktop\Ryan\Perso\JavaProjects\BudgetApp\BudgetApp.java. Using fallback presentation compiler.
2026.01.13 13:49:31 INFO  no build target found for C:\Users\barra\Desktop\Ryan\Perso\JavaProjects\BudgetApp\BudgetApp.java. Using fallback presentation compiler.
2026.01.13 13:49:31 INFO  no build target found for C:\Users\barra\Desktop\Ryan\Perso\JavaProjects\BudgetApp\BudgetApp.java. Using fallback presentation compiler.
2026.01.13 13:49:32 INFO  no build target found for C:\Users\barra\Desktop\Ryan\Perso\JavaProjects\BudgetApp\BudgetApp.java. Using fallback presentation compiler.
C:\Users\barra\Desktop\Ryan\Perso\JavaProjects\BudgetApp\BudgetApp.java:73: error: unmappable character (0x8F) for encoding windows-1252
        Button btnNouveauMois = new Button("ðŸ—“ï¸? Nouveau Mois");
                                                  ^
C:\Users\barra\Desktop\Ryan\Perso\JavaProjects\BudgetApp\BudgetApp.java:204: error: unmappable character (0x90) for encoding windows-1252
                    setText(item ? "â­? Oui" : "Non");
                                      ^
C:\Users\barra\Desktop\Ryan\Perso\JavaProjects\BudgetApp\BudgetApp.java:213: error: unmappable character (0x8F) for encoding windows-1252
            private final Button btnSuppr = new Button("ðŸ—‘ï¸?Supprimer");
                                                              ^
C:\Users\barra\Desktop\Ryan\Perso\JavaProjects\BudgetApp\BudgetApp.java:236: error: unmappable character (0x8F) for encoding windows-1252
            private final Button btnEdit = new Button("âœ?ï¸?Prix");
                                                         ^
C:\Users\barra\Desktop\Ryan\Perso\JavaProjects\BudgetApp\BudgetApp.java:236: error: unmappable character (0x8F) for encoding windows-1252
            private final Button btnEdit = new Button("âœ?ï¸?Prix");
                                                            ^
2026.01.13 13:49:31 INFO  no build target found for C:\Users\barra\Desktop\Ryan\Perso\JavaProjects\BudgetApp\BudgetApp.java. Using fallback presentation compiler.
2026.01.13 13:49:33 WARN  no build target for: C:\Users\barra\Desktop\Ryan\Perso\JavaProjects\BudgetApp\BudgetApp.java
2026.01.13 13:49:33 INFO  no build target found for C:\Users\barra\Desktop\Ryan\Perso\JavaProjects\BudgetApp\BudgetApp.java. Using fallback presentation compiler.
2026.01.13 13:49:33 INFO  no build target found for C:\Users\barra\Desktop\Ryan\Perso\JavaProjects\BudgetApp\BudgetApp.java. Using fallback presentation compiler.
2026.01.13 13:49:33 INFO  no build target found for C:\Users\barra\Desktop\Ryan\Perso\JavaProjects\BudgetApp\BudgetApp.java. Using fallback presentation compiler.
2026.01.13 13:49:35 INFO  no build target found for C:\Users\barra\Desktop\Ryan\Perso\JavaProjects\BudgetApp\BudgetApp.java. Using fallback presentation compiler.
2026.01.13 13:49:37 INFO  no build target found for C:\Users\barra\Desktop\Ryan\Perso\JavaProjects\BudgetApp\BudgetApp.java. Using fallback presentation compiler.
2026.01.13 13:49:37 WARN  no build target for: C:\Users\barra\Desktop\Ryan\Perso\JavaProjects\BudgetApp\BudgetApp.java
2026.01.13 13:49:37 INFO  no build target found for C:\Users\barra\Desktop\Ryan\Perso\JavaProjects\BudgetApp\BudgetApp.java. Using fallback presentation compiler.
2026.01.13 13:49:38 INFO  no build target found for C:\Users\barra\Desktop\Ryan\Perso\JavaProjects\BudgetApp\BudgetApp.java. Using fallback presentation compiler.
2026.01.13 13:50:55 INFO  no build target found for C:\Users\barra\Desktop\Ryan\Perso\JavaProjects\BudgetApp\BudgetApp.java. Using fallback presentation compiler.
2026.01.13 13:50:58 INFO  no build target found for C:\Users\barra\Desktop\Ryan\Perso\JavaProjects\BudgetApp\BudgetApp.java. Using fallback presentation compiler.
2026.01.13 13:50:58 INFO  no build target found for C:\Users\barra\Desktop\Ryan\Perso\JavaProjects\BudgetApp\BudgetApp.java. Using fallback presentation compiler.
2026.01.13 13:50:59 INFO  no build target found for C:\Users\barra\Desktop\Ryan\Perso\JavaProjects\BudgetApp\BudgetApp.java. Using fallback presentation compiler.
2026.01.13 13:51:00 INFO  no build target found for C:\Users\barra\Desktop\Ryan\Perso\JavaProjects\BudgetApp\BudgetApp.java. Using fallback presentation compiler.
2026.01.13 13:51:01 INFO  no build target found for C:\Users\barra\Desktop\Ryan\Perso\JavaProjects\BudgetApp\BudgetApp.java. Using fallback presentation compiler.
2026.01.13 13:51:01 INFO  no build target found for C:\Users\barra\Desktop\Ryan\Perso\JavaProjects\BudgetApp\BudgetApp.java. Using fallback presentation compiler.
2026.01.13 13:51:03 INFO  no build target found for C:\Users\barra\Desktop\Ryan\Perso\JavaProjects\BudgetApp\BudgetApp.java. Using fallback presentation compiler.
2026.01.13 13:51:03 INFO  no build target found for C:\Users\barra\Desktop\Ryan\Perso\JavaProjects\BudgetApp\BudgetApp.java. Using fallback presentation compiler.
2026.01.13 13:51:03 INFO  no build target found for C:\Users\barra\Desktop\Ryan\Perso\JavaProjects\BudgetApp\BudgetApp.java. Using fallback presentation compiler.
2026.01.13 13:51:04 INFO  no build target found for C:\Users\barra\Desktop\Ryan\Perso\JavaProjects\BudgetApp\BudgetApp.java. Using fallback presentation compiler.
2026.01.13 13:51:03 INFO  no build target found for C:\Users\barra\Desktop\Ryan\Perso\JavaProjects\BudgetApp\BudgetApp.java. Using fallback presentation compiler.
2026.01.13 13:51:04 INFO  no build target found for C:\Users\barra\Desktop\Ryan\Perso\JavaProjects\BudgetApp\BudgetApp.java. Using fallback presentation compiler.
2026.01.13 13:51:03 INFO  Created report: Optional[file:///C:/Users/barra/Desktop/Ryan/Perso/JavaProjects/BudgetApp/BudgetApp.java]
2026.01.13 13:51:03 INFO  empty definition using pc, found symbol in pc: _empty_/getIndex# (full report at: "C:\Users\barra\Desktop\Ryan\Perso\JavaProjects\BudgetApp\.metals\.reports\metals-full\2026-01-13\r_empty-definition_13-51-04-557.md")
2026.01.13 13:51:04 INFO  Created report: Optional[file:///C:/Users/barra/Desktop/Ryan/Perso/JavaProjects/BudgetApp/BudgetApp.java]
2026.01.13 13:51:04 INFO  empty definition using pc, found symbol in pc: _empty_/getTableView#getItems# (full report at: "C:\Users\barra\Desktop\Ryan\Perso\JavaProjects\BudgetApp\.metals\.reports\metals-full\2026-01-13\r_empty-definition_13-51-04-639.md")
2026.01.13 13:55:22 INFO  no build target found for C:\Users\barra\Desktop\Ryan\Perso\JavaProjects\BudgetApp\BudgetApp.java. Using fallback presentation compiler.
2026.01.13 13:55:22 INFO  no build target found for C:\Users\barra\Desktop\Ryan\Perso\JavaProjects\BudgetApp\BudgetApp.java. Using fallback presentation compiler.
2026.01.13 13:55:23 INFO  no build target found for C:\Users\barra\Desktop\Ryan\Perso\JavaProjects\BudgetApp\BudgetApp.java. Using fallback presentation compiler.
2026.01.13 13:55:23 INFO  no build target found for C:\Users\barra\Desktop\Ryan\Perso\JavaProjects\BudgetApp\BudgetApp.java. Using fallback presentation compiler.
2026.01.13 13:55:23 INFO  no build target found for C:\Users\barra\Desktop\Ryan\Perso\JavaProjects\BudgetApp\BudgetApp.java. Using fallback presentation compiler.
C:\Users\barra\Desktop\Ryan\Perso\JavaProjects\BudgetApp\BudgetApp.java:73: error: unmappable character (0x8F) for encoding windows-1252
        Button btnNouveauMois = new Button("ðŸ—“ï¸?Nouveau Mois");
                                                  ^
C:\Users\barra\Desktop\Ryan\Perso\JavaProjects\BudgetApp\BudgetApp.java:204: error: unmappable character (0x90) for encoding windows-1252
                    setText(item ? "â­? Oui" : "Non");
                                      ^
C:\Users\barra\Desktop\Ryan\Perso\JavaProjects\BudgetApp\BudgetApp.java:213: error: unmappable character (0x8F) for encoding windows-1252
            private final Button btnSuppr = new Button("ðŸ—‘ï¸?Supprimer");
                                                              ^
C:\Users\barra\Desktop\Ryan\Perso\JavaProjects\BudgetApp\BudgetApp.java:236: error: unmappable character (0x8F) for encoding windows-1252
            private final Button btnEdit = new Button("âœ?ï¸?Prix");
                                                         ^
C:\Users\barra\Desktop\Ryan\Perso\JavaProjects\BudgetApp\BudgetApp.java:236: error: unmappable character (0x8F) for encoding windows-1252
            private final Button btnEdit = new Button("âœ?ï¸?Prix");
                                                            ^
2026.01.13 13:55:23 INFO  no build target found for C:\Users\barra\Desktop\Ryan\Perso\JavaProjects\BudgetApp\BudgetApp.java. Using fallback presentation compiler.
2026.01.13 13:55:24 WARN  no build target for: C:\Users\barra\Desktop\Ryan\Perso\JavaProjects\BudgetApp\BudgetApp.java
2026.01.13 13:55:24 INFO  no build target found for C:\Users\barra\Desktop\Ryan\Perso\JavaProjects\BudgetApp\BudgetApp.java. Using fallback presentation compiler.
2026.01.13 13:55:25 INFO  no build target found for C:\Users\barra\Desktop\Ryan\Perso\JavaProjects\BudgetApp\BudgetApp.java. Using fallback presentation compiler.
2026.01.13 13:55:25 INFO  no build target found for C:\Users\barra\Desktop\Ryan\Perso\JavaProjects\BudgetApp\BudgetApp.java. Using fallback presentation compiler.
2026.01.13 13:55:26 INFO  no build target found for C:\Users\barra\Desktop\Ryan\Perso\JavaProjects\BudgetApp\BudgetApp.java. Using fallback presentation compiler.
2026.01.13 13:55:28 INFO  no build target found for C:\Users\barra\Desktop\Ryan\Perso\JavaProjects\BudgetApp\BudgetApp.java. Using fallback presentation compiler.
2026.01.13 13:55:31 INFO  no build target found for C:\Users\barra\Desktop\Ryan\Perso\JavaProjects\BudgetApp\BudgetApp.java. Using fallback presentation compiler.
2026.01.13 13:55:36 INFO  no build target found for C:\Users\barra\Desktop\Ryan\Perso\JavaProjects\BudgetApp\BudgetApp.java. Using fallback presentation compiler.
2026.01.13 13:55:36 INFO  no build target found for C:\Users\barra\Desktop\Ryan\Perso\JavaProjects\BudgetApp\BudgetApp.java. Using fallback presentation compiler.
2026.01.13 13:55:43 INFO  no build target found for C:\Users\barra\Desktop\Ryan\Perso\JavaProjects\BudgetApp\BudgetApp.java. Using fallback presentation compiler.
2026.01.13 13:55:43 INFO  no build target found for C:\Users\barra\Desktop\Ryan\Perso\JavaProjects\BudgetApp\BudgetApp.java. Using fallback presentation compiler.
2026.01.13 13:55:45 INFO  no build target found for C:\Users\barra\Desktop\Ryan\Perso\JavaProjects\BudgetApp\BudgetApp.java. Using fallback presentation compiler.
2026.01.13 13:55:45 INFO  no build target found for C:\Users\barra\Desktop\Ryan\Perso\JavaProjects\BudgetApp\BudgetApp.java. Using fallback presentation compiler.
2026.01.13 13:55:52 INFO  no build target found for C:\Users\barra\Desktop\Ryan\Perso\JavaProjects\BudgetApp\BudgetApp.java. Using fallback presentation compiler.
2026.01.13 13:55:57 INFO  no build target found for C:\Users\barra\Desktop\Ryan\Perso\JavaProjects\BudgetApp\BudgetApp.java. Using fallback presentation compiler.
2026.01.13 13:56:02 INFO  no build target found for C:\Users\barra\Desktop\Ryan\Perso\JavaProjects\BudgetApp\BudgetApp.java. Using fallback presentation compiler.
2026.01.13 13:56:02 INFO  no build target found for C:\Users\barra\Desktop\Ryan\Perso\JavaProjects\BudgetApp\BudgetApp.java. Using fallback presentation compiler.
2026.01.13 13:56:02 WARN  no build target for: C:\Users\barra\Desktop\Ryan\Perso\JavaProjects\BudgetApp\BudgetApp.java
2026.01.13 13:56:02 INFO  no build target found for C:\Users\barra\Desktop\Ryan\Perso\JavaProjects\BudgetApp\BudgetApp.java. Using fallback presentation compiler.
2026.01.13 13:56:03 INFO  no build target found for C:\Users\barra\Desktop\Ryan\Perso\JavaProjects\BudgetApp\BudgetApp.java. Using fallback presentation compiler.
2026.01.13 13:56:08 INFO  no build target found for C:\Users\barra\Desktop\Ryan\Perso\JavaProjects\BudgetApp\BudgetApp.java. Using fallback presentation compiler.
2026.01.13 13:56:08 INFO  no build target found for C:\Users\barra\Desktop\Ryan\Perso\JavaProjects\BudgetApp\BudgetApp.java. Using fallback presentation compiler.
2026.01.13 13:56:08 INFO  no build target found for C:\Users\barra\Desktop\Ryan\Perso\JavaProjects\BudgetApp\BudgetApp.java. Using fallback presentation compiler.
2026.01.13 13:56:09 INFO  no build target found for C:\Users\barra\Desktop\Ryan\Perso\JavaProjects\BudgetApp\BudgetApp.java. Using fallback presentation compiler.
2026.01.13 13:56:09 INFO  no build target found for C:\Users\barra\Desktop\Ryan\Perso\JavaProjects\BudgetApp\BudgetApp.java. Using fallback presentation compiler.
2026.01.13 13:56:09 INFO  no build target found for C:\Users\barra\Desktop\Ryan\Perso\JavaProjects\BudgetApp\BudgetApp.java. Using fallback presentation compiler.
2026.01.13 13:56:09 INFO  no build target found for C:\Users\barra\Desktop\Ryan\Perso\JavaProjects\BudgetApp\BudgetApp.java. Using fallback presentation compiler.
C:\Users\barra\Desktop\Ryan\Perso\JavaProjects\BudgetApp\BudgetApp.java:73: error: unmappable character (0x8F) for encoding windows-1252
        Button btnNouveauMois = new Button("ðŸ—“ï¸?");
                                                  ^
C:\Users\barra\Desktop\Ryan\Perso\JavaProjects\BudgetApp\BudgetApp.java:206: error: unmappable character (0x90) for encoding windows-1252
                    setText(item ? "â­?" : "");
                                      ^
C:\Users\barra\Desktop\Ryan\Perso\JavaProjects\BudgetApp\BudgetApp.java:240: error: unmappable character (0x8F) for encoding windows-1252
            private final Button btnEdit = new Button("âœ?");
                                                         ^
2026.01.13 13:56:09 INFO  no build target found for C:\Users\barra\Desktop\Ryan\Perso\JavaProjects\BudgetApp\BudgetApp.java. Using fallback presentation compiler.
2026.01.13 13:56:11 INFO  no build target found for C:\Users\barra\Desktop\Ryan\Perso\JavaProjects\BudgetApp\BudgetApp.java. Using fallback presentation compiler.
2026.01.13 13:56:11 WARN  no build target for: C:\Users\barra\Desktop\Ryan\Perso\JavaProjects\BudgetApp\BudgetApp.java
2026.01.13 13:56:11 INFO  no build target found for C:\Users\barra\Desktop\Ryan\Perso\JavaProjects\BudgetApp\BudgetApp.java. Using fallback presentation compiler.
2026.01.13 13:56:12 INFO  no build target found for C:\Users\barra\Desktop\Ryan\Perso\JavaProjects\BudgetApp\BudgetApp.java. Using fallback presentation compiler.
2026.01.13 13:56:12 INFO  no build target found for C:\Users\barra\Desktop\Ryan\Perso\JavaProjects\BudgetApp\BudgetApp.java. Using fallback presentation compiler.
2026.01.13 13:56:12 INFO  no build target found for C:\Users\barra\Desktop\Ryan\Perso\JavaProjects\BudgetApp\BudgetApp.java. Using fallback presentation compiler.
2026.01.13 13:56:13 INFO  no build target found for C:\Users\barra\Desktop\Ryan\Perso\JavaProjects\BudgetApp\BudgetApp.java. Using fallback presentation compiler.
2026.01.13 13:56:13 INFO  no build target found for C:\Users\barra\Desktop\Ryan\Perso\JavaProjects\BudgetApp\BudgetApp.java. Using fallback presentation compiler.
2026.01.13 13:56:13 INFO  no build target found for C:\Users\barra\Desktop\Ryan\Perso\JavaProjects\BudgetApp\BudgetApp.java. Using fallback presentation compiler.
C:\Users\barra\Desktop\Ryan\Perso\JavaProjects\BudgetApp\BudgetApp.java:73: error: unmappable character (0x8F) for encoding windows-1252
        Button btnNouveauMois = new Button("ðŸ—“ï¸?");
                                                  ^
C:\Users\barra\Desktop\Ryan\Perso\JavaProjects\BudgetApp\BudgetApp.java:206: error: unmappable character (0x90) for encoding windows-1252
                    setText(item ? "â­?" : "");
                                      ^
C:\Users\barra\Desktop\Ryan\Perso\JavaProjects\BudgetApp\BudgetApp.java:240: error: unmappable character (0x8F) for encoding windows-1252
            private final Button btnEdit = new Button("âœ?");
                                                         ^
2026.01.13 13:56:13 INFO  no build target found for C:\Users\barra\Desktop\Ryan\Perso\JavaProjects\BudgetApp\BudgetApp.java. Using fallback presentation compiler.
2026.01.13 13:56:17 INFO  no build target found for C:\Users\barra\Desktop\Ryan\Perso\JavaProjects\BudgetApp\BudgetApp.java. Using fallback presentation compiler.
2026.01.13 13:56:17 WARN  no build target for: C:\Users\barra\Desktop\Ryan\Perso\JavaProjects\BudgetApp\BudgetApp.java
2026.01.13 13:56:17 INFO  no build target found for C:\Users\barra\Desktop\Ryan\Perso\JavaProjects\BudgetApp\BudgetApp.java. Using fallback presentation compiler.
2026.01.13 13:56:18 INFO  no build target found for C:\Users\barra\Desktop\Ryan\Perso\JavaProjects\BudgetApp\BudgetApp.java. Using fallback presentation compiler.
2026.01.13 13:57:07 INFO  no build target found for C:\Users\barra\Desktop\Ryan\Perso\JavaProjects\BudgetApp\BudgetApp.java. Using fallback presentation compiler.
2026.01.13 13:57:07 INFO  no build target found for C:\Users\barra\Desktop\Ryan\Perso\JavaProjects\BudgetApp\BudgetApp.java. Using fallback presentation compiler.
2026.01.13 13:57:09 INFO  no build target found for C:\Users\barra\Desktop\Ryan\Perso\JavaProjects\BudgetApp\BudgetApp.java. Using fallback presentation compiler.
2026.01.13 13:57:18 INFO  no build target found for C:\Users\barra\Desktop\Ryan\Perso\JavaProjects\BudgetApp\BudgetApp.java. Using fallback presentation compiler.
2026.01.13 13:57:36 INFO  no build target found for C:\Users\barra\Desktop\Ryan\Perso\JavaProjects\BudgetApp\BudgetApp.java. Using fallback presentation compiler.
2026.01.13 13:57:39 INFO  no build target found for C:\Users\barra\Desktop\Ryan\Perso\JavaProjects\BudgetApp\BudgetApp.java. Using fallback presentation compiler.
2026.01.13 13:57:39 INFO  Created report: Optional[file:///C:/Users/barra/Desktop/Ryan/Perso/JavaProjects/BudgetApp/BudgetApp.java]
2026.01.13 13:57:39 INFO  empty definition using pc, found symbol in pc: java/io/FileWriter# (full report at: "C:\Users\barra\Desktop\Ryan\Perso\JavaProjects\BudgetApp\.metals\.reports\metals-full\2026-01-13\r_empty-definition_13-57-39-306.md")
2026.01.13 13:57:44 INFO  no build target found for C:\Users\barra\Desktop\Ryan\Perso\JavaProjects\BudgetApp\BudgetApp.java. Using fallback presentation compiler.
2026.01.13 13:57:44 INFO  no build target found for C:\Users\barra\Desktop\Ryan\Perso\JavaProjects\BudgetApp\BudgetApp.java. Using fallback presentation compiler.
2026.01.13 13:57:46 INFO  no build target found for C:\Users\barra\Desktop\Ryan\Perso\JavaProjects\BudgetApp\BudgetApp.java. Using fallback presentation compiler.
2026.01.13 13:57:48 INFO  no build target found for C:\Users\barra\Desktop\Ryan\Perso\JavaProjects\BudgetApp\BudgetApp.java. Using fallback presentation compiler.
2026.01.13 13:57:48 INFO  no build target found for C:\Users\barra\Desktop\Ryan\Perso\JavaProjects\BudgetApp\BudgetApp.java. Using fallback presentation compiler.
2026.01.13 13:57:49 INFO  no build target found for C:\Users\barra\Desktop\Ryan\Perso\JavaProjects\BudgetApp\BudgetApp.java. Using fallback presentation compiler.
2026.01.13 13:57:49 INFO  no build target found for C:\Users\barra\Desktop\Ryan\Perso\JavaProjects\BudgetApp\BudgetApp.java. Using fallback presentation compiler.
2026.01.13 13:57:49 INFO  no build target found for C:\Users\barra\Desktop\Ryan\Perso\JavaProjects\BudgetApp\BudgetApp.java. Using fallback presentation compiler.
janv. 13, 2026 1:57:50 PM org.eclipse.lsp4j.jsonrpc.RemoteEndpoint handleCancellation
WARNING: Unmatched cancel notification for request id 796
2026.01.13 13:57:49 INFO  no build target found for C:\Users\barra\Desktop\Ryan\Perso\JavaProjects\BudgetApp\BudgetApp.java. Using fallback presentation compiler.
2026.01.13 13:57:50 INFO  no build target found for C:\Users\barra\Desktop\Ryan\Perso\JavaProjects\BudgetApp\BudgetApp.java. Using fallback presentation compiler.
2026.01.13 13:57:50 INFO  no build target found for C:\Users\barra\Desktop\Ryan\Perso\JavaProjects\BudgetApp\BudgetApp.java. Using fallback presentation compiler.
2026.01.13 13:57:50 INFO  no build target found for C:\Users\barra\Desktop\Ryan\Perso\JavaProjects\BudgetApp\BudgetApp.java. Using fallback presentation compiler.
2026.01.13 13:57:51 INFO  no build target found for C:\Users\barra\Desktop\Ryan\Perso\JavaProjects\BudgetApp\BudgetApp.java. Using fallback presentation compiler.
2026.01.13 13:57:52 INFO  no build target found for C:\Users\barra\Desktop\Ryan\Perso\JavaProjects\BudgetApp\BudgetApp.java. Using fallback presentation compiler.
C:\Users\barra\Desktop\Ryan\Perso\JavaProjects\BudgetApp\BudgetApp.java:73: error: unmappable character (0x8F) for encoding windows-1252
        Button btnNouveauMois = new Button("ðŸ—“ï¸?");
                                                  ^
C:\Users\barra\Desktop\Ryan\Perso\JavaProjects\BudgetApp\BudgetApp.java:206: error: unmappable character (0x90) for encoding windows-1252
                    setText(item ? "â­?" : "");
                                      ^
C:\Users\barra\Desktop\Ryan\Perso\JavaProjects\BudgetApp\BudgetApp.java:240: error: unmappable character (0x8F) for encoding windows-1252
            private final Button btnEdit = new Button("âœ?");
                                                         ^
2026.01.13 13:57:51 INFO  no build target found for C:\Users\barra\Desktop\Ryan\Perso\JavaProjects\BudgetApp\BudgetApp.java. Using fallback presentation compiler.
2026.01.13 13:57:51 INFO  no build target found for C:\Users\barra\Desktop\Ryan\Perso\JavaProjects\BudgetApp\BudgetApp.java. Using fallback presentation compiler.
2026.01.13 13:57:52 INFO  no build target found for C:\Users\barra\Desktop\Ryan\Perso\JavaProjects\BudgetApp\BudgetApp.java. Using fallback presentation compiler.
C:\Users\barra\Desktop\Ryan\Perso\JavaProjects\BudgetApp\BudgetApp.java:73: error: unmappable character (0x8F) for encoding windows-1252
        Button btnNouveauMois = new Button("ðŸ—“ï¸?");
                                                  ^
C:\Users\barra\Desktop\Ryan\Perso\JavaProjects\BudgetApp\BudgetApp.java:206: error: unmappable character (0x90) for encoding windows-1252
                    setText(item ? "â­?" : "");
                                      ^
C:\Users\barra\Desktop\Ryan\Perso\JavaProjects\BudgetApp\BudgetApp.java:240: error: unmappable character (0x8F) for encoding windows-1252
            private final Button btnEdit = new Button("âœ?");
                                                         ^
2026.01.13 13:57:52 INFO  no build target found for C:\Users\barra\Desktop\Ryan\Perso\JavaProjects\BudgetApp\BudgetApp.java. Using fallback presentation compiler.
2026.01.13 13:57:53 WARN  no build target for: C:\Users\barra\Desktop\Ryan\Perso\JavaProjects\BudgetApp\BudgetApp.java
2026.01.13 13:57:53 INFO  no build target found for C:\Users\barra\Desktop\Ryan\Perso\JavaProjects\BudgetApp\BudgetApp.java. Using fallback presentation compiler.
2026.01.13 13:57:54 INFO  no build target found for C:\Users\barra\Desktop\Ryan\Perso\JavaProjects\BudgetApp\BudgetApp.java. Using fallback presentation compiler.
2026.01.13 13:57:55 INFO  no build target found for C:\Users\barra\Desktop\Ryan\Perso\JavaProjects\BudgetApp\BudgetApp.java. Using fallback presentation compiler.
2026.01.13 13:57:55 INFO  no build target found for C:\Users\barra\Desktop\Ryan\Perso\JavaProjects\BudgetApp\BudgetApp.java. Using fallback presentation compiler.
2026.01.13 13:57:56 INFO  no build target found for C:\Users\barra\Desktop\Ryan\Perso\JavaProjects\BudgetApp\BudgetApp.java. Using fallback presentation compiler.
2026.01.13 13:57:56 INFO  no build target found for C:\Users\barra\Desktop\Ryan\Perso\JavaProjects\BudgetApp\BudgetApp.java. Using fallback presentation compiler.
2026.01.13 13:57:58 INFO  no build target found for C:\Users\barra\Desktop\Ryan\Perso\JavaProjects\BudgetApp\BudgetApp.java. Using fallback presentation compiler.
2026.01.13 13:57:58 INFO  no build target found for C:\Users\barra\Desktop\Ryan\Perso\JavaProjects\BudgetApp\BudgetApp.java. Using fallback presentation compiler.
2026.01.13 13:57:58 INFO  no build target found for C:\Users\barra\Desktop\Ryan\Perso\JavaProjects\BudgetApp\BudgetApp.java. Using fallback presentation compiler.
2026.01.13 13:57:58 INFO  no build target found for C:\Users\barra\Desktop\Ryan\Perso\JavaProjects\BudgetApp\BudgetApp.java. Using fallback presentation compiler.
2026.01.13 13:57:59 INFO  no build target found for C:\Users\barra\Desktop\Ryan\Perso\JavaProjects\BudgetApp\BudgetApp.java. Using fallback presentation compiler.
2026.01.13 13:57:59 INFO  no build target found for C:\Users\barra\Desktop\Ryan\Perso\JavaProjects\BudgetApp\BudgetApp.java. Using fallback presentation compiler.
2026.01.13 13:57:59 INFO  no build target found for C:\Users\barra\Desktop\Ryan\Perso\JavaProjects\BudgetApp\BudgetApp.java. Using fallback presentation compiler.
2026.01.13 13:57:59 INFO  no build target found for C:\Users\barra\Desktop\Ryan\Perso\JavaProjects\BudgetApp\BudgetApp.java. Using fallback presentation compiler.
2026.01.13 13:57:59 INFO  no build target found for C:\Users\barra\Desktop\Ryan\Perso\JavaProjects\BudgetApp\BudgetApp.java. Using fallback presentation compiler.
2026.01.13 13:57:59 INFO  no build target found for C:\Users\barra\Desktop\Ryan\Perso\JavaProjects\BudgetApp\BudgetApp.java. Using fallback presentation compiler.
2026.01.13 13:57:59 INFO  no build target found for C:\Users\barra\Desktop\Ryan\Perso\JavaProjects\BudgetApp\BudgetApp.java. Using fallback presentation compiler.
2026.01.13 13:57:59 INFO  no build target found for C:\Users\barra\Desktop\Ryan\Perso\JavaProjects\BudgetApp\BudgetApp.java. Using fallback presentation compiler.
2026.01.13 13:57:59 INFO  no build target found for C:\Users\barra\Desktop\Ryan\Perso\JavaProjects\BudgetApp\BudgetApp.java. Using fallback presentation compiler.
C:\Users\barra\Desktop\Ryan\Perso\JavaProjects\BudgetApp\BudgetApp.java:73: error: unmappable character (0x8F) for encoding windows-1252
        Button btnNouveauMois = new Button("ðŸ—“ï¸?");
                                                  ^
C:\Users\barra\Desktop\Ryan\Perso\JavaProjects\BudgetApp\BudgetApp.java:206: error: unmappable character (0x90) for encoding windows-1252
                    setText(item ? "â­?" : "");
                                      ^
C:\Users\barra\Desktop\Ryan\Perso\JavaProjects\BudgetApp\BudgetApp.java:240: error: unmappable character (0x8F) for encoding windows-1252
            private final Button btnEdit = new Button("âœ?");
                                                         ^
2026.01.13 13:58:00 INFO  no build target found for C:\Users\barra\Desktop\Ryan\Perso\JavaProjects\BudgetApp\BudgetApp.java. Using fallback presentation compiler.
2026.01.13 13:58:01 WARN  no build target for: C:\Users\barra\Desktop\Ryan\Perso\JavaProjects\BudgetApp\BudgetApp.java
2026.01.13 13:58:01 INFO  no build target found for C:\Users\barra\Desktop\Ryan\Perso\JavaProjects\BudgetApp\BudgetApp.java. Using fallback presentation compiler.
2026.01.13 13:58:01 INFO  no build target found for C:\Users\barra\Desktop\Ryan\Perso\JavaProjects\BudgetApp\BudgetApp.java. Using fallback presentation compiler.
2026.01.13 13:58:01 INFO  no build target found for C:\Users\barra\Desktop\Ryan\Perso\JavaProjects\BudgetApp\BudgetApp.java. Using fallback presentation compiler.
2026.01.13 13:58:05 INFO  no build target found for C:\Users\barra\Desktop\Ryan\Perso\JavaProjects\BudgetApp\BudgetApp.java. Using fallback presentation compiler.
2026.01.13 13:58:07 INFO  no build target found for C:\Users\barra\Desktop\Ryan\Perso\JavaProjects\BudgetApp\BudgetApp.java. Using fallback presentation compiler.
2026.01.13 13:58:07 INFO  no build target found for C:\Users\barra\Desktop\Ryan\Perso\JavaProjects\BudgetApp\BudgetApp.java. Using fallback presentation compiler.
2026.01.13 13:58:07 INFO  no build target found for C:\Users\barra\Desktop\Ryan\Perso\JavaProjects\BudgetApp\BudgetApp.java. Using fallback presentation compiler.
2026.01.13 13:58:08 INFO  no build target found for C:\Users\barra\Desktop\Ryan\Perso\JavaProjects\BudgetApp\BudgetApp.java. Using fallback presentation compiler.
2026.01.13 13:58:10 INFO  no build target found for C:\Users\barra\Desktop\Ryan\Perso\JavaProjects\BudgetApp\BudgetApp.java. Using fallback presentation compiler.
2026.01.13 13:58:10 INFO  no build target found for C:\Users\barra\Desktop\Ryan\Perso\JavaProjects\BudgetApp\BudgetApp.java. Using fallback presentation compiler.
2026.01.13 13:58:11 INFO  no build target found for C:\Users\barra\Desktop\Ryan\Perso\JavaProjects\BudgetApp\BudgetApp.java. Using fallback presentation compiler.
2026.01.13 13:58:11 INFO  no build target found for C:\Users\barra\Desktop\Ryan\Perso\JavaProjects\BudgetApp\BudgetApp.java. Using fallback presentation compiler.
2026.01.13 13:58:11 INFO  no build target found for C:\Users\barra\Desktop\Ryan\Perso\JavaProjects\BudgetApp\BudgetApp.java. Using fallback presentation compiler.
2026.01.13 13:58:11 INFO  no build target found for C:\Users\barra\Desktop\Ryan\Perso\JavaProjects\BudgetApp\BudgetApp.java. Using fallback presentation compiler.
2026.01.13 13:58:11 INFO  no build target found for C:\Users\barra\Desktop\Ryan\Perso\JavaProjects\BudgetApp\BudgetApp.java. Using fallback presentation compiler.
2026.01.13 13:58:11 INFO  no build target found for C:\Users\barra\Desktop\Ryan\Perso\JavaProjects\BudgetApp\BudgetApp.java. Using fallback presentation compiler.
2026.01.13 13:58:11 INFO  no build target found for C:\Users\barra\Desktop\Ryan\Perso\JavaProjects\BudgetApp\BudgetApp.java. Using fallback presentation compiler.
2026.01.13 13:58:11 INFO  no build target found for C:\Users\barra\Desktop\Ryan\Perso\JavaProjects\BudgetApp\BudgetApp.java. Using fallback presentation compiler.
C:\Users\barra\Desktop\Ryan\Perso\JavaProjects\BudgetApp\BudgetApp.java:73: error: unmappable character (0x8F) for encoding windows-1252
        Button btnNouveauMois = new Button("ðŸ—“ï¸?");
                                                  ^
C:\Users\barra\Desktop\Ryan\Perso\JavaProjects\BudgetApp\BudgetApp.java:206: error: unmappable character (0x90) for encoding windows-1252
                    setText(item ? "â­?" : "");
                                      ^
C:\Users\barra\Desktop\Ryan\Perso\JavaProjects\BudgetApp\BudgetApp.java:240: error: unmappable character (0x8F) for encoding windows-1252
            private final Button btnEdit = new Button("âœ?");
                                                         ^
2026.01.13 13:58:13 INFO  no build target found for C:\Users\barra\Desktop\Ryan\Perso\JavaProjects\BudgetApp\BudgetApp.java. Using fallback presentation compiler.
2026.01.13 13:58:14 INFO  no build target found for C:\Users\barra\Desktop\Ryan\Perso\JavaProjects\BudgetApp\BudgetApp.java. Using fallback presentation compiler.
2026.01.13 13:58:14 INFO  no build target found for C:\Users\barra\Desktop\Ryan\Perso\JavaProjects\BudgetApp\BudgetApp.java. Using fallback presentation compiler.
2026.01.13 13:58:14 INFO  no build target found for C:\Users\barra\Desktop\Ryan\Perso\JavaProjects\BudgetApp\BudgetApp.java. Using fallback presentation compiler.
2026.01.13 13:58:14 INFO  no build target found for C:\Users\barra\Desktop\Ryan\Perso\JavaProjects\BudgetApp\BudgetApp.java. Using fallback presentation compiler.
2026.01.13 13:58:14 INFO  no build target found for C:\Users\barra\Desktop\Ryan\Perso\JavaProjects\BudgetApp\BudgetApp.java. Using fallback presentation compiler.
2026.01.13 13:58:14 INFO  no build target found for C:\Users\barra\Desktop\Ryan\Perso\JavaProjects\BudgetApp\BudgetApp.java. Using fallback presentation compiler.
2026.01.13 13:58:15 INFO  no build target found for C:\Users\barra\Desktop\Ryan\Perso\JavaProjects\BudgetApp\BudgetApp.java. Using fallback presentation compiler.
2026.01.13 13:58:14 INFO  no build target found for C:\Users\barra\Desktop\Ryan\Perso\JavaProjects\BudgetApp\BudgetApp.java. Using fallback presentation compiler.
2026.01.13 13:58:14 INFO  no build target found for C:\Users\barra\Desktop\Ryan\Perso\JavaProjects\BudgetApp\BudgetApp.java. Using fallback presentation compiler.
2026.01.13 13:58:15 INFO  no build target found for C:\Users\barra\Desktop\Ryan\Perso\JavaProjects\BudgetApp\BudgetApp.java. Using fallback presentation compiler.
2026.01.13 13:58:15 INFO  no build target found for C:\Users\barra\Desktop\Ryan\Perso\JavaProjects\BudgetApp\BudgetApp.java. Using fallback presentation compiler.
2026.01.13 13:58:15 INFO  no build target found for C:\Users\barra\Desktop\Ryan\Perso\JavaProjects\BudgetApp\BudgetApp.java. Using fallback presentation compiler.
C:\Users\barra\Desktop\Ryan\Perso\JavaProjects\BudgetApp\BudgetApp.java:73: error: unmappable character (0x8F) for encoding windows-1252
        Button btnNouveauMois = new Button("ðŸ—“ï¸?");
                                                  ^
C:\Users\barra\Desktop\Ryan\Perso\JavaProjects\BudgetApp\BudgetApp.java:206: error: unmappable character (0x90) for encoding windows-1252
                    setText(item ? "â­?" : "");
                                      ^
C:\Users\barra\Desktop\Ryan\Perso\JavaProjects\BudgetApp\BudgetApp.java:240: error: unmappable character (0x8F) for encoding windows-1252
            private final Button btnEdit = new Button("âœ?");
                                                         ^
2026.01.13 13:58:15 INFO  no build target found for C:\Users\barra\Desktop\Ryan\Perso\JavaProjects\BudgetApp\BudgetApp.java. Using fallback presentation compiler.
2026.01.13 13:58:17 INFO  no build target found for C:\Users\barra\Desktop\Ryan\Perso\JavaProjects\BudgetApp\BudgetApp.java. Using fallback presentation compiler.
2026.01.13 13:58:17 INFO  no build target found for C:\Users\barra\Desktop\Ryan\Perso\JavaProjects\BudgetApp\BudgetApp.java. Using fallback presentation compiler.
2026.01.13 13:58:17 INFO  no build target found for C:\Users\barra\Desktop\Ryan\Perso\JavaProjects\BudgetApp\BudgetApp.java. Using fallback presentation compiler.
2026.01.13 13:58:17 INFO  no build target found for C:\Users\barra\Desktop\Ryan\Perso\JavaProjects\BudgetApp\BudgetApp.java. Using fallback presentation compiler.
C:\Users\barra\Desktop\Ryan\Perso\JavaProjects\BudgetApp\BudgetApp.java:73: error: unmappable character (0x8F) for encoding windows-1252
        Button btnNouveauMois = new Button("ðŸ—“ï¸?");
                                                  ^
C:\Users\barra\Desktop\Ryan\Perso\JavaProjects\BudgetApp\BudgetApp.java:206: error: unmappable character (0x90) for encoding windows-1252
                    setText(item ? "â­?" : "");
                                      ^
C:\Users\barra\Desktop\Ryan\Perso\JavaProjects\BudgetApp\BudgetApp.java:240: error: unmappable character (0x8F) for encoding windows-1252
            private final Button btnEdit = new Button("âœ?");
                                                         ^
2026.01.13 13:58:18 INFO  no build target found for C:\Users\barra\Desktop\Ryan\Perso\JavaProjects\BudgetApp\BudgetApp.java. Using fallback presentation compiler.
2026.01.13 13:58:20 INFO  no build target found for C:\Users\barra\Desktop\Ryan\Perso\JavaProjects\BudgetApp\BudgetApp.java. Using fallback presentation compiler.
2026.01.13 13:58:26 INFO  no build target found for C:\Users\barra\Desktop\Ryan\Perso\JavaProjects\BudgetApp\BudgetApp.java. Using fallback presentation compiler.
2026.01.13 13:58:26 INFO  no build target found for C:\Users\barra\Desktop\Ryan\Perso\JavaProjects\BudgetApp\BudgetApp.java. Using fallback presentation compiler.
2026.01.13 13:58:26 INFO  no build target found for C:\Users\barra\Desktop\Ryan\Perso\JavaProjects\BudgetApp\BudgetApp.java. Using fallback presentation compiler.
2026.01.13 13:58:27 INFO  no build target found for C:\Users\barra\Desktop\Ryan\Perso\JavaProjects\BudgetApp\BudgetApp.java. Using fallback presentation compiler.
2026.01.13 13:58:29 INFO  no build target found for C:\Users\barra\Desktop\Ryan\Perso\JavaProjects\BudgetApp\BudgetApp.java. Using fallback presentation compiler.
2026.01.13 13:58:29 INFO  no build target found for C:\Users\barra\Desktop\Ryan\Perso\JavaProjects\BudgetApp\BudgetApp.java. Using fallback presentation compiler.
2026.01.13 13:58:30 INFO  no build target found for C:\Users\barra\Desktop\Ryan\Perso\JavaProjects\BudgetApp\BudgetApp.java. Using fallback presentation compiler.
C:\Users\barra\Desktop\Ryan\Perso\JavaProjects\BudgetApp\BudgetApp.java:73: error: unmappable character (0x8F) for encoding windows-1252
        Button btnNouveauMois = new Button("ðŸ—“ï¸?");
                                                  ^
C:\Users\barra\Desktop\Ryan\Perso\JavaProjects\BudgetApp\BudgetApp.java:206: error: unmappable character (0x90) for encoding windows-1252
                    setText(item ? "â­?" : "");
                                      ^
C:\Users\barra\Desktop\Ryan\Perso\JavaProjects\BudgetApp\BudgetApp.java:240: error: unmappable character (0x8F) for encoding windows-1252
            private final Button btnEdit = new Button("âœ?");
                                                         ^
2026.01.13 13:58:29 INFO  no build target found for C:\Users\barra\Desktop\Ryan\Perso\JavaProjects\BudgetApp\BudgetApp.java. Using fallback presentation compiler.
2026.01.13 13:58:31 INFO  no build target found for C:\Users\barra\Desktop\Ryan\Perso\JavaProjects\BudgetApp\BudgetApp.java. Using fallback presentation compiler.
2026.01.13 13:58:31 INFO  no build target found for C:\Users\barra\Desktop\Ryan\Perso\JavaProjects\BudgetApp\BudgetApp.java. Using fallback presentation compiler.
2026.01.13 13:58:31 INFO  no build target found for C:\Users\barra\Desktop\Ryan\Perso\JavaProjects\BudgetApp\BudgetApp.java. Using fallback presentation compiler.
2026.01.13 13:58:31 INFO  no build target found for C:\Users\barra\Desktop\Ryan\Perso\JavaProjects\BudgetApp\BudgetApp.java. Using fallback presentation compiler.
2026.01.13 13:58:31 INFO  no build target found for C:\Users\barra\Desktop\Ryan\Perso\JavaProjects\BudgetApp\BudgetApp.java. Using fallback presentation compiler.
2026.01.13 13:58:31 INFO  no build target found for C:\Users\barra\Desktop\Ryan\Perso\JavaProjects\BudgetApp\BudgetApp.java. Using fallback presentation compiler.
2026.01.13 13:58:31 INFO  no build target found for C:\Users\barra\Desktop\Ryan\Perso\JavaProjects\BudgetApp\BudgetApp.java. Using fallback presentation compiler.
C:\Users\barra\Desktop\Ryan\Perso\JavaProjects\BudgetApp\BudgetApp.java:73: error: unmappable character (0x8F) for encoding windows-1252
        Button btnNouveauMois = new Button("ðŸ—“ï¸?");
                                                  ^
C:\Users\barra\Desktop\Ryan\Perso\JavaProjects\BudgetApp\BudgetApp.java:206: error: unmappable character (0x90) for encoding windows-1252
                    setText(item ? "â­?" : "");
                                      ^
C:\Users\barra\Desktop\Ryan\Perso\JavaProjects\BudgetApp\BudgetApp.java:240: error: unmappable character (0x8F) for encoding windows-1252
            private final Button btnEdit = new Button("âœ?");
                                                         ^
2026.01.13 13:58:32 INFO  no build target found for C:\Users\barra\Desktop\Ryan\Perso\JavaProjects\BudgetApp\BudgetApp.java. Using fallback presentation compiler.
2026.01.13 13:58:32 INFO  no build target found for C:\Users\barra\Desktop\Ryan\Perso\JavaProjects\BudgetApp\BudgetApp.java. Using fallback presentation compiler.
2026.01.13 13:58:32 INFO  no build target found for C:\Users\barra\Desktop\Ryan\Perso\JavaProjects\BudgetApp\BudgetApp.java. Using fallback presentation compiler.
2026.01.13 13:58:32 INFO  no build target found for C:\Users\barra\Desktop\Ryan\Perso\JavaProjects\BudgetApp\BudgetApp.java. Using fallback presentation compiler.
2026.01.13 13:58:32 INFO  no build target found for C:\Users\barra\Desktop\Ryan\Perso\JavaProjects\BudgetApp\BudgetApp.java. Using fallback presentation compiler.
2026.01.13 13:58:32 INFO  no build target found for C:\Users\barra\Desktop\Ryan\Perso\JavaProjects\BudgetApp\BudgetApp.java. Using fallback presentation compiler.
2026.01.13 13:58:33 INFO  no build target found for C:\Users\barra\Desktop\Ryan\Perso\JavaProjects\BudgetApp\BudgetApp.java. Using fallback presentation compiler.
C:\Users\barra\Desktop\Ryan\Perso\JavaProjects\BudgetApp\BudgetApp.java:73: error: unmappable character (0x8F) for encoding windows-1252
        Button btnNouveauMois = new Button("ðŸ—“ï¸?");
                                                  ^
C:\Users\barra\Desktop\Ryan\Perso\JavaProjects\BudgetApp\BudgetApp.java:206: error: unmappable character (0x90) for encoding windows-1252
                    setText(item ? "â­?" : "");
                                      ^
C:\Users\barra\Desktop\Ryan\Perso\JavaProjects\BudgetApp\BudgetApp.java:240: error: unmappable character (0x8F) for encoding windows-1252
            private final Button btnEdit = new Button("âœ?");
                                                         ^
2026.01.13 13:58:33 INFO  no build target found for C:\Users\barra\Desktop\Ryan\Perso\JavaProjects\BudgetApp\BudgetApp.java. Using fallback presentation compiler.
2026.01.13 13:58:33 INFO  no build target found for C:\Users\barra\Desktop\Ryan\Perso\JavaProjects\BudgetApp\BudgetApp.java. Using fallback presentation compiler.
2026.01.13 13:58:33 INFO  no build target found for C:\Users\barra\Desktop\Ryan\Perso\JavaProjects\BudgetApp\BudgetApp.java. Using fallback presentation compiler.
2026.01.13 13:58:33 INFO  no build target found for C:\Users\barra\Desktop\Ryan\Perso\JavaProjects\BudgetApp\BudgetApp.java. Using fallback presentation compiler.
2026.01.13 13:58:33 INFO  no build target found for C:\Users\barra\Desktop\Ryan\Perso\JavaProjects\BudgetApp\BudgetApp.java. Using fallback presentation compiler.
2026.01.13 13:58:34 INFO  no build target found for C:\Users\barra\Desktop\Ryan\Perso\JavaProjects\BudgetApp\BudgetApp.java. Using fallback presentation compiler.
C:\Users\barra\Desktop\Ryan\Perso\JavaProjects\BudgetApp\BudgetApp.java:73: error: unmappable character (0x8F) for encoding windows-1252
        Button btnNouveauMois = new Button("ðŸ—“ï¸?");
                                                  ^
C:\Users\barra\Desktop\Ryan\Perso\JavaProjects\BudgetApp\BudgetApp.java:206: error: unmappable character (0x90) for encoding windows-1252
                    setText(item ? "â­?" : "");
                                      ^
C:\Users\barra\Desktop\Ryan\Perso\JavaProjects\BudgetApp\BudgetApp.java:240: error: unmappable character (0x8F) for encoding windows-1252
            private final Button btnEdit = new Button("âœ?");
                                                         ^
2026.01.13 13:58:34 INFO  no build target found for C:\Users\barra\Desktop\Ryan\Perso\JavaProjects\BudgetApp\BudgetApp.java. Using fallback presentation compiler.
2026.01.13 13:58:37 INFO  no build target found for C:\Users\barra\Desktop\Ryan\Perso\JavaProjects\BudgetApp\BudgetApp.java. Using fallback presentation compiler.
2026.01.13 13:58:37 INFO  no build target found for C:\Users\barra\Desktop\Ryan\Perso\JavaProjects\BudgetApp\BudgetApp.java. Using fallback presentation compiler.
2026.01.13 13:58:38 INFO  no build target found for C:\Users\barra\Desktop\Ryan\Perso\JavaProjects\BudgetApp\BudgetApp.java. Using fallback presentation compiler.
2026.01.13 13:58:38 INFO  no build target found for C:\Users\barra\Desktop\Ryan\Perso\JavaProjects\BudgetApp\BudgetApp.java. Using fallback presentation compiler.
2026.01.13 13:58:38 INFO  no build target found for C:\Users\barra\Desktop\Ryan\Perso\JavaProjects\BudgetApp\BudgetApp.java. Using fallback presentation compiler.
2026.01.13 13:58:39 INFO  no build target found for C:\Users\barra\Desktop\Ryan\Perso\JavaProjects\BudgetApp\BudgetApp.java. Using fallback presentation compiler.
2026.01.13 13:58:38 INFO  no build target found for C:\Users\barra\Desktop\Ryan\Perso\JavaProjects\BudgetApp\BudgetApp.java. Using fallback presentation compiler.
C:\Users\barra\Desktop\Ryan\Perso\JavaProjects\BudgetApp\BudgetApp.java:73: error: unmappable character (0x8F) for encoding windows-1252
        Button btnNouveauMois = new Button("ðŸ—“ï¸?");
                                                  ^
C:\Users\barra\Desktop\Ryan\Perso\JavaProjects\BudgetApp\BudgetApp.java:206: error: unmappable character (0x90) for encoding windows-1252
                    setText(item ? "â­?" : "");
                                      ^
C:\Users\barra\Desktop\Ryan\Perso\JavaProjects\BudgetApp\BudgetApp.java:240: error: unmappable character (0x8F) for encoding windows-1252
            private final Button btnEdit = new Button("âœ?");
                                                         ^
2026.01.13 13:58:40 INFO  no build target found for C:\Users\barra\Desktop\Ryan\Perso\JavaProjects\BudgetApp\BudgetApp.java. Using fallback presentation compiler.
2026.01.13 13:58:42 INFO  no build target found for C:\Users\barra\Desktop\Ryan\Perso\JavaProjects\BudgetApp\BudgetApp.java. Using fallback presentation compiler.
2026.01.13 13:58:42 INFO  no build target found for C:\Users\barra\Desktop\Ryan\Perso\JavaProjects\BudgetApp\BudgetApp.java. Using fallback presentation compiler.
2026.01.13 13:58:43 INFO  no build target found for C:\Users\barra\Desktop\Ryan\Perso\JavaProjects\BudgetApp\BudgetApp.java. Using fallback presentation compiler.
2026.01.13 13:58:43 INFO  no build target found for C:\Users\barra\Desktop\Ryan\Perso\JavaProjects\BudgetApp\BudgetApp.java. Using fallback presentation compiler.
2026.01.13 13:58:43 INFO  no build target found for C:\Users\barra\Desktop\Ryan\Perso\JavaProjects\BudgetApp\BudgetApp.java. Using fallback presentation compiler.
2026.01.13 13:58:43 INFO  no build target found for C:\Users\barra\Desktop\Ryan\Perso\JavaProjects\BudgetApp\BudgetApp.java. Using fallback presentation compiler.
2026.01.13 13:58:44 INFO  no build target found for C:\Users\barra\Desktop\Ryan\Perso\JavaProjects\BudgetApp\BudgetApp.java. Using fallback presentation compiler.
C:\Users\barra\Desktop\Ryan\Perso\JavaProjects\BudgetApp\BudgetApp.java:73: error: unmappable character (0x8F) for encoding windows-1252
        Button btnNouveauMois = new Button("ðŸ—“ï¸?");
                                                  ^
C:\Users\barra\Desktop\Ryan\Perso\JavaProjects\BudgetApp\BudgetApp.java:206: error: unmappable character (0x90) for encoding windows-1252
                    setText(item ? "â­?" : "");
                                      ^
C:\Users\barra\Desktop\Ryan\Perso\JavaProjects\BudgetApp\BudgetApp.java:240: error: unmappable character (0x8F) for encoding windows-1252
            private final Button btnEdit = new Button("âœ?");
                                                         ^
2026.01.13 13:58:45 INFO  no build target found for C:\Users\barra\Desktop\Ryan\Perso\JavaProjects\BudgetApp\BudgetApp.java. Using fallback presentation compiler.
janv. 13, 2026 1:58:45 PM org.eclipse.lsp4j.jsonrpc.RemoteEndpoint handleCancellation
WARNING: Unmatched cancel notification for request id 965
2026.01.13 13:58:45 INFO  no build target found for C:\Users\barra\Desktop\Ryan\Perso\JavaProjects\BudgetApp\BudgetApp.java. Using fallback presentation compiler.
2026.01.13 13:58:45 INFO  no build target found for C:\Users\barra\Desktop\Ryan\Perso\JavaProjects\BudgetApp\BudgetApp.java. Using fallback presentation compiler.
2026.01.13 13:58:45 INFO  no build target found for C:\Users\barra\Desktop\Ryan\Perso\JavaProjects\BudgetApp\BudgetApp.java. Using fallback presentation compiler.
2026.01.13 13:58:45 INFO  no build target found for C:\Users\barra\Desktop\Ryan\Perso\JavaProjects\BudgetApp\BudgetApp.java. Using fallback presentation compiler.
2026.01.13 13:58:45 INFO  no build target found for C:\Users\barra\Desktop\Ryan\Perso\JavaProjects\BudgetApp\BudgetApp.java. Using fallback presentation compiler.
2026.01.13 13:58:45 INFO  no build target found for C:\Users\barra\Desktop\Ryan\Perso\JavaProjects\BudgetApp\BudgetApp.java. Using fallback presentation compiler.
C:\Users\barra\Desktop\Ryan\Perso\JavaProjects\BudgetApp\BudgetApp.java:73: error: unmappable character (0x8F) for encoding windows-1252
        Button btnNouveauMois = new Button("ðŸ—“ï¸?");
                                                  ^
C:\Users\barra\Desktop\Ryan\Perso\JavaProjects\BudgetApp\BudgetApp.java:206: error: unmappable character (0x90) for encoding windows-1252
                    setText(item ? "â­?" : "");
                                      ^
C:\Users\barra\Desktop\Ryan\Perso\JavaProjects\BudgetApp\BudgetApp.java:240: error: unmappable character (0x8F) for encoding windows-1252
            private final Button btnEdit = new Button("âœ?");
                                                         ^
2026.01.13 13:58:46 INFO  no build target found for C:\Users\barra\Desktop\Ryan\Perso\JavaProjects\BudgetApp\BudgetApp.java. Using fallback presentation compiler.
2026.01.13 13:58:46 INFO  no build target found for C:\Users\barra\Desktop\Ryan\Perso\JavaProjects\BudgetApp\BudgetApp.java. Using fallback presentation compiler.
2026.01.13 13:58:47 INFO  no build target found for C:\Users\barra\Desktop\Ryan\Perso\JavaProjects\BudgetApp\BudgetApp.java. Using fallback presentation compiler.
2026.01.13 13:58:48 WARN  no build target for: C:\Users\barra\Desktop\Ryan\Perso\JavaProjects\BudgetApp\BudgetApp.java
2026.01.13 13:58:48 INFO  no build target found for C:\Users\barra\Desktop\Ryan\Perso\JavaProjects\BudgetApp\BudgetApp.java. Using fallback presentation compiler.
2026.01.13 13:58:49 INFO  no build target found for C:\Users\barra\Desktop\Ryan\Perso\JavaProjects\BudgetApp\BudgetApp.java. Using fallback presentation compiler.
2026.01.13 13:58:50 INFO  no build target found for C:\Users\barra\Desktop\Ryan\Perso\JavaProjects\BudgetApp\BudgetApp.java. Using fallback presentation compiler.
2026.01.13 13:58:50 INFO  no build target found for C:\Users\barra\Desktop\Ryan\Perso\JavaProjects\BudgetApp\BudgetApp.java. Using fallback presentation compiler.
2026.01.13 13:58:52 INFO  no build target found for C:\Users\barra\Desktop\Ryan\Perso\JavaProjects\BudgetApp\BudgetApp.java. Using fallback presentation compiler.
2026.01.13 13:58:52 INFO  no build target found for C:\Users\barra\Desktop\Ryan\Perso\JavaProjects\BudgetApp\BudgetApp.java. Using fallback presentation compiler.
2026.01.13 13:58:52 INFO  no build target found for C:\Users\barra\Desktop\Ryan\Perso\JavaProjects\BudgetApp\BudgetApp.java. Using fallback presentation compiler.
2026.01.13 13:58:54 INFO  no build target found for C:\Users\barra\Desktop\Ryan\Perso\JavaProjects\BudgetApp\BudgetApp.java. Using fallback presentation compiler.
2026.01.13 13:58:54 INFO  no build target found for C:\Users\barra\Desktop\Ryan\Perso\JavaProjects\BudgetApp\BudgetApp.java. Using fallback presentation compiler.
2026.01.13 13:58:56 INFO  no build target found for C:\Users\barra\Desktop\Ryan\Perso\JavaProjects\BudgetApp\BudgetApp.java. Using fallback presentation compiler.
2026.01.13 13:58:56 INFO  no build target found for C:\Users\barra\Desktop\Ryan\Perso\JavaProjects\BudgetApp\BudgetApp.java. Using fallback presentation compiler.
2026.01.13 13:58:57 INFO  no build target found for C:\Users\barra\Desktop\Ryan\Perso\JavaProjects\BudgetApp\BudgetApp.java. Using fallback presentation compiler.
2026.01.13 13:58:57 INFO  no build target found for C:\Users\barra\Desktop\Ryan\Perso\JavaProjects\BudgetApp\BudgetApp.java. Using fallback presentation compiler.
2026.01.13 13:58:57 INFO  no build target found for C:\Users\barra\Desktop\Ryan\Perso\JavaProjects\BudgetApp\BudgetApp.java. Using fallback presentation compiler.
2026.01.13 13:58:58 INFO  no build target found for C:\Users\barra\Desktop\Ryan\Perso\JavaProjects\BudgetApp\BudgetApp.java. Using fallback presentation compiler.
2026.01.13 13:58:58 INFO  no build target found for C:\Users\barra\Desktop\Ryan\Perso\JavaProjects\BudgetApp\BudgetApp.java. Using fallback presentation compiler.
2026.01.13 13:59:00 INFO  no build target found for C:\Users\barra\Desktop\Ryan\Perso\JavaProjects\BudgetApp\BudgetApp.java. Using fallback presentation compiler.
2026.01.13 13:59:00 INFO  no build target found for C:\Users\barra\Desktop\Ryan\Perso\JavaProjects\BudgetApp\BudgetApp.java. Using fallback presentation compiler.
2026.01.13 13:59:09 INFO  no build target found for C:\Users\barra\Desktop\Ryan\Perso\JavaProjects\BudgetApp\BudgetApp.java. Using fallback presentation compiler.
2026.01.13 13:59:09 INFO  no build target found for C:\Users\barra\Desktop\Ryan\Perso\JavaProjects\BudgetApp\BudgetApp.java. Using fallback presentation compiler.
2026.01.13 13:59:10 INFO  no build target found for C:\Users\barra\Desktop\Ryan\Perso\JavaProjects\BudgetApp\BudgetApp.java. Using fallback presentation compiler.
2026.01.13 13:59:09 INFO  no build target found for C:\Users\barra\Desktop\Ryan\Perso\JavaProjects\BudgetApp\BudgetApp.java. Using fallback presentation compiler.
janv. 13, 2026 1:59:10 PM org.eclipse.lsp4j.jsonrpc.RemoteEndpoint handleCancellation
WARNING: Unmatched cancel notification for request id 1006
2026.01.13 13:59:09 INFO  no build target found for C:\Users\barra\Desktop\Ryan\Perso\JavaProjects\BudgetApp\BudgetApp.java. Using fallback presentation compiler.
2026.01.13 13:59:09 INFO  no build target found for C:\Users\barra\Desktop\Ryan\Perso\JavaProjects\BudgetApp\BudgetApp.java. Using fallback presentation compiler.
2026.01.13 13:59:10 INFO  no build target found for C:\Users\barra\Desktop\Ryan\Perso\JavaProjects\BudgetApp\BudgetApp.java. Using fallback presentation compiler.
2026.01.13 13:59:09 INFO  no build target found for C:\Users\barra\Desktop\Ryan\Perso\JavaProjects\BudgetApp\BudgetApp.java. Using fallback presentation compiler.
C:\Users\barra\Desktop\Ryan\Perso\JavaProjects\BudgetApp\BudgetApp.java:73: error: unmappable character (0x8F) for encoding windows-1252
        Button btnNouveauMois = new Button("ðŸ—“ï¸?");
                                                  ^
C:\Users\barra\Desktop\Ryan\Perso\JavaProjects\BudgetApp\BudgetApp.java:240: error: unmappable character (0x8F) for encoding windows-1252
            private final Button btnEdit = new Button("âœ?");
                                                         ^
2026.01.13 13:59:11 INFO  no build target found for C:\Users\barra\Desktop\Ryan\Perso\JavaProjects\BudgetApp\BudgetApp.java. Using fallback presentation compiler.
2026.01.13 13:59:11 INFO  no build target found for C:\Users\barra\Desktop\Ryan\Perso\JavaProjects\BudgetApp\BudgetApp.java. Using fallback presentation compiler.
2026.01.13 13:59:11 INFO  no build target found for C:\Users\barra\Desktop\Ryan\Perso\JavaProjects\BudgetApp\BudgetApp.java. Using fallback presentation compiler.
2026.01.13 13:59:11 INFO  no build target found for C:\Users\barra\Desktop\Ryan\Perso\JavaProjects\BudgetApp\BudgetApp.java. Using fallback presentation compiler.
2026.01.13 13:59:11 INFO  no build target found for C:\Users\barra\Desktop\Ryan\Perso\JavaProjects\BudgetApp\BudgetApp.java. Using fallback presentation compiler.
2026.01.13 13:59:12 INFO  no build target found for C:\Users\barra\Desktop\Ryan\Perso\JavaProjects\BudgetApp\BudgetApp.java. Using fallback presentation compiler.
C:\Users\barra\Desktop\Ryan\Perso\JavaProjects\BudgetApp\BudgetApp.java:73: error: unmappable character (0x8F) for encoding windows-1252
        Button btnNouveauMois = new Button("ðŸ—“ï¸?");
                                                  ^
C:\Users\barra\Desktop\Ryan\Perso\JavaProjects\BudgetApp\BudgetApp.java:240: error: unmappable character (0x8F) for encoding windows-1252
            private final Button btnEdit = new Button("âœ?");
                                                         ^
2026.01.13 13:59:12 INFO  no build target found for C:\Users\barra\Desktop\Ryan\Perso\JavaProjects\BudgetApp\BudgetApp.java. Using fallback presentation compiler.
2026.01.13 13:59:15 INFO  no build target found for C:\Users\barra\Desktop\Ryan\Perso\JavaProjects\BudgetApp\BudgetApp.java. Using fallback presentation compiler.
2026.01.13 13:59:15 INFO  no build target found for C:\Users\barra\Desktop\Ryan\Perso\JavaProjects\BudgetApp\BudgetApp.java. Using fallback presentation compiler.
2026.01.13 13:59:22 INFO  no build target found for C:\Users\barra\Desktop\Ryan\Perso\JavaProjects\BudgetApp\BudgetApp.java. Using fallback presentation compiler.
2026.01.13 13:59:22 INFO  no build target found for C:\Users\barra\Desktop\Ryan\Perso\JavaProjects\BudgetApp\BudgetApp.java. Using fallback presentation compiler.
2026.01.13 13:59:32 INFO  no build target found for C:\Users\barra\Desktop\Ryan\Perso\JavaProjects\BudgetApp\BudgetApp.java. Using fallback presentation compiler.
2026.01.13 13:59:32 INFO  no build target found for C:\Users\barra\Desktop\Ryan\Perso\JavaProjects\BudgetApp\BudgetApp.java. Using fallback presentation compiler.
2026.01.13 13:59:39 INFO  no build target found for C:\Users\barra\Desktop\Ryan\Perso\JavaProjects\BudgetApp\BudgetApp.java. Using fallback presentation compiler.
2026.01.13 13:59:39 INFO  no build target found for C:\Users\barra\Desktop\Ryan\Perso\JavaProjects\BudgetApp\BudgetApp.java. Using fallback presentation compiler.
2026.01.13 13:59:39 INFO  no build target found for C:\Users\barra\Desktop\Ryan\Perso\JavaProjects\BudgetApp\BudgetApp.java. Using fallback presentation compiler.
C:\Users\barra\Desktop\Ryan\Perso\JavaProjects\BudgetApp\BudgetApp.java:73: error: unmappable character (0x8F) for encoding windows-1252
        Button btnNouveauMois = new Button("ðŸ—“ï¸?");
                                                  ^
C:\Users\barra\Desktop\Ryan\Perso\JavaProjects\BudgetApp\BudgetApp.java:240: error: unmappable character (0x8F) for encoding windows-1252
            private final Button btnEdit = new Button("âœ?");
                                                         ^
2026.01.13 13:59:39 INFO  no build target found for C:\Users\barra\Desktop\Ryan\Perso\JavaProjects\BudgetApp\BudgetApp.java. Using fallback presentation compiler.
2026.01.13 13:59:39 INFO  no build target found for C:\Users\barra\Desktop\Ryan\Perso\JavaProjects\BudgetApp\BudgetApp.java. Using fallback presentation compiler.
2026.01.13 13:59:40 INFO  no build target found for C:\Users\barra\Desktop\Ryan\Perso\JavaProjects\BudgetApp\BudgetApp.java. Using fallback presentation compiler.
2026.01.13 13:59:40 INFO  no build target found for C:\Users\barra\Desktop\Ryan\Perso\JavaProjects\BudgetApp\BudgetApp.java. Using fallback presentation compiler.
C:\Users\barra\Desktop\Ryan\Perso\JavaProjects\BudgetApp\BudgetApp.java:73: error: unmappable character (0x8F) for encoding windows-1252
        Button btnNouveauMois = new Button("ðŸ—“ï¸?");
                                                  ^
C:\Users\barra\Desktop\Ryan\Perso\JavaProjects\BudgetApp\BudgetApp.java:240: error: unmappable character (0x8F) for encoding windows-1252
            private final Button btnEdit = new Button("âœ?");
                                                         ^
2026.01.13 13:59:40 INFO  no build target found for C:\Users\barra\Desktop\Ryan\Perso\JavaProjects\BudgetApp\BudgetApp.java. Using fallback presentation compiler.
2026.01.13 13:59:40 INFO  no build target found for C:\Users\barra\Desktop\Ryan\Perso\JavaProjects\BudgetApp\BudgetApp.java. Using fallback presentation compiler.
2026.01.13 13:59:41 INFO  no build target found for C:\Users\barra\Desktop\Ryan\Perso\JavaProjects\BudgetApp\BudgetApp.java. Using fallback presentation compiler.
C:\Users\barra\Desktop\Ryan\Perso\JavaProjects\BudgetApp\BudgetApp.java:73: error: unmappable character (0x8F) for encoding windows-1252
        Button btnNouveauMois = new Button("ðŸ—“ï¸?");
                                                  ^
C:\Users\barra\Desktop\Ryan\Perso\JavaProjects\BudgetApp\BudgetApp.java:240: error: unmappable character (0x8F) for encoding windows-1252
            private final Button btnEdit = new Button("âœ?");
                                                         ^
2026.01.13 13:59:41 INFO  no build target found for C:\Users\barra\Desktop\Ryan\Perso\JavaProjects\BudgetApp\BudgetApp.java. Using fallback presentation compiler.
janv. 13, 2026 1:59:41 PM org.eclipse.lsp4j.jsonrpc.RemoteEndpoint handleCancellation
WARNING: Unmatched cancel notification for request id 1092
2026.01.13 13:59:41 INFO  no build target found for C:\Users\barra\Desktop\Ryan\Perso\JavaProjects\BudgetApp\BudgetApp.java. Using fallback presentation compiler.
2026.01.13 13:59:41 INFO  no build target found for C:\Users\barra\Desktop\Ryan\Perso\JavaProjects\BudgetApp\BudgetApp.java. Using fallback presentation compiler.
2026.01.13 13:59:42 INFO  no build target found for C:\Users\barra\Desktop\Ryan\Perso\JavaProjects\BudgetApp\BudgetApp.java. Using fallback presentation compiler.
2026.01.13 13:59:41 INFO  no build target found for C:\Users\barra\Desktop\Ryan\Perso\JavaProjects\BudgetApp\BudgetApp.java. Using fallback presentation compiler.
2026.01.13 13:59:41 INFO  no build target found for C:\Users\barra\Desktop\Ryan\Perso\JavaProjects\BudgetApp\BudgetApp.java. Using fallback presentation compiler.
2026.01.13 13:59:42 INFO  no build target found for C:\Users\barra\Desktop\Ryan\Perso\JavaProjects\BudgetApp\BudgetApp.java. Using fallback presentation compiler.
C:\Users\barra\Desktop\Ryan\Perso\JavaProjects\BudgetApp\BudgetApp.java:73: error: unmappable character (0x8F) for encoding windows-1252
        Button btnNouveauMois = new Button("ðŸ—“ï¸?");
                                                  ^
C:\Users\barra\Desktop\Ryan\Perso\JavaProjects\BudgetApp\BudgetApp.java:240: error: unmappable character (0x8F) for encoding windows-1252
            private final Button btnEdit = new Button("âœ?");
                                                         ^
2026.01.13 13:59:41 INFO  no build target found for C:\Users\barra\Desktop\Ryan\Perso\JavaProjects\BudgetApp\BudgetApp.java. Using fallback presentation compiler.
2026.01.13 13:59:42 INFO  no build target found for C:\Users\barra\Desktop\Ryan\Perso\JavaProjects\BudgetApp\BudgetApp.java. Using fallback presentation compiler.
2026.01.13 13:59:42 INFO  no build target found for C:\Users\barra\Desktop\Ryan\Perso\JavaProjects\BudgetApp\BudgetApp.java. Using fallback presentation compiler.
2026.01.13 13:59:42 INFO  no build target found for C:\Users\barra\Desktop\Ryan\Perso\JavaProjects\BudgetApp\BudgetApp.java. Using fallback presentation compiler.
2026.01.13 13:59:42 INFO  no build target found for C:\Users\barra\Desktop\Ryan\Perso\JavaProjects\BudgetApp\BudgetApp.java. Using fallback presentation compiler.
2026.01.13 13:59:42 INFO  no build target found for C:\Users\barra\Desktop\Ryan\Perso\JavaProjects\BudgetApp\BudgetApp.java. Using fallback presentation compiler.
2026.01.13 13:59:42 INFO  no build target found for C:\Users\barra\Desktop\Ryan\Perso\JavaProjects\BudgetApp\BudgetApp.java. Using fallback presentation compiler.
2026.01.13 13:59:42 INFO  no build target found for C:\Users\barra\Desktop\Ryan\Perso\JavaProjects\BudgetApp\BudgetApp.java. Using fallback presentation compiler.
C:\Users\barra\Desktop\Ryan\Perso\JavaProjects\BudgetApp\BudgetApp.java:73: error: unmappable character (0x8F) for encoding windows-1252
        Button btnNouveauMois = new Button("ðŸ—“ï¸?");
                                                  ^
C:\Users\barra\Desktop\Ryan\Perso\JavaProjects\BudgetApp\BudgetApp.java:240: error: unmappable character (0x8F) for encoding windows-1252
            private final Button btnEdit = new Button("âœ?");
                                                         ^
2026.01.13 13:59:44 INFO  no build target found for C:\Users\barra\Desktop\Ryan\Perso\JavaProjects\BudgetApp\BudgetApp.java. Using fallback presentation compiler.
2026.01.13 13:59:44 INFO  no build target found for C:\Users\barra\Desktop\Ryan\Perso\JavaProjects\BudgetApp\BudgetApp.java. Using fallback presentation compiler.
2026.01.13 13:59:47 INFO  no build target found for C:\Users\barra\Desktop\Ryan\Perso\JavaProjects\BudgetApp\BudgetApp.java. Using fallback presentation compiler.
2026.01.13 13:59:51 INFO  no build target found for C:\Users\barra\Desktop\Ryan\Perso\JavaProjects\BudgetApp\BudgetApp.java. Using fallback presentation compiler.
2026.01.13 13:59:51 INFO  no build target found for C:\Users\barra\Desktop\Ryan\Perso\JavaProjects\BudgetApp\BudgetApp.java. Using fallback presentation compiler.
2026.01.13 13:59:51 INFO  no build target found for C:\Users\barra\Desktop\Ryan\Perso\JavaProjects\BudgetApp\BudgetApp.java. Using fallback presentation compiler.
2026.01.13 13:59:51 INFO  no build target found for C:\Users\barra\Desktop\Ryan\Perso\JavaProjects\BudgetApp\BudgetApp.java. Using fallback presentation compiler.
2026.01.13 13:59:56 INFO  no build target found for C:\Users\barra\Desktop\Ryan\Perso\JavaProjects\BudgetApp\BudgetApp.java. Using fallback presentation compiler.
2026.01.13 13:59:56 INFO  no build target found for C:\Users\barra\Desktop\Ryan\Perso\JavaProjects\BudgetApp\BudgetApp.java. Using fallback presentation compiler.
2026.01.13 13:59:56 INFO  no build target found for C:\Users\barra\Desktop\Ryan\Perso\JavaProjects\BudgetApp\BudgetApp.java. Using fallback presentation compiler.
C:\Users\barra\Desktop\Ryan\Perso\JavaProjects\BudgetApp\BudgetApp.java:73: error: unmappable character (0x8F) for encoding windows-1252
        Button btnNouveauMois = new Button("ðŸ—“ï¸?");
                                                  ^
C:\Users\barra\Desktop\Ryan\Perso\JavaProjects\BudgetApp\BudgetApp.java:240: error: unmappable character (0x8F) for encoding windows-1252
            private final Button btnEdit = new Button("âœ?");
                                                         ^
2026.01.13 13:59:56 INFO  no build target found for C:\Users\barra\Desktop\Ryan\Perso\JavaProjects\BudgetApp\BudgetApp.java. Using fallback presentation compiler.
2026.01.13 13:59:57 INFO  no build target found for C:\Users\barra\Desktop\Ryan\Perso\JavaProjects\BudgetApp\BudgetApp.java. Using fallback presentation compiler.
2026.01.13 13:59:57 INFO  no build target found for C:\Users\barra\Desktop\Ryan\Perso\JavaProjects\BudgetApp\BudgetApp.java. Using fallback presentation compiler.
2026.01.13 13:59:57 INFO  no build target found for C:\Users\barra\Desktop\Ryan\Perso\JavaProjects\BudgetApp\BudgetApp.java. Using fallback presentation compiler.
C:\Users\barra\Desktop\Ryan\Perso\JavaProjects\BudgetApp\BudgetApp.java:73: error: unmappable character (0x8F) for encoding windows-1252
        Button btnNouveauMois = new Button("ðŸ—“ï¸?");
                                                  ^
C:\Users\barra\Desktop\Ryan\Perso\JavaProjects\BudgetApp\BudgetApp.java:240: error: unmappable character (0x8F) for encoding windows-1252
            private final Button btnEdit = new Button("âœ?");
                                                         ^
2026.01.13 13:59:57 INFO  no build target found for C:\Users\barra\Desktop\Ryan\Perso\JavaProjects\BudgetApp\BudgetApp.java. Using fallback presentation compiler.
2026.01.13 13:59:58 WARN  no build target for: C:\Users\barra\Desktop\Ryan\Perso\JavaProjects\BudgetApp\BudgetApp.java
2026.01.13 13:59:58 INFO  no build target found for C:\Users\barra\Desktop\Ryan\Perso\JavaProjects\BudgetApp\BudgetApp.java. Using fallback presentation compiler.
2026.01.13 13:59:59 INFO  no build target found for C:\Users\barra\Desktop\Ryan\Perso\JavaProjects\BudgetApp\BudgetApp.java. Using fallback presentation compiler.
2026.01.13 13:59:59 INFO  no build target found for C:\Users\barra\Desktop\Ryan\Perso\JavaProjects\BudgetApp\BudgetApp.java. Using fallback presentation compiler.
2026.01.13 13:59:59 INFO  no build target found for C:\Users\barra\Desktop\Ryan\Perso\JavaProjects\BudgetApp\BudgetApp.java. Using fallback presentation compiler.
2026.01.13 13:59:59 INFO  no build target found for C:\Users\barra\Desktop\Ryan\Perso\JavaProjects\BudgetApp\BudgetApp.java. Using fallback presentation compiler.
2026.01.13 14:00:00 INFO  no build target found for C:\Users\barra\Desktop\Ryan\Perso\JavaProjects\BudgetApp\BudgetApp.java. Using fallback presentation compiler.
2026.01.13 14:00:00 INFO  no build target found for C:\Users\barra\Desktop\Ryan\Perso\JavaProjects\BudgetApp\BudgetApp.java. Using fallback presentation compiler.
2026.01.13 14:00:00 INFO  no build target found for C:\Users\barra\Desktop\Ryan\Perso\JavaProjects\BudgetApp\BudgetApp.java. Using fallback presentation compiler.
2026.01.13 14:00:00 INFO  no build target found for C:\Users\barra\Desktop\Ryan\Perso\JavaProjects\BudgetApp\BudgetApp.java. Using fallback presentation compiler.
2026.01.13 14:00:01 INFO  no build target found for C:\Users\barra\Desktop\Ryan\Perso\JavaProjects\BudgetApp\BudgetApp.java. Using fallback presentation compiler.
2026.01.13 14:00:00 INFO  no build target found for C:\Users\barra\Desktop\Ryan\Perso\JavaProjects\BudgetApp\BudgetApp.java. Using fallback presentation compiler.
2026.01.13 14:00:02 INFO  no build target found for C:\Users\barra\Desktop\Ryan\Perso\JavaProjects\BudgetApp\BudgetApp.java. Using fallback presentation compiler.
2026.01.13 14:00:02 INFO  no build target found for C:\Users\barra\Desktop\Ryan\Perso\JavaProjects\BudgetApp\BudgetApp.java. Using fallback presentation compiler.
C:\Users\barra\Desktop\Ryan\Perso\JavaProjects\BudgetApp\BudgetApp.java:73: error: unmappable character (0x8F) for encoding windows-1252
        Button btnNouveauMois = new Button("ðŸ—“ï¸?");
                                                  ^
C:\Users\barra\Desktop\Ryan\Perso\JavaProjects\BudgetApp\BudgetApp.java:240: error: unmappable character (0x8F) for encoding windows-1252
            private final Button btnEdit = new Button("âœ?");
                                                         ^
2026.01.13 14:00:02 INFO  no build target found for C:\Users\barra\Desktop\Ryan\Perso\JavaProjects\BudgetApp\BudgetApp.java. Using fallback presentation compiler.
2026.01.13 14:00:04 INFO  no build target found for C:\Users\barra\Desktop\Ryan\Perso\JavaProjects\BudgetApp\BudgetApp.java. Using fallback presentation compiler.
2026.01.13 14:00:05 WARN  no build target for: C:\Users\barra\Desktop\Ryan\Perso\JavaProjects\BudgetApp\BudgetApp.java
2026.01.13 14:00:05 INFO  no build target found for C:\Users\barra\Desktop\Ryan\Perso\JavaProjects\BudgetApp\BudgetApp.java. Using fallback presentation compiler.
2026.01.13 14:00:06 INFO  no build target found for C:\Users\barra\Desktop\Ryan\Perso\JavaProjects\BudgetApp\BudgetApp.java. Using fallback presentation compiler.
2026.01.13 14:00:07 INFO  no build target found for C:\Users\barra\Desktop\Ryan\Perso\JavaProjects\BudgetApp\BudgetApp.java. Using fallback presentation compiler.
2026.01.13 14:00:07 INFO  no build target found for C:\Users\barra\Desktop\Ryan\Perso\JavaProjects\BudgetApp\BudgetApp.java. Using fallback presentation compiler.
2026.01.13 14:00:13 INFO  no build target found for C:\Users\barra\Desktop\Ryan\Perso\JavaProjects\BudgetApp\BudgetApp.java. Using fallback presentation compiler.
2026.01.13 14:00:15 INFO  no build target found for C:\Users\barra\Desktop\Ryan\Perso\JavaProjects\BudgetApp\BudgetApp.java. Using fallback presentation compiler.
janv. 13, 2026 2:00:15 PM org.eclipse.lsp4j.jsonrpc.RemoteEndpoint handleCancellation
WARNING: Unmatched cancel notification for request id 1178
2026.01.13 14:00:16 INFO  no build target found for C:\Users\barra\Desktop\Ryan\Perso\JavaProjects\BudgetApp\BudgetApp.java. Using fallback presentation compiler.
janv. 13, 2026 2:00:16 PM org.eclipse.lsp4j.jsonrpc.RemoteEndpoint handleCancellation
WARNING: Unmatched cancel notification for request id 1179
2026.01.13 14:00:16 INFO  no build target found for C:\Users\barra\Desktop\Ryan\Perso\JavaProjects\BudgetApp\BudgetApp.java. Using fallback presentation compiler.
2026.01.13 14:00:17 INFO  no build target found for C:\Users\barra\Desktop\Ryan\Perso\JavaProjects\BudgetApp\BudgetApp.java. Using fallback presentation compiler.
2026.01.13 14:00:17 INFO  no build target found for C:\Users\barra\Desktop\Ryan\Perso\JavaProjects\BudgetApp\BudgetApp.java. Using fallback presentation compiler.
2026.01.13 14:00:18 INFO  no build target found for C:\Users\barra\Desktop\Ryan\Perso\JavaProjects\BudgetApp\BudgetApp.java. Using fallback presentation compiler.
2026.01.13 14:00:18 INFO  no build target found for C:\Users\barra\Desktop\Ryan\Perso\JavaProjects\BudgetApp\BudgetApp.java. Using fallback presentation compiler.
2026.01.13 14:00:20 INFO  no build target found for C:\Users\barra\Desktop\Ryan\Perso\JavaProjects\BudgetApp\BudgetApp.java. Using fallback presentation compiler.
2026.01.13 14:00:20 INFO  no build target found for C:\Users\barra\Desktop\Ryan\Perso\JavaProjects\BudgetApp\BudgetApp.java. Using fallback presentation compiler.
2026.01.13 14:00:20 INFO  no build target found for C:\Users\barra\Desktop\Ryan\Perso\JavaProjects\BudgetApp\BudgetApp.java. Using fallback presentation compiler.
2026.01.13 14:00:20 INFO  no build target found for C:\Users\barra\Desktop\Ryan\Perso\JavaProjects\BudgetApp\BudgetApp.java. Using fallback presentation compiler.
2026.01.13 14:00:20 INFO  no build target found for C:\Users\barra\Desktop\Ryan\Perso\JavaProjects\BudgetApp\BudgetApp.java. Using fallback presentation compiler.
2026.01.13 14:00:20 INFO  no build target found for C:\Users\barra\Desktop\Ryan\Perso\JavaProjects\BudgetApp\BudgetApp.java. Using fallback presentation compiler.
2026.01.13 14:00:20 INFO  no build target found for C:\Users\barra\Desktop\Ryan\Perso\JavaProjects\BudgetApp\BudgetApp.java. Using fallback presentation compiler.
2026.01.13 14:00:20 INFO  no build target found for C:\Users\barra\Desktop\Ryan\Perso\JavaProjects\BudgetApp\BudgetApp.java. Using fallback presentation compiler.
C:\Users\barra\Desktop\Ryan\Perso\JavaProjects\BudgetApp\BudgetApp.java:73: error: unmappable character (0x8F) for encoding windows-1252
        Button btnNouveauMois = new Button("ðŸ—“ï¸?");
                                                  ^
C:\Users\barra\Desktop\Ryan\Perso\JavaProjects\BudgetApp\BudgetApp.java:240: error: unmappable character (0x8F) for encoding windows-1252
            private final Button btnEdit = new Button("âœ?");
                                                         ^
2026.01.13 14:00:21 INFO  no build target found for C:\Users\barra\Desktop\Ryan\Perso\JavaProjects\BudgetApp\BudgetApp.java. Using fallback presentation compiler.
2026.01.13 14:00:22 INFO  no build target found for C:\Users\barra\Desktop\Ryan\Perso\JavaProjects\BudgetApp\BudgetApp.java. Using fallback presentation compiler.
2026.01.13 14:00:22 INFO  no build target found for C:\Users\barra\Desktop\Ryan\Perso\JavaProjects\BudgetApp\BudgetApp.java. Using fallback presentation compiler.
2026.01.13 14:00:22 INFO  no build target found for C:\Users\barra\Desktop\Ryan\Perso\JavaProjects\BudgetApp\BudgetApp.java. Using fallback presentation compiler.
2026.01.13 14:00:22 INFO  no build target found for C:\Users\barra\Desktop\Ryan\Perso\JavaProjects\BudgetApp\BudgetApp.java. Using fallback presentation compiler.
2026.01.13 14:00:23 WARN  no build target for: C:\Users\barra\Desktop\Ryan\Perso\JavaProjects\BudgetApp\BudgetApp.java
2026.01.13 14:00:23 INFO  no build target found for C:\Users\barra\Desktop\Ryan\Perso\JavaProjects\BudgetApp\BudgetApp.java. Using fallback presentation compiler.
2026.01.13 14:00:24 INFO  no build target found for C:\Users\barra\Desktop\Ryan\Perso\JavaProjects\BudgetApp\BudgetApp.java. Using fallback presentation compiler.
2026.01.13 14:00:27 INFO  no build target found for C:\Users\barra\Desktop\Ryan\Perso\JavaProjects\BudgetApp\BudgetApp.java. Using fallback presentation compiler.
2026.01.13 14:00:27 INFO  no build target found for C:\Users\barra\Desktop\Ryan\Perso\JavaProjects\BudgetApp\BudgetApp.java. Using fallback presentation compiler.
2026.01.13 14:00:28 INFO  no build target found for C:\Users\barra\Desktop\Ryan\Perso\JavaProjects\BudgetApp\BudgetApp.java. Using fallback presentation compiler.
2026.01.13 14:00:36 INFO  no build target found for C:\Users\barra\Desktop\Ryan\Perso\JavaProjects\BudgetApp\BudgetApp.java. Using fallback presentation compiler.
2026.01.13 14:00:36 INFO  no build target found for C:\Users\barra\Desktop\Ryan\Perso\JavaProjects\BudgetApp\BudgetApp.java. Using fallback presentation compiler.
2026.01.13 14:00:36 INFO  no build target found for C:\Users\barra\Desktop\Ryan\Perso\JavaProjects\BudgetApp\BudgetApp.java. Using fallback presentation compiler.
2026.01.13 14:00:37 INFO  no build target found for C:\Users\barra\Desktop\Ryan\Perso\JavaProjects\BudgetApp\BudgetApp.java. Using fallback presentation compiler.
2026.01.13 14:00:37 INFO  no build target found for C:\Users\barra\Desktop\Ryan\Perso\JavaProjects\BudgetApp\BudgetApp.java. Using fallback presentation compiler.
2026.01.13 14:00:37 INFO  no build target found for C:\Users\barra\Desktop\Ryan\Perso\JavaProjects\BudgetApp\BudgetApp.java. Using fallback presentation compiler.
2026.01.13 14:00:38 INFO  no build target found for C:\Users\barra\Desktop\Ryan\Perso\JavaProjects\BudgetApp\BudgetApp.java. Using fallback presentation compiler.
2026.01.13 14:00:38 INFO  no build target found for C:\Users\barra\Desktop\Ryan\Perso\JavaProjects\BudgetApp\BudgetApp.java. Using fallback presentation compiler.
2026.01.13 14:00:38 INFO  no build target found for C:\Users\barra\Desktop\Ryan\Perso\JavaProjects\BudgetApp\BudgetApp.java. Using fallback presentation compiler.
2026.01.13 14:00:38 INFO  no build target found for C:\Users\barra\Desktop\Ryan\Perso\JavaProjects\BudgetApp\BudgetApp.java. Using fallback presentation compiler.
2026.01.13 14:00:38 INFO  no build target found for C:\Users\barra\Desktop\Ryan\Perso\JavaProjects\BudgetApp\BudgetApp.java. Using fallback presentation compiler.
2026.01.13 14:00:38 INFO  no build target found for C:\Users\barra\Desktop\Ryan\Perso\JavaProjects\BudgetApp\BudgetApp.java. Using fallback presentation compiler.
2026.01.13 14:00:39 INFO  no build target found for C:\Users\barra\Desktop\Ryan\Perso\JavaProjects\BudgetApp\BudgetApp.java. Using fallback presentation compiler.
C:\Users\barra\Desktop\Ryan\Perso\JavaProjects\BudgetApp\BudgetApp.java:73: error: unmappable character (0x8F) for encoding windows-1252
        Button btnNouveauMois = new Button("ðŸ—“ï¸?");
                                                  ^
C:\Users\barra\Desktop\Ryan\Perso\JavaProjects\BudgetApp\BudgetApp.java:240: error: unmappable character (0x8F) for encoding windows-1252
            private final Button btnEdit = new Button("âœ?");
                                                         ^
2026.01.13 14:00:39 INFO  no build target found for C:\Users\barra\Desktop\Ryan\Perso\JavaProjects\BudgetApp\BudgetApp.java. Using fallback presentation compiler.
2026.01.13 14:00:41 INFO  no build target found for C:\Users\barra\Desktop\Ryan\Perso\JavaProjects\BudgetApp\BudgetApp.java. Using fallback presentation compiler.
2026.01.13 14:00:41 INFO  no build target found for C:\Users\barra\Desktop\Ryan\Perso\JavaProjects\BudgetApp\BudgetApp.java. Using fallback presentation compiler.
2026.01.13 14:00:41 INFO  no build target found for C:\Users\barra\Desktop\Ryan\Perso\JavaProjects\BudgetApp\BudgetApp.java. Using fallback presentation compiler.
2026.01.13 14:00:41 INFO  no build target found for C:\Users\barra\Desktop\Ryan\Perso\JavaProjects\BudgetApp\BudgetApp.java. Using fallback presentation compiler.
janv. 13, 2026 2:00:42 PM org.eclipse.lsp4j.jsonrpc.RemoteEndpoint handleCancellation
WARNING: Unmatched cancel notification for request id 1246
2026.01.13 14:00:41 INFO  no build target found for C:\Users\barra\Desktop\Ryan\Perso\JavaProjects\BudgetApp\BudgetApp.java. Using fallback presentation compiler.
C:\Users\barra\Desktop\Ryan\Perso\JavaProjects\BudgetApp\BudgetApp.java:73: error: unmappable character (0x8F) for encoding windows-1252
        Button btnNouveauMois = new Button("ðŸ—“ï¸?");
                                                  ^
C:\Users\barra\Desktop\Ryan\Perso\JavaProjects\BudgetApp\BudgetApp.java:240: error: unmappable character (0x8F) for encoding windows-1252
            private final Button btnEdit = new Button("âœ?");
                                                         ^
2026.01.13 14:00:41 INFO  no build target found for C:\Users\barra\Desktop\Ryan\Perso\JavaProjects\BudgetApp\BudgetApp.java. Using fallback presentation compiler.
2026.01.13 14:00:41 INFO  no build target found for C:\Users\barra\Desktop\Ryan\Perso\JavaProjects\BudgetApp\BudgetApp.java. Using fallback presentation compiler.
2026.01.13 14:00:42 INFO  no build target found for C:\Users\barra\Desktop\Ryan\Perso\JavaProjects\BudgetApp\BudgetApp.java. Using fallback presentation compiler.
2026.01.13 14:00:41 INFO  no build target found for C:\Users\barra\Desktop\Ryan\Perso\JavaProjects\BudgetApp\BudgetApp.java. Using fallback presentation compiler.
2026.01.13 14:00:42 INFO  no build target found for C:\Users\barra\Desktop\Ryan\Perso\JavaProjects\BudgetApp\BudgetApp.java. Using fallback presentation compiler.
janv. 13, 2026 2:00:42 PM org.eclipse.lsp4j.jsonrpc.RemoteEndpoint handleCancellation
WARNING: Unmatched cancel notification for request id 1247
2026.01.13 14:00:42 INFO  no build target found for C:\Users\barra\Desktop\Ryan\Perso\JavaProjects\BudgetApp\BudgetApp.java. Using fallback presentation compiler.
C:\Users\barra\Desktop\Ryan\Perso\JavaProjects\BudgetApp\BudgetApp.java:73: error: unmappable character (0x8F) for encoding windows-1252
        Button btnNouveauMois = new Button("ðŸ—“ï¸?");
                                                  ^
C:\Users\barra\Desktop\Ryan\Perso\JavaProjects\BudgetApp\BudgetApp.java:240: error: unmappable character (0x8F) for encoding windows-1252
            private final Button btnEdit = new Button("âœ?");
                                                         ^
2026.01.13 14:00:42 INFO  no build target found for C:\Users\barra\Desktop\Ryan\Perso\JavaProjects\BudgetApp\BudgetApp.java. Using fallback presentation compiler.
2026.01.13 14:00:42 INFO  no build target found for C:\Users\barra\Desktop\Ryan\Perso\JavaProjects\BudgetApp\BudgetApp.java. Using fallback presentation compiler.
2026.01.13 14:00:43 INFO  no build target found for C:\Users\barra\Desktop\Ryan\Perso\JavaProjects\BudgetApp\BudgetApp.java. Using fallback presentation compiler.
2026.01.13 14:00:42 INFO  no build target found for C:\Users\barra\Desktop\Ryan\Perso\JavaProjects\BudgetApp\BudgetApp.java. Using fallback presentation compiler.
2026.01.13 14:00:42 INFO  no build target found for C:\Users\barra\Desktop\Ryan\Perso\JavaProjects\BudgetApp\BudgetApp.java. Using fallback presentation compiler.
2026.01.13 14:00:43 INFO  no build target found for C:\Users\barra\Desktop\Ryan\Perso\JavaProjects\BudgetApp\BudgetApp.java. Using fallback presentation compiler.
C:\Users\barra\Desktop\Ryan\Perso\JavaProjects\BudgetApp\BudgetApp.java:73: error: unmappable character (0x8F) for encoding windows-1252
        Button btnNouveauMois = new Button("ðŸ—“ï¸?");
                                                  ^
C:\Users\barra\Desktop\Ryan\Perso\JavaProjects\BudgetApp\BudgetApp.java:240: error: unmappable character (0x8F) for encoding windows-1252
            private final Button btnEdit = new Button("âœ?");
                                                         ^
2026.01.13 14:00:43 INFO  no build target found for C:\Users\barra\Desktop\Ryan\Perso\JavaProjects\BudgetApp\BudgetApp.java. Using fallback presentation compiler.
2026.01.13 14:00:50 WARN  no build target for: C:\Users\barra\Desktop\Ryan\Perso\JavaProjects\BudgetApp\BudgetApp.java
2026.01.13 14:00:50 INFO  no build target found for C:\Users\barra\Desktop\Ryan\Perso\JavaProjects\BudgetApp\BudgetApp.java. Using fallback presentation compiler.
2026.01.13 14:00:51 INFO  no build target found for C:\Users\barra\Desktop\Ryan\Perso\JavaProjects\BudgetApp\BudgetApp.java. Using fallback presentation compiler.
2026.01.13 14:00:51 INFO  no build target found for C:\Users\barra\Desktop\Ryan\Perso\JavaProjects\BudgetApp\BudgetApp.java. Using fallback presentation compiler.
2026.01.13 14:00:51 INFO  no build target found for C:\Users\barra\Desktop\Ryan\Perso\JavaProjects\BudgetApp\BudgetApp.java. Using fallback presentation compiler.
2026.01.13 14:00:53 INFO  no build target found for C:\Users\barra\Desktop\Ryan\Perso\JavaProjects\BudgetApp\BudgetApp.java. Using fallback presentation compiler.
2026.01.13 14:00:53 INFO  no build target found for C:\Users\barra\Desktop\Ryan\Perso\JavaProjects\BudgetApp\BudgetApp.java. Using fallback presentation compiler.
2026.01.13 14:00:53 INFO  no build target found for C:\Users\barra\Desktop\Ryan\Perso\JavaProjects\BudgetApp\BudgetApp.java. Using fallback presentation compiler.
2026.01.13 14:00:53 INFO  no build target found for C:\Users\barra\Desktop\Ryan\Perso\JavaProjects\BudgetApp\BudgetApp.java. Using fallback presentation compiler.
2026.01.13 14:00:53 INFO  no build target found for C:\Users\barra\Desktop\Ryan\Perso\JavaProjects\BudgetApp\BudgetApp.java. Using fallback presentation compiler.
C:\Users\barra\Desktop\Ryan\Perso\JavaProjects\BudgetApp\BudgetApp.java:73: error: unmappable character (0x8F) for encoding windows-1252
        Button btnNouveauMois = new Button("ðŸ—“ï¸? Changer de Mois");
                                                  ^
C:\Users\barra\Desktop\Ryan\Perso\JavaProjects\BudgetApp\BudgetApp.java:240: error: unmappable character (0x8F) for encoding windows-1252
            private final Button btnEdit = new Button("âœ?");
                                                         ^
2026.01.13 14:00:54 INFO  no build target found for C:\Users\barra\Desktop\Ryan\Perso\JavaProjects\BudgetApp\BudgetApp.java. Using fallback presentation compiler.
2026.01.13 14:00:54 WARN  no build target for: C:\Users\barra\Desktop\Ryan\Perso\JavaProjects\BudgetApp\BudgetApp.java
2026.01.13 14:00:54 INFO  no build target found for C:\Users\barra\Desktop\Ryan\Perso\JavaProjects\BudgetApp\BudgetApp.java. Using fallback presentation compiler.
2026.01.13 14:00:54 INFO  no build target found for C:\Users\barra\Desktop\Ryan\Perso\JavaProjects\BudgetApp\BudgetApp.java. Using fallback presentation compiler.
2026.01.13 14:00:54 INFO  no build target found for C:\Users\barra\Desktop\Ryan\Perso\JavaProjects\BudgetApp\BudgetApp.java. Using fallback presentation compiler.
2026.01.13 14:00:55 INFO  no build target found for C:\Users\barra\Desktop\Ryan\Perso\JavaProjects\BudgetApp\BudgetApp.java. Using fallback presentation compiler.
2026.01.13 14:00:58 INFO  no build target found for C:\Users\barra\Desktop\Ryan\Perso\JavaProjects\BudgetApp\BudgetApp.java. Using fallback presentation compiler.
2026.01.13 14:00:58 INFO  no build target found for C:\Users\barra\Desktop\Ryan\Perso\JavaProjects\BudgetApp\BudgetApp.java. Using fallback presentation compiler.
2026.01.13 14:00:58 INFO  no build target found for C:\Users\barra\Desktop\Ryan\Perso\JavaProjects\BudgetApp\BudgetApp.java. Using fallback presentation compiler.
2026.01.13 14:00:58 WARN  no build target for: C:\Users\barra\Desktop\Ryan\Perso\JavaProjects\BudgetApp\BudgetApp.java
2026.01.13 14:00:58 INFO  no build target found for C:\Users\barra\Desktop\Ryan\Perso\JavaProjects\BudgetApp\BudgetApp.java. Using fallback presentation compiler.
2026.01.13 14:00:58 INFO  no build target found for C:\Users\barra\Desktop\Ryan\Perso\JavaProjects\BudgetApp\BudgetApp.java. Using fallback presentation compiler.
2026.01.13 14:00:59 INFO  no build target found for C:\Users\barra\Desktop\Ryan\Perso\JavaProjects\BudgetApp\BudgetApp.java. Using fallback presentation compiler.
2026.01.13 14:01:03 INFO  no build target found for C:\Users\barra\Desktop\Ryan\Perso\JavaProjects\BudgetApp\BudgetApp.java. Using fallback presentation compiler.
2026.01.13 14:01:03 INFO  no build target found for C:\Users\barra\Desktop\Ryan\Perso\JavaProjects\BudgetApp\BudgetApp.java. Using fallback presentation compiler.
2026.01.13 14:01:14 WARN  no build target for: C:\Users\barra\Desktop\Ryan\Perso\JavaProjects\BudgetApp\BudgetApp.java
2026.01.13 14:01:14 INFO  no build target found for C:\Users\barra\Desktop\Ryan\Perso\JavaProjects\BudgetApp\BudgetApp.java. Using fallback presentation compiler.
2026.01.13 14:01:50 INFO  no build target found for C:\Users\barra\Desktop\Ryan\Perso\JavaProjects\BudgetApp\BudgetApp.java. Using fallback presentation compiler.
2026.01.13 14:01:50 INFO  no build target found for C:\Users\barra\Desktop\Ryan\Perso\JavaProjects\BudgetApp\BudgetApp.java. Using fallback presentation compiler.
2026.01.13 14:01:53 INFO  no build target found for C:\Users\barra\Desktop\Ryan\Perso\JavaProjects\BudgetApp\BudgetApp.java. Using fallback presentation compiler.
2026.01.13 14:01:53 INFO  no build target found for C:\Users\barra\Desktop\Ryan\Perso\JavaProjects\BudgetApp\BudgetApp.java. Using fallback presentation compiler.
2026.01.13 14:01:54 INFO  no build target found for C:\Users\barra\Desktop\Ryan\Perso\JavaProjects\BudgetApp\BudgetApp.java. Using fallback presentation compiler.
2026.01.13 14:01:54 INFO  no build target found for C:\Users\barra\Desktop\Ryan\Perso\JavaProjects\BudgetApp\BudgetApp.java. Using fallback presentation compiler.
2026.01.13 14:01:55 INFO  no build target found for C:\Users\barra\Desktop\Ryan\Perso\JavaProjects\BudgetApp\BudgetApp.java. Using fallback presentation compiler.
2026.01.13 14:01:57 INFO  no build target found for C:\Users\barra\Desktop\Ryan\Perso\JavaProjects\BudgetApp\BudgetApp.java. Using fallback presentation compiler.
2026.01.13 14:02:01 INFO  no build target found for C:\Users\barra\Desktop\Ryan\Perso\JavaProjects\BudgetApp\BudgetApp.java. Using fallback presentation compiler.
2026.01.13 14:02:01 INFO  no build target found for C:\Users\barra\Desktop\Ryan\Perso\JavaProjects\BudgetApp\BudgetApp.java. Using fallback presentation compiler.
2026.01.13 14:02:03 INFO  no build target found for C:\Users\barra\Desktop\Ryan\Perso\JavaProjects\BudgetApp\BudgetApp.java. Using fallback presentation compiler.
2026.01.13 14:02:05 INFO  no build target found for C:\Users\barra\Desktop\Ryan\Perso\JavaProjects\BudgetApp\BudgetApp.java. Using fallback presentation compiler.
2026.01.13 14:02:05 INFO  no build target found for C:\Users\barra\Desktop\Ryan\Perso\JavaProjects\BudgetApp\BudgetApp.java. Using fallback presentation compiler.
2026.01.13 14:02:08 INFO  no build target found for C:\Users\barra\Desktop\Ryan\Perso\JavaProjects\BudgetApp\BudgetApp.java. Using fallback presentation compiler.
2026.01.13 14:02:09 INFO  no build target found for C:\Users\barra\Desktop\Ryan\Perso\JavaProjects\BudgetApp\BudgetApp.java. Using fallback presentation compiler.
2026.01.13 14:02:09 INFO  no build target found for C:\Users\barra\Desktop\Ryan\Perso\JavaProjects\BudgetApp\BudgetApp.java. Using fallback presentation compiler.
2026.01.13 14:02:14 INFO  no build target found for C:\Users\barra\Desktop\Ryan\Perso\JavaProjects\BudgetApp\BudgetApp.java. Using fallback presentation compiler.
2026.01.13 14:02:14 INFO  no build target found for C:\Users\barra\Desktop\Ryan\Perso\JavaProjects\BudgetApp\BudgetApp.java. Using fallback presentation compiler.
2026.01.13 14:02:17 INFO  no build target found for C:\Users\barra\Desktop\Ryan\Perso\JavaProjects\BudgetApp\BudgetApp.java. Using fallback presentation compiler.
2026.01.13 14:02:20 INFO  no build target found for C:\Users\barra\Desktop\Ryan\Perso\JavaProjects\BudgetApp\BudgetApp.java. Using fallback presentation compiler.
2026.01.13 14:02:20 INFO  no build target found for C:\Users\barra\Desktop\Ryan\Perso\JavaProjects\BudgetApp\BudgetApp.java. Using fallback presentation compiler.
2026.01.13 14:02:22 INFO  no build target found for C:\Users\barra\Desktop\Ryan\Perso\JavaProjects\BudgetApp\BudgetApp.java. Using fallback presentation compiler.
2026.01.13 14:02:22 INFO  no build target found for C:\Users\barra\Desktop\Ryan\Perso\JavaProjects\BudgetApp\BudgetApp.java. Using fallback presentation compiler.
2026.01.13 14:02:24 INFO  no build target found for C:\Users\barra\Desktop\Ryan\Perso\JavaProjects\BudgetApp\BudgetApp.java. Using fallback presentation compiler.
2026.01.13 14:02:27 INFO  no build target found for C:\Users\barra\Desktop\Ryan\Perso\JavaProjects\BudgetApp\BudgetApp.java. Using fallback presentation compiler.
2026.01.13 14:02:33 INFO  no build target found for C:\Users\barra\Desktop\Ryan\Perso\JavaProjects\BudgetApp\BudgetApp.java. Using fallback presentation compiler.
2026.01.13 14:02:34 INFO  no build target found for C:\Users\barra\Desktop\Ryan\Perso\JavaProjects\BudgetApp\BudgetApp.java. Using fallback presentation compiler.
2026.01.13 14:02:34 INFO  no build target found for C:\Users\barra\Desktop\Ryan\Perso\JavaProjects\BudgetApp\BudgetApp.java. Using fallback presentation compiler.
2026.01.13 14:02:34 INFO  no build target found for C:\Users\barra\Desktop\Ryan\Perso\JavaProjects\BudgetApp\BudgetApp.java. Using fallback presentation compiler.
2026.01.13 14:02:36 INFO  no build target found for C:\Users\barra\Desktop\Ryan\Perso\JavaProjects\BudgetApp\BudgetApp.java. Using fallback presentation compiler.
2026.01.13 14:02:36 INFO  no build target found for C:\Users\barra\Desktop\Ryan\Perso\JavaProjects\BudgetApp\BudgetApp.java. Using fallback presentation compiler.
2026.01.13 14:02:36 INFO  no build target found for C:\Users\barra\Desktop\Ryan\Perso\JavaProjects\BudgetApp\BudgetApp.java. Using fallback presentation compiler.
2026.01.13 14:02:38 INFO  no build target found for C:\Users\barra\Desktop\Ryan\Perso\JavaProjects\BudgetApp\BudgetApp.java. Using fallback presentation compiler.
2026.01.13 14:02:40 INFO  no build target found for C:\Users\barra\Desktop\Ryan\Perso\JavaProjects\BudgetApp\BudgetApp.java. Using fallback presentation compiler.
2026.01.13 14:02:40 INFO  no build target found for C:\Users\barra\Desktop\Ryan\Perso\JavaProjects\BudgetApp\BudgetApp.java. Using fallback presentation compiler.
2026.01.13 14:02:41 INFO  no build target found for C:\Users\barra\Desktop\Ryan\Perso\JavaProjects\BudgetApp\BudgetApp.java. Using fallback presentation compiler.
2026.01.13 14:02:41 INFO  no build target found for C:\Users\barra\Desktop\Ryan\Perso\JavaProjects\BudgetApp\BudgetApp.java. Using fallback presentation compiler.
2026.01.13 14:02:56 INFO  no build target found for C:\Users\barra\Desktop\Ryan\Perso\JavaProjects\BudgetApp\BudgetApp.java. Using fallback presentation compiler.
2026.01.13 14:03:02 INFO  no build target found for C:\Users\barra\Desktop\Ryan\Perso\JavaProjects\BudgetApp\BudgetApp.java. Using fallback presentation compiler.
2026.01.13 14:03:02 INFO  no build target found for C:\Users\barra\Desktop\Ryan\Perso\JavaProjects\BudgetApp\BudgetApp.java. Using fallback presentation compiler.
2026.01.13 14:03:02 INFO  no build target found for C:\Users\barra\Desktop\Ryan\Perso\JavaProjects\BudgetApp\BudgetApp.java. Using fallback presentation compiler.
2026.01.13 14:03:04 INFO  no build target found for C:\Users\barra\Desktop\Ryan\Perso\JavaProjects\BudgetApp\BudgetApp.java. Using fallback presentation compiler.
2026.01.13 14:03:06 INFO  no build target found for C:\Users\barra\Desktop\Ryan\Perso\JavaProjects\BudgetApp\BudgetApp.java. Using fallback presentation compiler.
2026.01.13 14:03:06 INFO  no build target found for C:\Users\barra\Desktop\Ryan\Perso\JavaProjects\BudgetApp\BudgetApp.java. Using fallback presentation compiler.
2026.01.13 14:03:08 INFO  no build target found for C:\Users\barra\Desktop\Ryan\Perso\JavaProjects\BudgetApp\BudgetApp.java. Using fallback presentation compiler.
2026.01.13 14:03:08 INFO  no build target found for C:\Users\barra\Desktop\Ryan\Perso\JavaProjects\BudgetApp\BudgetApp.java. Using fallback presentation compiler.
2026.01.13 14:03:15 INFO  no build target found for C:\Users\barra\Desktop\Ryan\Perso\JavaProjects\BudgetApp\BudgetApp.java. Using fallback presentation compiler.
2026.01.13 14:03:15 INFO  no build target found for C:\Users\barra\Desktop\Ryan\Perso\JavaProjects\BudgetApp\BudgetApp.java. Using fallback presentation compiler.
2026.01.13 14:03:15 INFO  no build target found for C:\Users\barra\Desktop\Ryan\Perso\JavaProjects\BudgetApp\BudgetApp.java. Using fallback presentation compiler.
2026.01.13 14:03:15 INFO  no build target found for C:\Users\barra\Desktop\Ryan\Perso\JavaProjects\BudgetApp\BudgetApp.java. Using fallback presentation compiler.
2026.01.13 14:03:17 INFO  no build target found for C:\Users\barra\Desktop\Ryan\Perso\JavaProjects\BudgetApp\BudgetApp.java. Using fallback presentation compiler.
2026.01.13 14:03:18 INFO  no build target found for C:\Users\barra\Desktop\Ryan\Perso\JavaProjects\BudgetApp\BudgetApp.java. Using fallback presentation compiler.
2026.01.13 14:03:20 INFO  no build target found for C:\Users\barra\Desktop\Ryan\Perso\JavaProjects\BudgetApp\BudgetApp.java. Using fallback presentation compiler.
2026.01.13 14:03:21 INFO  no build target found for C:\Users\barra\Desktop\Ryan\Perso\JavaProjects\BudgetApp\BudgetApp.java. Using fallback presentation compiler.
2026.01.13 14:03:23 INFO  no build target found for C:\Users\barra\Desktop\Ryan\Perso\JavaProjects\BudgetApp\BudgetApp.java. Using fallback presentation compiler.
2026.01.13 14:03:23 INFO  no build target found for C:\Users\barra\Desktop\Ryan\Perso\JavaProjects\BudgetApp\BudgetApp.java. Using fallback presentation compiler.
janv. 13, 2026 2:03:24 PM org.eclipse.lsp4j.jsonrpc.RemoteEndpoint handleCancellation
WARNING: Unmatched cancel notification for request id 1437
2026.01.13 14:03:24 INFO  no build target found for C:\Users\barra\Desktop\Ryan\Perso\JavaProjects\BudgetApp\BudgetApp.java. Using fallback presentation compiler.
2026.01.13 14:03:23 INFO  no build target found for C:\Users\barra\Desktop\Ryan\Perso\JavaProjects\BudgetApp\BudgetApp.java. Using fallback presentation compiler.
C:\Users\barra\Desktop\Ryan\Perso\JavaProjects\BudgetApp\BudgetApp.java:73: error: unmappable character (0x8F) for encoding windows-1252
        Button btnNouveauMois = new Button("ðŸ—“ï¸? Changer de mois");
                                                  ^
C:\Users\barra\Desktop\Ryan\Perso\JavaProjects\BudgetApp\BudgetApp.java:240: error: unmappable character (0x8F) for encoding windows-1252
            private final Button btnEdit = new Button("âœ?");
                                                         ^
2026.01.13 14:03:23 INFO  no build target found for C:\Users\barra\Desktop\Ryan\Perso\JavaProjects\BudgetApp\BudgetApp.java. Using fallback presentation compiler.
janv. 13, 2026 2:03:24 PM org.eclipse.lsp4j.jsonrpc.RemoteEndpoint handleCancellation
WARNING: Unmatched cancel notification for request id 1442
2026.01.13 14:03:24 INFO  no build target found for C:\Users\barra\Desktop\Ryan\Perso\JavaProjects\BudgetApp\BudgetApp.java. Using fallback presentation compiler.
2026.01.13 14:03:23 INFO  no build target found for C:\Users\barra\Desktop\Ryan\Perso\JavaProjects\BudgetApp\BudgetApp.java. Using fallback presentation compiler.
C:\Users\barra\Desktop\Ryan\Perso\JavaProjects\BudgetApp\BudgetApp.java:73: error: unmappable character (0x8F) for encoding windows-1252
        Button btnNouveauMois = new Button("ðŸ—“ï¸? Changer de mois");
                                                  ^
C:\Users\barra\Desktop\Ryan\Perso\JavaProjects\BudgetApp\BudgetApp.java:240: error: unmappable character (0x8F) for encoding windows-1252
            private final Button btnEdit = new Button("âœ?");
                                                         ^
2026.01.13 14:03:23 INFO  no build target found for C:\Users\barra\Desktop\Ryan\Perso\JavaProjects\BudgetApp\BudgetApp.java. Using fallback presentation compiler.
2026.01.13 14:03:24 INFO  no build target found for C:\Users\barra\Desktop\Ryan\Perso\JavaProjects\BudgetApp\BudgetApp.java. Using fallback presentation compiler.
2026.01.13 14:03:25 INFO  no build target found for C:\Users\barra\Desktop\Ryan\Perso\JavaProjects\BudgetApp\BudgetApp.java. Using fallback presentation compiler.
2026.01.13 14:03:29 INFO  no build target found for C:\Users\barra\Desktop\Ryan\Perso\JavaProjects\BudgetApp\BudgetApp.java. Using fallback presentation compiler.
2026.01.13 14:03:35 WARN  no build target for: C:\Users\barra\Desktop\Ryan\Perso\JavaProjects\BudgetApp\BudgetApp.java
2026.01.13 14:03:35 INFO  no build target found for C:\Users\barra\Desktop\Ryan\Perso\JavaProjects\BudgetApp\BudgetApp.java. Using fallback presentation compiler.
2026.01.13 14:03:36 INFO  no build target found for C:\Users\barra\Desktop\Ryan\Perso\JavaProjects\BudgetApp\BudgetApp.java. Using fallback presentation compiler.
2026.01.13 14:03:40 INFO  no build target found for C:\Users\barra\Desktop\Ryan\Perso\JavaProjects\BudgetApp\BudgetApp.java. Using fallback presentation compiler.
2026.01.13 14:03:40 INFO  no build target found for C:\Users\barra\Desktop\Ryan\Perso\JavaProjects\BudgetApp\BudgetApp.java. Using fallback presentation compiler.
2026.01.13 14:03:40 INFO  no build target found for C:\Users\barra\Desktop\Ryan\Perso\JavaProjects\BudgetApp\BudgetApp.java. Using fallback presentation compiler.
2026.01.13 14:03:41 INFO  no build target found for C:\Users\barra\Desktop\Ryan\Perso\JavaProjects\BudgetApp\BudgetApp.java. Using fallback presentation compiler.
2026.01.13 14:03:41 INFO  no build target found for C:\Users\barra\Desktop\Ryan\Perso\JavaProjects\BudgetApp\BudgetApp.java. Using fallback presentation compiler.
2026.01.13 14:03:43 INFO  no build target found for C:\Users\barra\Desktop\Ryan\Perso\JavaProjects\BudgetApp\BudgetApp.java. Using fallback presentation compiler.
2026.01.13 14:03:43 INFO  no build target found for C:\Users\barra\Desktop\Ryan\Perso\JavaProjects\BudgetApp\BudgetApp.java. Using fallback presentation compiler.
2026.01.13 14:03:43 INFO  no build target found for C:\Users\barra\Desktop\Ryan\Perso\JavaProjects\BudgetApp\BudgetApp.java. Using fallback presentation compiler.
2026.01.13 14:03:43 INFO  no build target found for C:\Users\barra\Desktop\Ryan\Perso\JavaProjects\BudgetApp\BudgetApp.java. Using fallback presentation compiler.
2026.01.13 14:03:43 INFO  no build target found for C:\Users\barra\Desktop\Ryan\Perso\JavaProjects\BudgetApp\BudgetApp.java. Using fallback presentation compiler.
2026.01.13 14:03:43 INFO  no build target found for C:\Users\barra\Desktop\Ryan\Perso\JavaProjects\BudgetApp\BudgetApp.java. Using fallback presentation compiler.
2026.01.13 14:03:43 INFO  no build target found for C:\Users\barra\Desktop\Ryan\Perso\JavaProjects\BudgetApp\BudgetApp.java. Using fallback presentation compiler.
2026.01.13 14:03:43 INFO  no build target found for C:\Users\barra\Desktop\Ryan\Perso\JavaProjects\BudgetApp\BudgetApp.java. Using fallback presentation compiler.
janv. 13, 2026 2:03:44 PM org.eclipse.lsp4j.jsonrpc.RemoteEndpoint handleCancellation
WARNING: Unmatched cancel notification for request id 1470
2026.01.13 14:03:43 INFO  no build target found for C:\Users\barra\Desktop\Ryan\Perso\JavaProjects\BudgetApp\BudgetApp.java. Using fallback presentation compiler.
2026.01.13 14:03:43 INFO  no build target found for C:\Users\barra\Desktop\Ryan\Perso\JavaProjects\BudgetApp\BudgetApp.java. Using fallback presentation compiler.
C:\Users\barra\Desktop\Ryan\Perso\JavaProjects\BudgetApp\BudgetApp.java:73: error: unmappable character (0x8F) for encoding windows-1252
        Button btnNouveauMois = new Button("ðŸ—“ï¸? Changer de mois");
                                                  ^
C:\Users\barra\Desktop\Ryan\Perso\JavaProjects\BudgetApp\BudgetApp.java:240: error: unmappable character (0x8F) for encoding windows-1252
            private final Button btnEdit = new Button("âœ?");
                                                         ^
2026.01.13 14:03:44 INFO  no build target found for C:\Users\barra\Desktop\Ryan\Perso\JavaProjects\BudgetApp\BudgetApp.java. Using fallback presentation compiler.
2026.01.13 14:03:44 INFO  no build target found for C:\Users\barra\Desktop\Ryan\Perso\JavaProjects\BudgetApp\BudgetApp.java. Using fallback presentation compiler.
2026.01.13 14:03:44 INFO  no build target found for C:\Users\barra\Desktop\Ryan\Perso\JavaProjects\BudgetApp\BudgetApp.java. Using fallback presentation compiler.
2026.01.13 14:03:44 INFO  no build target found for C:\Users\barra\Desktop\Ryan\Perso\JavaProjects\BudgetApp\BudgetApp.java. Using fallback presentation compiler.
2026.01.13 14:03:44 INFO  no build target found for C:\Users\barra\Desktop\Ryan\Perso\JavaProjects\BudgetApp\BudgetApp.java. Using fallback presentation compiler.
C:\Users\barra\Desktop\Ryan\Perso\JavaProjects\BudgetApp\BudgetApp.java:73: error: unmappable character (0x8F) for encoding windows-1252
        Button btnNouveauMois = new Button("ðŸ—“ï¸? Changer de mois");
                                                  ^
C:\Users\barra\Desktop\Ryan\Perso\JavaProjects\BudgetApp\BudgetApp.java:240: error: unmappable character (0x8F) for encoding windows-1252
            private final Button btnEdit = new Button("âœ?");
                                                         ^
2026.01.13 14:03:44 INFO  no build target found for C:\Users\barra\Desktop\Ryan\Perso\JavaProjects\BudgetApp\BudgetApp.java. Using fallback presentation compiler.
2026.01.13 14:03:46 INFO  no build target found for C:\Users\barra\Desktop\Ryan\Perso\JavaProjects\BudgetApp\BudgetApp.java. Using fallback presentation compiler.
2026.01.13 14:03:46 INFO  no build target found for C:\Users\barra\Desktop\Ryan\Perso\JavaProjects\BudgetApp\BudgetApp.java. Using fallback presentation compiler.
2026.01.13 14:03:46 INFO  no build target found for C:\Users\barra\Desktop\Ryan\Perso\JavaProjects\BudgetApp\BudgetApp.java. Using fallback presentation compiler.
2026.01.13 14:03:46 INFO  no build target found for C:\Users\barra\Desktop\Ryan\Perso\JavaProjects\BudgetApp\BudgetApp.java. Using fallback presentation compiler.
2026.01.13 14:03:46 INFO  no build target found for C:\Users\barra\Desktop\Ryan\Perso\JavaProjects\BudgetApp\BudgetApp.java. Using fallback presentation compiler.
2026.01.13 14:03:46 INFO  no build target found for C:\Users\barra\Desktop\Ryan\Perso\JavaProjects\BudgetApp\BudgetApp.java. Using fallback presentation compiler.
2026.01.13 14:03:46 INFO  no build target found for C:\Users\barra\Desktop\Ryan\Perso\JavaProjects\BudgetApp\BudgetApp.java. Using fallback presentation compiler.
janv. 13, 2026 2:03:46 PM org.eclipse.lsp4j.jsonrpc.RemoteEndpoint handleCancellation
WARNING: Unmatched cancel notification for request id 1491
2026.01.13 14:03:46 INFO  no build target found for C:\Users\barra\Desktop\Ryan\Perso\JavaProjects\BudgetApp\BudgetApp.java. Using fallback presentation compiler.
C:\Users\barra\Desktop\Ryan\Perso\JavaProjects\BudgetApp\BudgetApp.java:73: error: unmappable character (0x8F) for encoding windows-1252
        Button btnNouveauMois = new Button("ðŸ—“ï¸? Changer de mois");
                                                  ^
C:\Users\barra\Desktop\Ryan\Perso\JavaProjects\BudgetApp\BudgetApp.java:240: error: unmappable character (0x8F) for encoding windows-1252
            private final Button btnEdit = new Button("âœ?");
                                                         ^
2026.01.13 14:03:46 INFO  no build target found for C:\Users\barra\Desktop\Ryan\Perso\JavaProjects\BudgetApp\BudgetApp.java. Using fallback presentation compiler.
2026.01.13 14:03:47 INFO  no build target found for C:\Users\barra\Desktop\Ryan\Perso\JavaProjects\BudgetApp\BudgetApp.java. Using fallback presentation compiler.
2026.01.13 14:03:47 INFO  no build target found for C:\Users\barra\Desktop\Ryan\Perso\JavaProjects\BudgetApp\BudgetApp.java. Using fallback presentation compiler.
2026.01.13 14:03:47 INFO  no build target found for C:\Users\barra\Desktop\Ryan\Perso\JavaProjects\BudgetApp\BudgetApp.java. Using fallback presentation compiler.
2026.01.13 14:03:47 INFO  no build target found for C:\Users\barra\Desktop\Ryan\Perso\JavaProjects\BudgetApp\BudgetApp.java. Using fallback presentation compiler.
C:\Users\barra\Desktop\Ryan\Perso\JavaProjects\BudgetApp\BudgetApp.java:73: error: unmappable character (0x8F) for encoding windows-1252
        Button btnNouveauMois = new Button("ðŸ—“ï¸? Changer de mois");
                                                  ^
C:\Users\barra\Desktop\Ryan\Perso\JavaProjects\BudgetApp\BudgetApp.java:240: error: unmappable character (0x8F) for encoding windows-1252
            private final Button btnEdit = new Button("âœ?");
                                                         ^
2026.01.13 14:03:47 INFO  no build target found for C:\Users\barra\Desktop\Ryan\Perso\JavaProjects\BudgetApp\BudgetApp.java. Using fallback presentation compiler.
2026.01.13 14:03:47 INFO  no build target found for C:\Users\barra\Desktop\Ryan\Perso\JavaProjects\BudgetApp\BudgetApp.java. Using fallback presentation compiler.
2026.01.13 14:03:47 INFO  no build target found for C:\Users\barra\Desktop\Ryan\Perso\JavaProjects\BudgetApp\BudgetApp.java. Using fallback presentation compiler.
C:\Users\barra\Desktop\Ryan\Perso\JavaProjects\BudgetApp\BudgetApp.java:73: error: unmappable character (0x8F) for encoding windows-1252
        Button btnNouveauMois = new Button("ðŸ—“ï¸? Changer de mois");
                                                  ^
C:\Users\barra\Desktop\Ryan\Perso\JavaProjects\BudgetApp\BudgetApp.java:240: error: unmappable character (0x8F) for encoding windows-1252
            private final Button btnEdit = new Button("âœ?");
                                                         ^
2026.01.13 14:03:48 INFO  no build target found for C:\Users\barra\Desktop\Ryan\Perso\JavaProjects\BudgetApp\BudgetApp.java. Using fallback presentation compiler.
2026.01.13 14:03:48 INFO  no build target found for C:\Users\barra\Desktop\Ryan\Perso\JavaProjects\BudgetApp\BudgetApp.java. Using fallback presentation compiler.
2026.01.13 14:03:48 INFO  no build target found for C:\Users\barra\Desktop\Ryan\Perso\JavaProjects\BudgetApp\BudgetApp.java. Using fallback presentation compiler.
2026.01.13 14:03:48 INFO  no build target found for C:\Users\barra\Desktop\Ryan\Perso\JavaProjects\BudgetApp\BudgetApp.java. Using fallback presentation compiler.
C:\Users\barra\Desktop\Ryan\Perso\JavaProjects\BudgetApp\BudgetApp.java:73: error: unmappable character (0x8F) for encoding windows-1252
        Button btnNouveauMois = new Button("ðŸ—“ï¸? Changer de mois");
                                                  ^
C:\Users\barra\Desktop\Ryan\Perso\JavaProjects\BudgetApp\BudgetApp.java:240: error: unmappable character (0x8F) for encoding windows-1252
            private final Button btnEdit = new Button("âœ?");
                                                         ^
2026.01.13 14:03:48 INFO  no build target found for C:\Users\barra\Desktop\Ryan\Perso\JavaProjects\BudgetApp\BudgetApp.java. Using fallback presentation compiler.
2026.01.13 14:03:56 INFO  no build target found for C:\Users\barra\Desktop\Ryan\Perso\JavaProjects\BudgetApp\BudgetApp.java. Using fallback presentation compiler.
2026.01.13 14:03:57 INFO  no build target found for C:\Users\barra\Desktop\Ryan\Perso\JavaProjects\BudgetApp\BudgetApp.java. Using fallback presentation compiler.
2026.01.13 14:03:57 INFO  no build target found for C:\Users\barra\Desktop\Ryan\Perso\JavaProjects\BudgetApp\BudgetApp.java. Using fallback presentation compiler.
2026.01.13 14:03:58 INFO  no build target found for C:\Users\barra\Desktop\Ryan\Perso\JavaProjects\BudgetApp\BudgetApp.java. Using fallback presentation compiler.
2026.01.13 14:03:58 INFO  Created report: Optional[file:///C:/Users/barra/Desktop/Ryan/Perso/JavaProjects/BudgetApp/BudgetApp.java]
2026.01.13 14:03:58 INFO  empty definition using pc, found symbol in pc: _empty_/setAlignment# (full report at: "C:\Users\barra\Desktop\Ryan\Perso\JavaProjects\BudgetApp\.metals\.reports\metals-full\2026-01-13\r_empty-definition_14-03-58-113.md")
2026.01.13 14:03:58 INFO  no build target found for C:\Users\barra\Desktop\Ryan\Perso\JavaProjects\BudgetApp\BudgetApp.java. Using fallback presentation compiler.
C:\Users\barra\Desktop\Ryan\Perso\JavaProjects\BudgetApp\BudgetApp.java:73: error: unmappable character (0x8F) for encoding windows-1252
        Button btnNouveauMois = new Button("ðŸ—“ï¸? Changer de mois");
                                                  ^
C:\Users\barra\Desktop\Ryan\Perso\JavaProjects\BudgetApp\BudgetApp.java:240: error: unmappable character (0x8F) for encoding windows-1252
            private final Button btnEdit = new Button("âœ?");
                                                         ^
2026.01.13 14:03:58 INFO  no build target found for C:\Users\barra\Desktop\Ryan\Perso\JavaProjects\BudgetApp\BudgetApp.java. Using fallback presentation compiler.
2026.01.13 14:03:59 INFO  no build target found for C:\Users\barra\Desktop\Ryan\Perso\JavaProjects\BudgetApp\BudgetApp.java. Using fallback presentation compiler.
2026.01.13 14:03:59 INFO  no build target found for C:\Users\barra\Desktop\Ryan\Perso\JavaProjects\BudgetApp\BudgetApp.java. Using fallback presentation compiler.
2026.01.13 14:03:59 INFO  no build target found for C:\Users\barra\Desktop\Ryan\Perso\JavaProjects\BudgetApp\BudgetApp.java. Using fallback presentation compiler.
2026.01.13 14:03:59 INFO  empty definition using pc, found symbol in pc: _empty_/setAlignment# (full report at: "C:\Users\barra\Desktop\Ryan\Perso\JavaProjects\BudgetApp\.metals\.reports\metals-full\2026-01-13\r_empty-definition_14-03-58-113.md")
janv. 13, 2026 2:03:59 PM org.eclipse.lsp4j.jsonrpc.RemoteEndpoint handleCancellation
WARNING: Unmatched cancel notification for request id 1524
janv. 13, 2026 2:03:59 PM org.eclipse.lsp4j.jsonrpc.RemoteEndpoint handleCancellation
WARNING: Unmatched cancel notification for request id 1527
2026.01.13 14:03:59 INFO  no build target found for C:\Users\barra\Desktop\Ryan\Perso\JavaProjects\BudgetApp\BudgetApp.java. Using fallback presentation compiler.
2026.01.13 14:03:59 INFO  no build target found for C:\Users\barra\Desktop\Ryan\Perso\JavaProjects\BudgetApp\BudgetApp.java. Using fallback presentation compiler.
janv. 13, 2026 2:03:59 PM org.eclipse.lsp4j.jsonrpc.RemoteEndpoint handleCancellation
WARNING: Unmatched cancel notification for request id 1526
janv. 13, 2026 2:03:59 PM org.eclipse.lsp4j.jsonrpc.RemoteEndpoint handleCancellation
WARNING: Unmatched cancel notification for request id 1523
C:\Users\barra\Desktop\Ryan\Perso\JavaProjects\BudgetApp\BudgetApp.java:73: error: unmappable character (0x8F) for encoding windows-1252
        Button btnNouveauMois = new Button("ðŸ—“ï¸? Changer de mois");
                                                  ^
C:\Users\barra\Desktop\Ryan\Perso\JavaProjects\BudgetApp\BudgetApp.java:240: error: unmappable character (0x8F) for encoding windows-1252
            private final Button btnEdit = new Button("âœ?");
                                                         ^
2026.01.13 14:03:59 INFO  no build target found for C:\Users\barra\Desktop\Ryan\Perso\JavaProjects\BudgetApp\BudgetApp.java. Using fallback presentation compiler.
2026.01.13 14:03:59 INFO  no build target found for C:\Users\barra\Desktop\Ryan\Perso\JavaProjects\BudgetApp\BudgetApp.java. Using fallback presentation compiler.
janv. 13, 2026 2:04:00 PM org.eclipse.lsp4j.jsonrpc.RemoteEndpoint handleCancellation
WARNING: Unmatched cancel notification for request id 1529
2026.01.13 14:03:59 INFO  empty definition using pc, found symbol in pc: _empty_/setAlignment# (full report at: "C:\Users\barra\Desktop\Ryan\Perso\JavaProjects\BudgetApp\.metals\.reports\metals-full\2026-01-13\r_empty-definition_14-03-58-113.md")
2026.01.13 14:03:59 INFO  no build target found for C:\Users\barra\Desktop\Ryan\Perso\JavaProjects\BudgetApp\BudgetApp.java. Using fallback presentation compiler.
2026.01.13 14:03:59 INFO  no build target found for C:\Users\barra\Desktop\Ryan\Perso\JavaProjects\BudgetApp\BudgetApp.java. Using fallback presentation compiler.
janv. 13, 2026 2:04:00 PM org.eclipse.lsp4j.jsonrpc.RemoteEndpoint handleCancellation
WARNING: Unmatched cancel notification for request id 1535
janv. 13, 2026 2:04:00 PM org.eclipse.lsp4j.jsonrpc.RemoteEndpoint handleCancellation
WARNING: Unmatched cancel notification for request id 1538
janv. 13, 2026 2:04:00 PM org.eclipse.lsp4j.jsonrpc.RemoteEndpoint handleCancellation
WARNING: Unmatched cancel notification for request id 1536
2026.01.13 14:04:00 INFO  no build target found for C:\Users\barra\Desktop\Ryan\Perso\JavaProjects\BudgetApp\BudgetApp.java. Using fallback presentation compiler.
2026.01.13 14:03:59 INFO  no build target found for C:\Users\barra\Desktop\Ryan\Perso\JavaProjects\BudgetApp\BudgetApp.java. Using fallback presentation compiler.
2026.01.13 14:03:59 INFO  no build target found for C:\Users\barra\Desktop\Ryan\Perso\JavaProjects\BudgetApp\BudgetApp.java. Using fallback presentation compiler.
2026.01.13 14:03:59 INFO  empty definition using pc, found symbol in pc: _empty_/setAlignment# (full report at: "C:\Users\barra\Desktop\Ryan\Perso\JavaProjects\BudgetApp\.metals\.reports\metals-full\2026-01-13\r_empty-definition_14-03-58-113.md")
C:\Users\barra\Desktop\Ryan\Perso\JavaProjects\BudgetApp\BudgetApp.java:73: error: unmappable character (0x8F) for encoding windows-1252
        Button btnNouveauMois = new Button("ðŸ—“ï¸? Changer de mois");
                                                  ^
C:\Users\barra\Desktop\Ryan\Perso\JavaProjects\BudgetApp\BudgetApp.java:240: error: unmappable character (0x8F) for encoding windows-1252
            private final Button btnEdit = new Button("âœ?");
                                                         ^
2026.01.13 14:04:00 INFO  no build target found for C:\Users\barra\Desktop\Ryan\Perso\JavaProjects\BudgetApp\BudgetApp.java. Using fallback presentation compiler.
2026.01.13 14:04:00 INFO  no build target found for C:\Users\barra\Desktop\Ryan\Perso\JavaProjects\BudgetApp\BudgetApp.java. Using fallback presentation compiler.
2026.01.13 14:04:00 INFO  no build target found for C:\Users\barra\Desktop\Ryan\Perso\JavaProjects\BudgetApp\BudgetApp.java. Using fallback presentation compiler.
2026.01.13 14:04:00 INFO  no build target found for C:\Users\barra\Desktop\Ryan\Perso\JavaProjects\BudgetApp\BudgetApp.java. Using fallback presentation compiler.
2026.01.13 14:04:02 INFO  no build target found for C:\Users\barra\Desktop\Ryan\Perso\JavaProjects\BudgetApp\BudgetApp.java. Using fallback presentation compiler.
2026.01.13 14:04:02 INFO  no build target found for C:\Users\barra\Desktop\Ryan\Perso\JavaProjects\BudgetApp\BudgetApp.java. Using fallback presentation compiler.
2026.01.13 14:04:02 INFO  no build target found for C:\Users\barra\Desktop\Ryan\Perso\JavaProjects\BudgetApp\BudgetApp.java. Using fallback presentation compiler.
C:\Users\barra\Desktop\Ryan\Perso\JavaProjects\BudgetApp\BudgetApp.java:73: error: unmappable character (0x8F) for encoding windows-1252
        Button btnNouveauMois = new Button("ðŸ—“ï¸? Changer de mois");
                                                  ^
C:\Users\barra\Desktop\Ryan\Perso\JavaProjects\BudgetApp\BudgetApp.java:240: error: unmappable character (0x8F) for encoding windows-1252
            private final Button btnEdit = new Button("âœ?");
                                                         ^
2026.01.13 14:04:02 INFO  no build target found for C:\Users\barra\Desktop\Ryan\Perso\JavaProjects\BudgetApp\BudgetApp.java. Using fallback presentation compiler.
2026.01.13 14:04:03 INFO  no build target found for C:\Users\barra\Desktop\Ryan\Perso\JavaProjects\BudgetApp\BudgetApp.java. Using fallback presentation compiler.
2026.01.13 14:04:07 INFO  no build target found for C:\Users\barra\Desktop\Ryan\Perso\JavaProjects\BudgetApp\BudgetApp.java. Using fallback presentation compiler.
2026.01.13 14:04:08 INFO  no build target found for C:\Users\barra\Desktop\Ryan\Perso\JavaProjects\BudgetApp\BudgetApp.java. Using fallback presentation compiler.
2026.01.13 14:04:08 INFO  no build target found for C:\Users\barra\Desktop\Ryan\Perso\JavaProjects\BudgetApp\BudgetApp.java. Using fallback presentation compiler.
2026.01.13 14:04:08 INFO  no build target found for C:\Users\barra\Desktop\Ryan\Perso\JavaProjects\BudgetApp\BudgetApp.java. Using fallback presentation compiler.
2026.01.13 14:04:08 INFO  no build target found for C:\Users\barra\Desktop\Ryan\Perso\JavaProjects\BudgetApp\BudgetApp.java. Using fallback presentation compiler.
2026.01.13 14:04:09 INFO  no build target found for C:\Users\barra\Desktop\Ryan\Perso\JavaProjects\BudgetApp\BudgetApp.java. Using fallback presentation compiler.
2026.01.13 14:04:09 INFO  no build target found for C:\Users\barra\Desktop\Ryan\Perso\JavaProjects\BudgetApp\BudgetApp.java. Using fallback presentation compiler.
2026.01.13 14:04:10 INFO  no build target found for C:\Users\barra\Desktop\Ryan\Perso\JavaProjects\BudgetApp\BudgetApp.java. Using fallback presentation compiler.
C:\Users\barra\Desktop\Ryan\Perso\JavaProjects\BudgetApp\BudgetApp.java:73: error: unmappable character (0x8F) for encoding windows-1252
        Button btnNouveauMois = new Button("ðŸ—“ï¸? Changer de mois");
                                                  ^
C:\Users\barra\Desktop\Ryan\Perso\JavaProjects\BudgetApp\BudgetApp.java:240: error: unmappable character (0x8F) for encoding windows-1252
            private final Button btnEdit = new Button("âœ?");
                                                         ^
2026.01.13 14:04:09 INFO  no build target found for C:\Users\barra\Desktop\Ryan\Perso\JavaProjects\BudgetApp\BudgetApp.java. Using fallback presentation compiler.
2026.01.13 14:04:11 INFO  no build target found for C:\Users\barra\Desktop\Ryan\Perso\JavaProjects\BudgetApp\BudgetApp.java. Using fallback presentation compiler.
2026.01.13 14:04:12 WARN  no build target for: C:\Users\barra\Desktop\Ryan\Perso\JavaProjects\BudgetApp\BudgetApp.java
2026.01.13 14:04:12 INFO  no build target found for C:\Users\barra\Desktop\Ryan\Perso\JavaProjects\BudgetApp\BudgetApp.java. Using fallback presentation compiler.
2026.01.13 14:04:13 INFO  no build target found for C:\Users\barra\Desktop\Ryan\Perso\JavaProjects\BudgetApp\BudgetApp.java. Using fallback presentation compiler.
2026.01.13 14:04:15 INFO  no build target found for C:\Users\barra\Desktop\Ryan\Perso\JavaProjects\BudgetApp\BudgetApp.java. Using fallback presentation compiler.
2026.01.13 14:04:19 INFO  no build target found for C:\Users\barra\Desktop\Ryan\Perso\JavaProjects\BudgetApp\BudgetApp.java. Using fallback presentation compiler.
2026.01.13 14:04:21 INFO  no build target found for C:\Users\barra\Desktop\Ryan\Perso\JavaProjects\BudgetApp\BudgetApp.java. Using fallback presentation compiler.
2026.01.13 14:04:21 INFO  no build target found for C:\Users\barra\Desktop\Ryan\Perso\JavaProjects\BudgetApp\BudgetApp.java. Using fallback presentation compiler.
janv. 13, 2026 2:04:22 PM org.eclipse.lsp4j.jsonrpc.RemoteEndpoint handleCancellation
WARNING: Unmatched cancel notification for request id 1584
2026.01.13 14:04:22 INFO  no build target found for C:\Users\barra\Desktop\Ryan\Perso\JavaProjects\BudgetApp\BudgetApp.java. Using fallback presentation compiler.
2026.01.13 14:04:22 INFO  no build target found for C:\Users\barra\Desktop\Ryan\Perso\JavaProjects\BudgetApp\BudgetApp.java. Using fallback presentation compiler.
2026.01.13 14:04:22 INFO  no build target found for C:\Users\barra\Desktop\Ryan\Perso\JavaProjects\BudgetApp\BudgetApp.java. Using fallback presentation compiler.
2026.01.13 14:04:22 INFO  no build target found for C:\Users\barra\Desktop\Ryan\Perso\JavaProjects\BudgetApp\BudgetApp.java. Using fallback presentation compiler.
2026.01.13 14:04:23 INFO  no build target found for C:\Users\barra\Desktop\Ryan\Perso\JavaProjects\BudgetApp\BudgetApp.java. Using fallback presentation compiler.
C:\Users\barra\Desktop\Ryan\Perso\JavaProjects\BudgetApp\BudgetApp.java:73: error: unmappable character (0x8F) for encoding windows-1252
        Button btnNouveauMois = new Button("ðŸ—“ï¸? Changer de mois");
                                                  ^
C:\Users\barra\Desktop\Ryan\Perso\JavaProjects\BudgetApp\BudgetApp.java:240: error: unmappable character (0x8F) for encoding windows-1252
            private final Button btnEdit = new Button("âœ?");
                                                         ^
2026.01.13 14:04:23 INFO  no build target found for C:\Users\barra\Desktop\Ryan\Perso\JavaProjects\BudgetApp\BudgetApp.java. Using fallback presentation compiler.
2026.01.13 14:04:23 INFO  no build target found for C:\Users\barra\Desktop\Ryan\Perso\JavaProjects\BudgetApp\BudgetApp.java. Using fallback presentation compiler.
2026.01.13 14:04:23 INFO  no build target found for C:\Users\barra\Desktop\Ryan\Perso\JavaProjects\BudgetApp\BudgetApp.java. Using fallback presentation compiler.
2026.01.13 14:04:24 INFO  no build target found for C:\Users\barra\Desktop\Ryan\Perso\JavaProjects\BudgetApp\BudgetApp.java. Using fallback presentation compiler.
C:\Users\barra\Desktop\Ryan\Perso\JavaProjects\BudgetApp\BudgetApp.java:73: error: unmappable character (0x8F) for encoding windows-1252
        Button btnNouveauMois = new Button("ðŸ—“ï¸? Changer de mois");
                                                  ^
C:\Users\barra\Desktop\Ryan\Perso\JavaProjects\BudgetApp\BudgetApp.java:240: error: unmappable character (0x8F) for encoding windows-1252
            private final Button btnEdit = new Button("âœ?");
                                                         ^
2026.01.13 14:04:25 INFO  no build target found for C:\Users\barra\Desktop\Ryan\Perso\JavaProjects\BudgetApp\BudgetApp.java. Using fallback presentation compiler.
2026.01.13 14:04:25 INFO  no build target found for C:\Users\barra\Desktop\Ryan\Perso\JavaProjects\BudgetApp\BudgetApp.java. Using fallback presentation compiler.
2026.01.13 14:04:25 INFO  no build target found for C:\Users\barra\Desktop\Ryan\Perso\JavaProjects\BudgetApp\BudgetApp.java. Using fallback presentation compiler.
2026.01.13 14:04:27 INFO  no build target found for C:\Users\barra\Desktop\Ryan\Perso\JavaProjects\BudgetApp\BudgetApp.java. Using fallback presentation compiler.
2026.01.13 14:04:27 INFO  no build target found for C:\Users\barra\Desktop\Ryan\Perso\JavaProjects\BudgetApp\BudgetApp.java. Using fallback presentation compiler.
2026.01.13 14:04:27 INFO  no build target found for C:\Users\barra\Desktop\Ryan\Perso\JavaProjects\BudgetApp\BudgetApp.java. Using fallback presentation compiler.
2026.01.13 14:04:27 INFO  no build target found for C:\Users\barra\Desktop\Ryan\Perso\JavaProjects\BudgetApp\BudgetApp.java. Using fallback presentation compiler.
2026.01.13 14:04:27 INFO  no build target found for C:\Users\barra\Desktop\Ryan\Perso\JavaProjects\BudgetApp\BudgetApp.java. Using fallback presentation compiler.
2026.01.13 14:04:29 INFO  no build target found for C:\Users\barra\Desktop\Ryan\Perso\JavaProjects\BudgetApp\BudgetApp.java. Using fallback presentation compiler.
2026.01.13 14:04:30 INFO  no build target found for C:\Users\barra\Desktop\Ryan\Perso\JavaProjects\BudgetApp\BudgetApp.java. Using fallback presentation compiler.
2026.01.13 14:04:32 INFO  no build target found for C:\Users\barra\Desktop\Ryan\Perso\JavaProjects\BudgetApp\BudgetApp.java. Using fallback presentation compiler.
2026.01.13 14:04:34 INFO  no build target found for C:\Users\barra\Desktop\Ryan\Perso\JavaProjects\BudgetApp\BudgetApp.java. Using fallback presentation compiler.
2026.01.13 14:04:34 INFO  no build target found for C:\Users\barra\Desktop\Ryan\Perso\JavaProjects\BudgetApp\BudgetApp.java. Using fallback presentation compiler.
2026.01.13 14:04:34 INFO  no build target found for C:\Users\barra\Desktop\Ryan\Perso\JavaProjects\BudgetApp\BudgetApp.java. Using fallback presentation compiler.
2026.01.13 14:04:35 INFO  no build target found for C:\Users\barra\Desktop\Ryan\Perso\JavaProjects\BudgetApp\BudgetApp.java. Using fallback presentation compiler.
2026.01.13 14:04:35 INFO  no build target found for C:\Users\barra\Desktop\Ryan\Perso\JavaProjects\BudgetApp\BudgetApp.java. Using fallback presentation compiler.
2026.01.13 14:04:35 INFO  no build target found for C:\Users\barra\Desktop\Ryan\Perso\JavaProjects\BudgetApp\BudgetApp.java. Using fallback presentation compiler.
C:\Users\barra\Desktop\Ryan\Perso\JavaProjects\BudgetApp\BudgetApp.java:73: error: unmappable character (0x8F) for encoding windows-1252
        Button btnNouveauMois = new Button("ðŸ—“ï¸? Changer de mois");
                                                  ^
C:\Users\barra\Desktop\Ryan\Perso\JavaProjects\BudgetApp\BudgetApp.java:240: error: unmappable character (0x8F) for encoding windows-1252
            private final Button btnEdit = new Button("âœ?");
                                                         ^
2026.01.13 14:04:35 INFO  no build target found for C:\Users\barra\Desktop\Ryan\Perso\JavaProjects\BudgetApp\BudgetApp.java. Using fallback presentation compiler.
2026.01.13 14:04:35 INFO  no build target found for C:\Users\barra\Desktop\Ryan\Perso\JavaProjects\BudgetApp\BudgetApp.java. Using fallback presentation compiler.
2026.01.13 14:04:36 INFO  no build target found for C:\Users\barra\Desktop\Ryan\Perso\JavaProjects\BudgetApp\BudgetApp.java. Using fallback presentation compiler.
C:\Users\barra\Desktop\Ryan\Perso\JavaProjects\BudgetApp\BudgetApp.java:73: error: unmappable character (0x8F) for encoding windows-1252
        Button btnNouveauMois = new Button("ðŸ—“ï¸? Changer de mois");
                                                  ^
C:\Users\barra\Desktop\Ryan\Perso\JavaProjects\BudgetApp\BudgetApp.java:240: error: unmappable character (0x8F) for encoding windows-1252
            private final Button btnEdit = new Button("âœ?");
                                                         ^
2026.01.13 14:04:36 INFO  no build target found for C:\Users\barra\Desktop\Ryan\Perso\JavaProjects\BudgetApp\BudgetApp.java. Using fallback presentation compiler.
2026.01.13 14:04:36 INFO  no build target found for C:\Users\barra\Desktop\Ryan\Perso\JavaProjects\BudgetApp\BudgetApp.java. Using fallback presentation compiler.
2026.01.13 14:04:37 WARN  no build target for: C:\Users\barra\Desktop\Ryan\Perso\JavaProjects\BudgetApp\BudgetApp.java
2026.01.13 14:04:37 INFO  no build target found for C:\Users\barra\Desktop\Ryan\Perso\JavaProjects\BudgetApp\BudgetApp.java. Using fallback presentation compiler.
2026.01.13 14:04:38 INFO  no build target found for C:\Users\barra\Desktop\Ryan\Perso\JavaProjects\BudgetApp\BudgetApp.java. Using fallback presentation compiler.
2026.01.13 14:04:50 INFO  no build target found for C:\Users\barra\Desktop\Ryan\Perso\JavaProjects\BudgetApp\BudgetApp.java. Using fallback presentation compiler.
2026.01.13 14:04:51 INFO  no build target found for C:\Users\barra\Desktop\Ryan\Perso\JavaProjects\BudgetApp\BudgetApp.java. Using fallback presentation compiler.
2026.01.13 14:04:51 INFO  no build target found for C:\Users\barra\Desktop\Ryan\Perso\JavaProjects\BudgetApp\BudgetApp.java. Using fallback presentation compiler.
2026.01.13 14:04:51 INFO  no build target found for C:\Users\barra\Desktop\Ryan\Perso\JavaProjects\BudgetApp\BudgetApp.java. Using fallback presentation compiler.
2026.01.13 14:04:53 INFO  no build target found for C:\Users\barra\Desktop\Ryan\Perso\JavaProjects\BudgetApp\BudgetApp.java. Using fallback presentation compiler.
2026.01.13 14:04:54 INFO  no build target found for C:\Users\barra\Desktop\Ryan\Perso\JavaProjects\BudgetApp\BudgetApp.java. Using fallback presentation compiler.
2026.01.13 14:04:54 INFO  no build target found for C:\Users\barra\Desktop\Ryan\Perso\JavaProjects\BudgetApp\BudgetApp.java. Using fallback presentation compiler.
2026.01.13 14:04:56 INFO  no build target found for C:\Users\barra\Desktop\Ryan\Perso\JavaProjects\BudgetApp\BudgetApp.java. Using fallback presentation compiler.
2026.01.13 14:05:03 INFO  no build target found for C:\Users\barra\Desktop\Ryan\Perso\JavaProjects\BudgetApp\BudgetApp.java. Using fallback presentation compiler.
2026.01.13 14:05:03 INFO  no build target found for C:\Users\barra\Desktop\Ryan\Perso\JavaProjects\BudgetApp\BudgetApp.java. Using fallback presentation compiler.
2026.01.13 14:05:04 INFO  no build target found for C:\Users\barra\Desktop\Ryan\Perso\JavaProjects\BudgetApp\BudgetApp.java. Using fallback presentation compiler.
2026.01.13 14:05:04 INFO  no build target found for C:\Users\barra\Desktop\Ryan\Perso\JavaProjects\BudgetApp\BudgetApp.java. Using fallback presentation compiler.
2026.01.13 14:05:07 INFO  no build target found for C:\Users\barra\Desktop\Ryan\Perso\JavaProjects\BudgetApp\BudgetApp.java. Using fallback presentation compiler.
2026.01.13 14:05:09 WARN  no build target for: C:\Users\barra\Desktop\Ryan\Perso\JavaProjects\BudgetApp\BudgetApp.java
2026.01.13 14:05:09 INFO  no build target found for C:\Users\barra\Desktop\Ryan\Perso\JavaProjects\BudgetApp\BudgetApp.java. Using fallback presentation compiler.
2026.01.13 14:05:10 INFO  no build target found for C:\Users\barra\Desktop\Ryan\Perso\JavaProjects\BudgetApp\BudgetApp.java. Using fallback presentation compiler.
2026.01.13 14:05:16 INFO  no build target found for C:\Users\barra\Desktop\Ryan\Perso\JavaProjects\BudgetApp\BudgetApp.java. Using fallback presentation compiler.
2026.01.13 14:05:16 INFO  no build target found for C:\Users\barra\Desktop\Ryan\Perso\JavaProjects\BudgetApp\BudgetApp.java. Using fallback presentation compiler.
2026.01.13 14:05:18 INFO  no build target found for C:\Users\barra\Desktop\Ryan\Perso\JavaProjects\BudgetApp\BudgetApp.java. Using fallback presentation compiler.
2026.01.13 14:05:18 INFO  no build target found for C:\Users\barra\Desktop\Ryan\Perso\JavaProjects\BudgetApp\BudgetApp.java. Using fallback presentation compiler.
2026.01.13 14:05:18 INFO  no build target found for C:\Users\barra\Desktop\Ryan\Perso\JavaProjects\BudgetApp\BudgetApp.java. Using fallback presentation compiler.
2026.01.13 14:05:18 INFO  no build target found for C:\Users\barra\Desktop\Ryan\Perso\JavaProjects\BudgetApp\BudgetApp.java. Using fallback presentation compiler.
2026.01.13 14:05:19 INFO  no build target found for C:\Users\barra\Desktop\Ryan\Perso\JavaProjects\BudgetApp\BudgetApp.java. Using fallback presentation compiler.
2026.01.13 14:05:19 INFO  no build target found for C:\Users\barra\Desktop\Ryan\Perso\JavaProjects\BudgetApp\BudgetApp.java. Using fallback presentation compiler.
2026.01.13 14:05:20 INFO  no build target found for C:\Users\barra\Desktop\Ryan\Perso\JavaProjects\BudgetApp\BudgetApp.java. Using fallback presentation compiler.
2026.01.13 14:05:21 INFO  no build target found for C:\Users\barra\Desktop\Ryan\Perso\JavaProjects\BudgetApp\BudgetApp.java. Using fallback presentation compiler.
2026.01.13 14:05:20 INFO  no build target found for C:\Users\barra\Desktop\Ryan\Perso\JavaProjects\BudgetApp\BudgetApp.java. Using fallback presentation compiler.
2026.01.13 14:05:22 INFO  no build target found for C:\Users\barra\Desktop\Ryan\Perso\JavaProjects\BudgetApp\BudgetApp.java. Using fallback presentation compiler.
2026.01.13 14:05:22 INFO  no build target found for C:\Users\barra\Desktop\Ryan\Perso\JavaProjects\BudgetApp\BudgetApp.java. Using fallback presentation compiler.
2026.01.13 14:05:22 INFO  no build target found for C:\Users\barra\Desktop\Ryan\Perso\JavaProjects\BudgetApp\BudgetApp.java. Using fallback presentation compiler.
C:\Users\barra\Desktop\Ryan\Perso\JavaProjects\BudgetApp\BudgetApp.java:73: error: unmappable character (0x8F) for encoding windows-1252
        Button btnNouveauMois = new Button("ðŸ—“ï¸? Changer de mois");
                                                  ^
C:\Users\barra\Desktop\Ryan\Perso\JavaProjects\BudgetApp\BudgetApp.java:240: error: unmappable character (0x8F) for encoding windows-1252
            private final Button btnEdit = new Button("âœ?");
                                                         ^
2026.01.13 14:05:22 INFO  no build target found for C:\Users\barra\Desktop\Ryan\Perso\JavaProjects\BudgetApp\BudgetApp.java. Using fallback presentation compiler.
2026.01.13 14:05:23 INFO  no build target found for C:\Users\barra\Desktop\Ryan\Perso\JavaProjects\BudgetApp\BudgetApp.java. Using fallback presentation compiler.
2026.01.13 14:05:23 INFO  no build target found for C:\Users\barra\Desktop\Ryan\Perso\JavaProjects\BudgetApp\BudgetApp.java. Using fallback presentation compiler.
C:\Users\barra\Desktop\Ryan\Perso\JavaProjects\BudgetApp\BudgetApp.java:73: error: unmappable character (0x8F) for encoding windows-1252
        Button btnNouveauMois = new Button("ðŸ—“ï¸? Changer de mois");
                                                  ^
C:\Users\barra\Desktop\Ryan\Perso\JavaProjects\BudgetApp\BudgetApp.java:240: error: unmappable character (0x8F) for encoding windows-1252
            private final Button btnEdit = new Button("âœ?");
                                                         ^
2026.01.13 14:05:23 INFO  no build target found for C:\Users\barra\Desktop\Ryan\Perso\JavaProjects\BudgetApp\BudgetApp.java. Using fallback presentation compiler.
2026.01.13 14:05:23 INFO  no build target found for C:\Users\barra\Desktop\Ryan\Perso\JavaProjects\BudgetApp\BudgetApp.java. Using fallback presentation compiler.
2026.01.13 14:05:23 INFO  no build target found for C:\Users\barra\Desktop\Ryan\Perso\JavaProjects\BudgetApp\BudgetApp.java. Using fallback presentation compiler.
2026.01.13 14:05:23 INFO  no build target found for C:\Users\barra\Desktop\Ryan\Perso\JavaProjects\BudgetApp\BudgetApp.java. Using fallback presentation compiler.
C:\Users\barra\Desktop\Ryan\Perso\JavaProjects\BudgetApp\BudgetApp.java:73: error: unmappable character (0x8F) for encoding windows-1252
        Button btnNouveauMois = new Button("ðŸ—“ï¸? Changer de mois");
                                                  ^
C:\Users\barra\Desktop\Ryan\Perso\JavaProjects\BudgetApp\BudgetApp.java:240: error: unmappable character (0x8F) for encoding windows-1252
            private final Button btnEdit = new Button("âœ?");
                                                         ^
2026.01.13 14:05:24 INFO  no build target found for C:\Users\barra\Desktop\Ryan\Perso\JavaProjects\BudgetApp\BudgetApp.java. Using fallback presentation compiler.
2026.01.13 14:05:24 INFO  no build target found for C:\Users\barra\Desktop\Ryan\Perso\JavaProjects\BudgetApp\BudgetApp.java. Using fallback presentation compiler.
C:\Users\barra\Desktop\Ryan\Perso\JavaProjects\BudgetApp\BudgetApp.java:73: error: unmappable character (0x8F) for encoding windows-1252
        Button btnNouveauMois = new Button("ðŸ—“ï¸? Changer de mois");
                                                  ^
C:\Users\barra\Desktop\Ryan\Perso\JavaProjects\BudgetApp\BudgetApp.java:240: error: unmappable character (0x8F) for encoding windows-1252
            private final Button btnEdit = new Button("âœ?");
                                                         ^
2026.01.13 14:05:25 INFO  no build target found for C:\Users\barra\Desktop\Ryan\Perso\JavaProjects\BudgetApp\BudgetApp.java. Using fallback presentation compiler.
2026.01.13 14:05:25 INFO  no build target found for C:\Users\barra\Desktop\Ryan\Perso\JavaProjects\BudgetApp\BudgetApp.java. Using fallback presentation compiler.
2026.01.13 14:05:26 INFO  no build target found for C:\Users\barra\Desktop\Ryan\Perso\JavaProjects\BudgetApp\BudgetApp.java. Using fallback presentation compiler.
C:\Users\barra\Desktop\Ryan\Perso\JavaProjects\BudgetApp\BudgetApp.java:73: error: unmappable character (0x8F) for encoding windows-1252
        Button btnNouveauMois = new Button("ðŸ—“ï¸? Changer de mois");
                                                  ^
C:\Users\barra\Desktop\Ryan\Perso\JavaProjects\BudgetApp\BudgetApp.java:240: error: unmappable character (0x8F) for encoding windows-1252
            private final Button btnEdit = new Button("âœ?");
                                                         ^
2026.01.13 14:05:25 INFO  no build target found for C:\Users\barra\Desktop\Ryan\Perso\JavaProjects\BudgetApp\BudgetApp.java. Using fallback presentation compiler.
2026.01.13 14:05:27 WARN  no build target for: C:\Users\barra\Desktop\Ryan\Perso\JavaProjects\BudgetApp\BudgetApp.java
2026.01.13 14:05:27 INFO  no build target found for C:\Users\barra\Desktop\Ryan\Perso\JavaProjects\BudgetApp\BudgetApp.java. Using fallback presentation compiler.
2026.01.13 14:05:28 INFO  no build target found for C:\Users\barra\Desktop\Ryan\Perso\JavaProjects\BudgetApp\BudgetApp.java. Using fallback presentation compiler.
2026.01.13 14:05:28 INFO  no build target found for C:\Users\barra\Desktop\Ryan\Perso\JavaProjects\BudgetApp\BudgetApp.java. Using fallback presentation compiler.
2026.01.13 14:05:53 INFO  no build target found for C:\Users\barra\Desktop\Ryan\Perso\JavaProjects\BudgetApp\BudgetApp.java. Using fallback presentation compiler.
2026.01.13 14:06:05 INFO  no build target found for C:\Users\barra\Desktop\Ryan\Perso\JavaProjects\BudgetApp\BudgetApp.java. Using fallback presentation compiler.
2026.01.13 14:06:08 INFO  no build target found for C:\Users\barra\Desktop\Ryan\Perso\JavaProjects\BudgetApp\BudgetApp.java. Using fallback presentation compiler.
2026.01.13 14:06:10 INFO  no build target found for C:\Users\barra\Desktop\Ryan\Perso\JavaProjects\BudgetApp\BudgetApp.java. Using fallback presentation compiler.
2026.01.13 14:06:11 INFO  no build target found for C:\Users\barra\Desktop\Ryan\Perso\JavaProjects\BudgetApp\BudgetApp.java. Using fallback presentation compiler.
2026.01.13 14:06:11 INFO  no build target found for C:\Users\barra\Desktop\Ryan\Perso\JavaProjects\BudgetApp\BudgetApp.java. Using fallback presentation compiler.
2026.01.13 14:06:12 INFO  no build target found for C:\Users\barra\Desktop\Ryan\Perso\JavaProjects\BudgetApp\BudgetApp.java. Using fallback presentation compiler.
2026.01.13 14:06:12 INFO  no build target found for C:\Users\barra\Desktop\Ryan\Perso\JavaProjects\BudgetApp\BudgetApp.java. Using fallback presentation compiler.
2026.01.13 14:06:13 INFO  no build target found for C:\Users\barra\Desktop\Ryan\Perso\JavaProjects\BudgetApp\BudgetApp.java. Using fallback presentation compiler.
C:\Users\barra\Desktop\Ryan\Perso\JavaProjects\BudgetApp\BudgetApp.java:73: error: unmappable character (0x8F) for encoding windows-1252
        Button btnNouveauMois = new Button("ðŸ—“ï¸?"); //  Changer de mois
                                                  ^
C:\Users\barra\Desktop\Ryan\Perso\JavaProjects\BudgetApp\BudgetApp.java:240: error: unmappable character (0x8F) for encoding windows-1252
            private final Button btnEdit = new Button("âœ?");
                                                         ^
2026.01.13 14:06:12 INFO  no build target found for C:\Users\barra\Desktop\Ryan\Perso\JavaProjects\BudgetApp\BudgetApp.java. Using fallback presentation compiler.
2026.01.13 14:06:12 INFO  no build target found for C:\Users\barra\Desktop\Ryan\Perso\JavaProjects\BudgetApp\BudgetApp.java. Using fallback presentation compiler.
2026.01.13 14:06:13 INFO  no build target found for C:\Users\barra\Desktop\Ryan\Perso\JavaProjects\BudgetApp\BudgetApp.java. Using fallback presentation compiler.
2026.01.13 14:06:12 INFO  no build target found for C:\Users\barra\Desktop\Ryan\Perso\JavaProjects\BudgetApp\BudgetApp.java. Using fallback presentation compiler.
C:\Users\barra\Desktop\Ryan\Perso\JavaProjects\BudgetApp\BudgetApp.java:73: error: unmappable character (0x8F) for encoding windows-1252
        Button btnNouveauMois = new Button("ðŸ—“ï¸?"); //  Changer de mois
                                                  ^
C:\Users\barra\Desktop\Ryan\Perso\JavaProjects\BudgetApp\BudgetApp.java:240: error: unmappable character (0x8F) for encoding windows-1252
            private final Button btnEdit = new Button("âœ?");
                                                         ^
2026.01.13 14:06:14 INFO  no build target found for C:\Users\barra\Desktop\Ryan\Perso\JavaProjects\BudgetApp\BudgetApp.java. Using fallback presentation compiler.
2026.01.13 14:06:14 INFO  no build target found for C:\Users\barra\Desktop\Ryan\Perso\JavaProjects\BudgetApp\BudgetApp.java. Using fallback presentation compiler.
2026.01.13 14:06:16 WARN  no build target for: C:\Users\barra\Desktop\Ryan\Perso\JavaProjects\BudgetApp\BudgetApp.java
2026.01.13 14:06:16 INFO  no build target found for C:\Users\barra\Desktop\Ryan\Perso\JavaProjects\BudgetApp\BudgetApp.java. Using fallback presentation compiler.
2026.01.13 14:06:17 INFO  no build target found for C:\Users\barra\Desktop\Ryan\Perso\JavaProjects\BudgetApp\BudgetApp.java. Using fallback presentation compiler.
2026.01.13 14:06:17 INFO  no build target found for C:\Users\barra\Desktop\Ryan\Perso\JavaProjects\BudgetApp\BudgetApp.java. Using fallback presentation compiler.
2026.01.13 14:06:19 INFO  no build target found for C:\Users\barra\Desktop\Ryan\Perso\JavaProjects\BudgetApp\BudgetApp.java. Using fallback presentation compiler.
2026.01.13 14:06:20 INFO  no build target found for C:\Users\barra\Desktop\Ryan\Perso\JavaProjects\BudgetApp\BudgetApp.java. Using fallback presentation compiler.
2026.01.13 14:06:22 INFO  no build target found for C:\Users\barra\Desktop\Ryan\Perso\JavaProjects\BudgetApp\BudgetApp.java. Using fallback presentation compiler.
2026.01.13 14:06:22 INFO  no build target found for C:\Users\barra\Desktop\Ryan\Perso\JavaProjects\BudgetApp\BudgetApp.java. Using fallback presentation compiler.
2026.01.13 14:06:23 INFO  no build target found for C:\Users\barra\Desktop\Ryan\Perso\JavaProjects\BudgetApp\BudgetApp.java. Using fallback presentation compiler.
2026.01.13 14:06:25 INFO  no build target found for C:\Users\barra\Desktop\Ryan\Perso\JavaProjects\BudgetApp\BudgetApp.java. Using fallback presentation compiler.
2026.01.13 14:06:25 INFO  no build target found for C:\Users\barra\Desktop\Ryan\Perso\JavaProjects\BudgetApp\BudgetApp.java. Using fallback presentation compiler.
2026.01.13 14:06:26 INFO  no build target found for C:\Users\barra\Desktop\Ryan\Perso\JavaProjects\BudgetApp\BudgetApp.java. Using fallback presentation compiler.
2026.01.13 14:06:26 INFO  no build target found for C:\Users\barra\Desktop\Ryan\Perso\JavaProjects\BudgetApp\BudgetApp.java. Using fallback presentation compiler.
2026.01.13 14:06:26 INFO  no build target found for C:\Users\barra\Desktop\Ryan\Perso\JavaProjects\BudgetApp\BudgetApp.java. Using fallback presentation compiler.
2026.01.13 14:06:26 INFO  no build target found for C:\Users\barra\Desktop\Ryan\Perso\JavaProjects\BudgetApp\BudgetApp.java. Using fallback presentation compiler.
2026.01.13 14:06:37 INFO  no build target found for C:\Users\barra\Desktop\Ryan\Perso\JavaProjects\BudgetApp\BudgetApp.java. Using fallback presentation compiler.
2026.01.13 14:06:39 INFO  no build target found for C:\Users\barra\Desktop\Ryan\Perso\JavaProjects\BudgetApp\BudgetApp.java. Using fallback presentation compiler.
2026.01.13 14:06:40 INFO  no build target found for C:\Users\barra\Desktop\Ryan\Perso\JavaProjects\BudgetApp\BudgetApp.java. Using fallback presentation compiler.
C:\Users\barra\Desktop\Ryan\Perso\JavaProjects\BudgetApp\BudgetApp.java:73: error: unmappable character (0x8F) for encoding windows-1252
        Button btnNouveauMois = new Button("ðŸ—“ï¸?"); //  Changer de mois
                                                  ^
C:\Users\barra\Desktop\Ryan\Perso\JavaProjects\BudgetApp\BudgetApp.java:240: error: unmappable character (0x8F) for encoding windows-1252
            private final Button btnEdit = new Button("âœ?");
                                                         ^
2026.01.13 14:06:40 INFO  no build target found for C:\Users\barra\Desktop\Ryan\Perso\JavaProjects\BudgetApp\BudgetApp.java. Using fallback presentation compiler.
2026.01.13 14:06:40 INFO  no build target found for C:\Users\barra\Desktop\Ryan\Perso\JavaProjects\BudgetApp\BudgetApp.java. Using fallback presentation compiler.
2026.01.13 14:06:41 INFO  no build target found for C:\Users\barra\Desktop\Ryan\Perso\JavaProjects\BudgetApp\BudgetApp.java. Using fallback presentation compiler.
2026.01.13 14:06:40 INFO  no build target found for C:\Users\barra\Desktop\Ryan\Perso\JavaProjects\BudgetApp\BudgetApp.java. Using fallback presentation compiler.
2026.01.13 14:06:40 INFO  no build target found for C:\Users\barra\Desktop\Ryan\Perso\JavaProjects\BudgetApp\BudgetApp.java. Using fallback presentation compiler.
2026.01.13 14:06:41 INFO  no build target found for C:\Users\barra\Desktop\Ryan\Perso\JavaProjects\BudgetApp\BudgetApp.java. Using fallback presentation compiler.
2026.01.13 14:06:41 INFO  no build target found for C:\Users\barra\Desktop\Ryan\Perso\JavaProjects\BudgetApp\BudgetApp.java. Using fallback presentation compiler.
2026.01.13 14:06:41 INFO  time: code lens generation in 1.43s
C:\Users\barra\Desktop\Ryan\Perso\JavaProjects\BudgetApp\BudgetApp.java:73: error: unmappable character (0x8F) for encoding windows-1252
        Button btnNouveauMois = new Button("ðŸ—“ï¸?"); //  Changer de mois
                                                  ^
C:\Users\barra\Desktop\Ryan\Perso\JavaProjects\BudgetApp\BudgetApp.java:240: error: unmappable character (0x8F) for encoding windows-1252
            private final Button btnEdit = new Button("âœ?");
                                                         ^
2026.01.13 14:06:42 INFO  no build target found for C:\Users\barra\Desktop\Ryan\Perso\JavaProjects\BudgetApp\BudgetApp.java. Using fallback presentation compiler.
2026.01.13 14:06:42 INFO  no build target found for C:\Users\barra\Desktop\Ryan\Perso\JavaProjects\BudgetApp\BudgetApp.java. Using fallback presentation compiler.
2026.01.13 14:06:42 INFO  no build target found for C:\Users\barra\Desktop\Ryan\Perso\JavaProjects\BudgetApp\BudgetApp.java. Using fallback presentation compiler.
2026.01.13 14:06:42 INFO  no build target found for C:\Users\barra\Desktop\Ryan\Perso\JavaProjects\BudgetApp\BudgetApp.java. Using fallback presentation compiler.
2026.01.13 14:06:42 INFO  no build target found for C:\Users\barra\Desktop\Ryan\Perso\JavaProjects\BudgetApp\BudgetApp.java. Using fallback presentation compiler.
2026.01.13 14:06:42 INFO  time: code lens generation in 1.19s
C:\Users\barra\Desktop\Ryan\Perso\JavaProjects\BudgetApp\BudgetApp.java:73: error: unmappable character (0x8F) for encoding windows-1252
        Button btnNouveauMois = new Button("ðŸ—“ï¸?"); //  Changer de mois
                                                  ^
C:\Users\barra\Desktop\Ryan\Perso\JavaProjects\BudgetApp\BudgetApp.java:240: error: unmappable character (0x8F) for encoding windows-1252
            private final Button btnEdit = new Button("âœ?");
                                                         ^
2026.01.13 14:06:42 INFO  no build target found for C:\Users\barra\Desktop\Ryan\Perso\JavaProjects\BudgetApp\BudgetApp.java. Using fallback presentation compiler.
2026.01.13 14:06:43 INFO  no build target found for C:\Users\barra\Desktop\Ryan\Perso\JavaProjects\BudgetApp\BudgetApp.java. Using fallback presentation compiler.
2026.01.13 14:06:43 INFO  no build target found for C:\Users\barra\Desktop\Ryan\Perso\JavaProjects\BudgetApp\BudgetApp.java. Using fallback presentation compiler.
2026.01.13 14:06:43 INFO  no build target found for C:\Users\barra\Desktop\Ryan\Perso\JavaProjects\BudgetApp\BudgetApp.java. Using fallback presentation compiler.
C:\Users\barra\Desktop\Ryan\Perso\JavaProjects\BudgetApp\BudgetApp.java:73: error: unmappable character (0x8F) for encoding windows-1252
        Button btnNouveauMois = new Button("ðŸ—“ï¸?"); //  Changer de mois
                                                  ^
C:\Users\barra\Desktop\Ryan\Perso\JavaProjects\BudgetApp\BudgetApp.java:240: error: unmappable character (0x8F) for encoding windows-1252
            private final Button btnEdit = new Button("âœ?");
                                                         ^
2026.01.13 14:06:43 INFO  no build target found for C:\Users\barra\Desktop\Ryan\Perso\JavaProjects\BudgetApp\BudgetApp.java. Using fallback presentation compiler.
2026.01.13 14:06:43 INFO  no build target found for C:\Users\barra\Desktop\Ryan\Perso\JavaProjects\BudgetApp\BudgetApp.java. Using fallback presentation compiler.
2026.01.13 14:06:43 INFO  no build target found for C:\Users\barra\Desktop\Ryan\Perso\JavaProjects\BudgetApp\BudgetApp.java. Using fallback presentation compiler.
2026.01.13 14:06:44 INFO  no build target found for C:\Users\barra\Desktop\Ryan\Perso\JavaProjects\BudgetApp\BudgetApp.java. Using fallback presentation compiler.
2026.01.13 14:06:43 INFO  no build target found for C:\Users\barra\Desktop\Ryan\Perso\JavaProjects\BudgetApp\BudgetApp.java. Using fallback presentation compiler.
2026.01.13 14:06:43 INFO  no build target found for C:\Users\barra\Desktop\Ryan\Perso\JavaProjects\BudgetApp\BudgetApp.java. Using fallback presentation compiler.
2026.01.13 14:06:44 INFO  no build target found for C:\Users\barra\Desktop\Ryan\Perso\JavaProjects\BudgetApp\BudgetApp.java. Using fallback presentation compiler.
2026.01.13 14:06:44 INFO  no build target found for C:\Users\barra\Desktop\Ryan\Perso\JavaProjects\BudgetApp\BudgetApp.java. Using fallback presentation compiler.
2026.01.13 14:06:44 INFO  no build target found for C:\Users\barra\Desktop\Ryan\Perso\JavaProjects\BudgetApp\BudgetApp.java. Using fallback presentation compiler.
2026.01.13 14:06:44 INFO  no build target found for C:\Users\barra\Desktop\Ryan\Perso\JavaProjects\BudgetApp\BudgetApp.java. Using fallback presentation compiler.
2026.01.13 14:06:45 INFO  no build target found for C:\Users\barra\Desktop\Ryan\Perso\JavaProjects\BudgetApp\BudgetApp.java. Using fallback presentation compiler.
C:\Users\barra\Desktop\Ryan\Perso\JavaProjects\BudgetApp\BudgetApp.java:73: error: unmappable character (0x8F) for encoding windows-1252
        Button btnNouveauMois = new Button("ðŸ—“ï¸?"); //  Changer de mois
                                                  ^
C:\Users\barra\Desktop\Ryan\Perso\JavaProjects\BudgetApp\BudgetApp.java:240: error: unmappable character (0x8F) for encoding windows-1252
            private final Button btnEdit = new Button("âœ?");
                                                         ^
2026.01.13 14:06:44 INFO  no build target found for C:\Users\barra\Desktop\Ryan\Perso\JavaProjects\BudgetApp\BudgetApp.java. Using fallback presentation compiler.
2026.01.13 14:06:45 INFO  no build target found for C:\Users\barra\Desktop\Ryan\Perso\JavaProjects\BudgetApp\BudgetApp.java. Using fallback presentation compiler.
2026.01.13 14:06:45 INFO  no build target found for C:\Users\barra\Desktop\Ryan\Perso\JavaProjects\BudgetApp\BudgetApp.java. Using fallback presentation compiler.
2026.01.13 14:06:45 INFO  no build target found for C:\Users\barra\Desktop\Ryan\Perso\JavaProjects\BudgetApp\BudgetApp.java. Using fallback presentation compiler.
C:\Users\barra\Desktop\Ryan\Perso\JavaProjects\BudgetApp\BudgetApp.java:73: error: unmappable character (0x8F) for encoding windows-1252
        Button btnNouveauMois = new Button("ðŸ—“ï¸?"); //  Changer de mois
                                                  ^
C:\Users\barra\Desktop\Ryan\Perso\JavaProjects\BudgetApp\BudgetApp.java:240: error: unmappable character (0x8F) for encoding windows-1252
            private final Button btnEdit = new Button("âœ?");
                                                         ^
2026.01.13 14:06:45 INFO  no build target found for C:\Users\barra\Desktop\Ryan\Perso\JavaProjects\BudgetApp\BudgetApp.java. Using fallback presentation compiler.
2026.01.13 14:06:46 INFO  no build target found for C:\Users\barra\Desktop\Ryan\Perso\JavaProjects\BudgetApp\BudgetApp.java. Using fallback presentation compiler.
2026.01.13 14:06:46 INFO  no build target found for C:\Users\barra\Desktop\Ryan\Perso\JavaProjects\BudgetApp\BudgetApp.java. Using fallback presentation compiler.
2026.01.13 14:06:47 INFO  no build target found for C:\Users\barra\Desktop\Ryan\Perso\JavaProjects\BudgetApp\BudgetApp.java. Using fallback presentation compiler.
C:\Users\barra\Desktop\Ryan\Perso\JavaProjects\BudgetApp\BudgetApp.java:73: error: unmappable character (0x8F) for encoding windows-1252
        Button btnNouveauMois = new Button("ðŸ—“ï¸?"); //  Changer de mois
                                                  ^
C:\Users\barra\Desktop\Ryan\Perso\JavaProjects\BudgetApp\BudgetApp.java:240: error: unmappable character (0x8F) for encoding windows-1252
            private final Button btnEdit = new Button("âœ?");
                                                         ^
2026.01.13 14:06:46 INFO  no build target found for C:\Users\barra\Desktop\Ryan\Perso\JavaProjects\BudgetApp\BudgetApp.java. Using fallback presentation compiler.
2026.01.13 14:06:47 INFO  no build target found for C:\Users\barra\Desktop\Ryan\Perso\JavaProjects\BudgetApp\BudgetApp.java. Using fallback presentation compiler.
2026.01.13 14:06:47 INFO  no build target found for C:\Users\barra\Desktop\Ryan\Perso\JavaProjects\BudgetApp\BudgetApp.java. Using fallback presentation compiler.
2026.01.13 14:06:47 INFO  no build target found for C:\Users\barra\Desktop\Ryan\Perso\JavaProjects\BudgetApp\BudgetApp.java. Using fallback presentation compiler.
2026.01.13 14:06:48 INFO  no build target found for C:\Users\barra\Desktop\Ryan\Perso\JavaProjects\BudgetApp\BudgetApp.java. Using fallback presentation compiler.
2026.01.13 14:06:47 INFO  no build target found for C:\Users\barra\Desktop\Ryan\Perso\JavaProjects\BudgetApp\BudgetApp.java. Using fallback presentation compiler.
C:\Users\barra\Desktop\Ryan\Perso\JavaProjects\BudgetApp\BudgetApp.java:73: error: unmappable character (0x8F) for encoding windows-1252
        Button btnNouveauMois = new Button("ðŸ—“ï¸?"); //  Changer de mois
                                                  ^
C:\Users\barra\Desktop\Ryan\Perso\JavaProjects\BudgetApp\BudgetApp.java:240: error: unmappable character (0x8F) for encoding windows-1252
            private final Button btnEdit = new Button("âœ?");
                                                         ^
2026.01.13 14:06:48 INFO  no build target found for C:\Users\barra\Desktop\Ryan\Perso\JavaProjects\BudgetApp\BudgetApp.java. Using fallback presentation compiler.
2026.01.13 14:06:48 INFO  no build target found for C:\Users\barra\Desktop\Ryan\Perso\JavaProjects\BudgetApp\BudgetApp.java. Using fallback presentation compiler.
2026.01.13 14:06:48 INFO  no build target found for C:\Users\barra\Desktop\Ryan\Perso\JavaProjects\BudgetApp\BudgetApp.java. Using fallback presentation compiler.
2026.01.13 14:06:49 INFO  no build target found for C:\Users\barra\Desktop\Ryan\Perso\JavaProjects\BudgetApp\BudgetApp.java. Using fallback presentation compiler.
C:\Users\barra\Desktop\Ryan\Perso\JavaProjects\BudgetApp\BudgetApp.java:73: error: unmappable character (0x8F) for encoding windows-1252
        Button btnNouveauMois = new Button("ðŸ—“ï¸?"); //  Changer de mois
                                                  ^
C:\Users\barra\Desktop\Ryan\Perso\JavaProjects\BudgetApp\BudgetApp.java:240: error: unmappable character (0x8F) for encoding windows-1252
            private final Button btnEdit = new Button("âœ?");
                                                         ^
2026.01.13 14:06:48 INFO  no build target found for C:\Users\barra\Desktop\Ryan\Perso\JavaProjects\BudgetApp\BudgetApp.java. Using fallback presentation compiler.
2026.01.13 14:07:00 INFO  no build target found for C:\Users\barra\Desktop\Ryan\Perso\JavaProjects\BudgetApp\BudgetApp.java. Using fallback presentation compiler.
2026.01.13 14:07:00 INFO  no build target found for C:\Users\barra\Desktop\Ryan\Perso\JavaProjects\BudgetApp\BudgetApp.java. Using fallback presentation compiler.
2026.01.13 14:07:00 INFO  no build target found for C:\Users\barra\Desktop\Ryan\Perso\JavaProjects\BudgetApp\BudgetApp.java. Using fallback presentation compiler.
2026.01.13 14:07:00 INFO  no build target found for C:\Users\barra\Desktop\Ryan\Perso\JavaProjects\BudgetApp\BudgetApp.java. Using fallback presentation compiler.
2026.01.13 14:07:00 INFO  no build target found for C:\Users\barra\Desktop\Ryan\Perso\JavaProjects\BudgetApp\BudgetApp.java. Using fallback presentation compiler.
2026.01.13 14:07:00 INFO  no build target found for C:\Users\barra\Desktop\Ryan\Perso\JavaProjects\BudgetApp\BudgetApp.java. Using fallback presentation compiler.
janv. 13, 2026 2:07:00 PM org.eclipse.lsp4j.jsonrpc.RemoteEndpoint handleCancellation
WARNING: Unmatched cancel notification for request id 1857
2026.01.13 14:07:00 INFO  no build target found for C:\Users\barra\Desktop\Ryan\Perso\JavaProjects\BudgetApp\BudgetApp.java. Using fallback presentation compiler.
2026.01.13 14:07:00 INFO  no build target found for C:\Users\barra\Desktop\Ryan\Perso\JavaProjects\BudgetApp\BudgetApp.java. Using fallback presentation compiler.
2026.01.13 14:07:01 INFO  no build target found for C:\Users\barra\Desktop\Ryan\Perso\JavaProjects\BudgetApp\BudgetApp.java. Using fallback presentation compiler.
2026.01.13 14:07:01 INFO  no build target found for C:\Users\barra\Desktop\Ryan\Perso\JavaProjects\BudgetApp\BudgetApp.java. Using fallback presentation compiler.
2026.01.13 14:07:01 INFO  no build target found for C:\Users\barra\Desktop\Ryan\Perso\JavaProjects\BudgetApp\BudgetApp.java. Using fallback presentation compiler.
2026.01.13 14:07:01 INFO  no build target found for C:\Users\barra\Desktop\Ryan\Perso\JavaProjects\BudgetApp\BudgetApp.java. Using fallback presentation compiler.
2026.01.13 14:07:01 INFO  no build target found for C:\Users\barra\Desktop\Ryan\Perso\JavaProjects\BudgetApp\BudgetApp.java. Using fallback presentation compiler.
2026.01.13 14:07:01 INFO  no build target found for C:\Users\barra\Desktop\Ryan\Perso\JavaProjects\BudgetApp\BudgetApp.java. Using fallback presentation compiler.
C:\Users\barra\Desktop\Ryan\Perso\JavaProjects\BudgetApp\BudgetApp.java:73: error: unmappable character (0x8F) for encoding windows-1252
        Button btnNouveauMois = new Button("ðŸ—“ï¸?"); //  Changer de mois
                                                  ^
C:\Users\barra\Desktop\Ryan\Perso\JavaProjects\BudgetApp\BudgetApp.java:240: error: unmappable character (0x8F) for encoding windows-1252
            private final Button btnEdit = new Button("âœ?");
                                                         ^
2026.01.13 14:07:02 INFO  no build target found for C:\Users\barra\Desktop\Ryan\Perso\JavaProjects\BudgetApp\BudgetApp.java. Using fallback presentation compiler.
2026.01.13 14:07:04 INFO  no build target found for C:\Users\barra\Desktop\Ryan\Perso\JavaProjects\BudgetApp\BudgetApp.java. Using fallback presentation compiler.
2026.01.13 14:07:04 INFO  no build target found for C:\Users\barra\Desktop\Ryan\Perso\JavaProjects\BudgetApp\BudgetApp.java. Using fallback presentation compiler.
2026.01.13 14:07:07 INFO  no build target found for C:\Users\barra\Desktop\Ryan\Perso\JavaProjects\BudgetApp\BudgetApp.java. Using fallback presentation compiler.
2026.01.13 14:07:07 INFO  no build target found for C:\Users\barra\Desktop\Ryan\Perso\JavaProjects\BudgetApp\BudgetApp.java. Using fallback presentation compiler.
2026.01.13 14:07:07 INFO  no build target found for C:\Users\barra\Desktop\Ryan\Perso\JavaProjects\BudgetApp\BudgetApp.java. Using fallback presentation compiler.
2026.01.13 14:07:08 INFO  no build target found for C:\Users\barra\Desktop\Ryan\Perso\JavaProjects\BudgetApp\BudgetApp.java. Using fallback presentation compiler.
C:\Users\barra\Desktop\Ryan\Perso\JavaProjects\BudgetApp\BudgetApp.java:73: error: unmappable character (0x8F) for encoding windows-1252
        Button btnNouveauMois = new Button("ðŸ—“ï¸?"); //  Changer de mois
                                                  ^
C:\Users\barra\Desktop\Ryan\Perso\JavaProjects\BudgetApp\BudgetApp.java:240: error: unmappable character (0x8F) for encoding windows-1252
            private final Button btnEdit = new Button("âœ?");
                                                         ^
2026.01.13 14:07:09 INFO  no build target found for C:\Users\barra\Desktop\Ryan\Perso\JavaProjects\BudgetApp\BudgetApp.java. Using fallback presentation compiler.
2026.01.13 14:07:09 INFO  no build target found for C:\Users\barra\Desktop\Ryan\Perso\JavaProjects\BudgetApp\BudgetApp.java. Using fallback presentation compiler.
2026.01.13 14:07:09 INFO  no build target found for C:\Users\barra\Desktop\Ryan\Perso\JavaProjects\BudgetApp\BudgetApp.java. Using fallback presentation compiler.
2026.01.13 14:07:09 INFO  no build target found for C:\Users\barra\Desktop\Ryan\Perso\JavaProjects\BudgetApp\BudgetApp.java. Using fallback presentation compiler.
2026.01.13 14:07:09 INFO  no build target found for C:\Users\barra\Desktop\Ryan\Perso\JavaProjects\BudgetApp\BudgetApp.java. Using fallback presentation compiler.
2026.01.13 14:07:09 INFO  no build target found for C:\Users\barra\Desktop\Ryan\Perso\JavaProjects\BudgetApp\BudgetApp.java. Using fallback presentation compiler.
C:\Users\barra\Desktop\Ryan\Perso\JavaProjects\BudgetApp\BudgetApp.java:73: error: unmappable character (0x8F) for encoding windows-1252
        Button btnNouveauMois = new Button("ðŸ—“ï¸?"); //  Changer de mois
                                                  ^
C:\Users\barra\Desktop\Ryan\Perso\JavaProjects\BudgetApp\BudgetApp.java:240: error: unmappable character (0x8F) for encoding windows-1252
            private final Button btnEdit = new Button("âœ?");
                                                         ^
2026.01.13 14:07:09 INFO  no build target found for C:\Users\barra\Desktop\Ryan\Perso\JavaProjects\BudgetApp\BudgetApp.java. Using fallback presentation compiler.
2026.01.13 14:07:10 INFO  no build target found for C:\Users\barra\Desktop\Ryan\Perso\JavaProjects\BudgetApp\BudgetApp.java. Using fallback presentation compiler.
2026.01.13 14:07:10 INFO  no build target found for C:\Users\barra\Desktop\Ryan\Perso\JavaProjects\BudgetApp\BudgetApp.java. Using fallback presentation compiler.
2026.01.13 14:07:10 INFO  no build target found for C:\Users\barra\Desktop\Ryan\Perso\JavaProjects\BudgetApp\BudgetApp.java. Using fallback presentation compiler.
2026.01.13 14:07:10 INFO  no build target found for C:\Users\barra\Desktop\Ryan\Perso\JavaProjects\BudgetApp\BudgetApp.java. Using fallback presentation compiler.
2026.01.13 14:07:10 INFO  no build target found for C:\Users\barra\Desktop\Ryan\Perso\JavaProjects\BudgetApp\BudgetApp.java. Using fallback presentation compiler.
2026.01.13 14:07:10 INFO  no build target found for C:\Users\barra\Desktop\Ryan\Perso\JavaProjects\BudgetApp\BudgetApp.java. Using fallback presentation compiler.
C:\Users\barra\Desktop\Ryan\Perso\JavaProjects\BudgetApp\BudgetApp.java:73: error: unmappable character (0x8F) for encoding windows-1252
        Button btnNouveauMois = new Button("ðŸ—“ï¸?"); //  Changer de mois
                                                  ^
C:\Users\barra\Desktop\Ryan\Perso\JavaProjects\BudgetApp\BudgetApp.java:240: error: unmappable character (0x8F) for encoding windows-1252
            private final Button btnEdit = new Button("âœ?");
                                                         ^
2026.01.13 14:07:11 INFO  no build target found for C:\Users\barra\Desktop\Ryan\Perso\JavaProjects\BudgetApp\BudgetApp.java. Using fallback presentation compiler.
2026.01.13 14:07:11 INFO  no build target found for C:\Users\barra\Desktop\Ryan\Perso\JavaProjects\BudgetApp\BudgetApp.java. Using fallback presentation compiler.
2026.01.13 14:07:11 INFO  no build target found for C:\Users\barra\Desktop\Ryan\Perso\JavaProjects\BudgetApp\BudgetApp.java. Using fallback presentation compiler.
C:\Users\barra\Desktop\Ryan\Perso\JavaProjects\BudgetApp\BudgetApp.java:73: error: unmappable character (0x8F) for encoding windows-1252
        Button btnNouveauMois = new Button("ðŸ—“ï¸?"); //  Changer de mois
                                                  ^
C:\Users\barra\Desktop\Ryan\Perso\JavaProjects\BudgetApp\BudgetApp.java:240: error: unmappable character (0x8F) for encoding windows-1252
            private final Button btnEdit = new Button("âœ?");
                                                         ^
2026.01.13 14:07:11 INFO  no build target found for C:\Users\barra\Desktop\Ryan\Perso\JavaProjects\BudgetApp\BudgetApp.java. Using fallback presentation compiler.
2026.01.13 14:07:12 INFO  no build target found for C:\Users\barra\Desktop\Ryan\Perso\JavaProjects\BudgetApp\BudgetApp.java. Using fallback presentation compiler.
2026.01.13 14:07:12 INFO  no build target found for C:\Users\barra\Desktop\Ryan\Perso\JavaProjects\BudgetApp\BudgetApp.java. Using fallback presentation compiler.
2026.01.13 14:07:12 INFO  no build target found for C:\Users\barra\Desktop\Ryan\Perso\JavaProjects\BudgetApp\BudgetApp.java. Using fallback presentation compiler.
2026.01.13 14:07:12 INFO  no build target found for C:\Users\barra\Desktop\Ryan\Perso\JavaProjects\BudgetApp\BudgetApp.java. Using fallback presentation compiler.
2026.01.13 14:07:12 INFO  no build target found for C:\Users\barra\Desktop\Ryan\Perso\JavaProjects\BudgetApp\BudgetApp.java. Using fallback presentation compiler.
2026.01.13 14:07:12 INFO  no build target found for C:\Users\barra\Desktop\Ryan\Perso\JavaProjects\BudgetApp\BudgetApp.java. Using fallback presentation compiler.
2026.01.13 14:07:13 INFO  no build target found for C:\Users\barra\Desktop\Ryan\Perso\JavaProjects\BudgetApp\BudgetApp.java. Using fallback presentation compiler.
C:\Users\barra\Desktop\Ryan\Perso\JavaProjects\BudgetApp\BudgetApp.java:73: error: unmappable character (0x8F) for encoding windows-1252
        Button btnNouveauMois = new Button("ðŸ—“ï¸?"); //  Changer de mois
                                                  ^
C:\Users\barra\Desktop\Ryan\Perso\JavaProjects\BudgetApp\BudgetApp.java:240: error: unmappable character (0x8F) for encoding windows-1252
            private final Button btnEdit = new Button("âœ?");
                                                         ^
2026.01.13 14:07:13 INFO  no build target found for C:\Users\barra\Desktop\Ryan\Perso\JavaProjects\BudgetApp\BudgetApp.java. Using fallback presentation compiler.
janv. 13, 2026 2:07:13 PM org.eclipse.lsp4j.jsonrpc.RemoteEndpoint handleCancellation
WARNING: Unmatched cancel notification for request id 1927
2026.01.13 14:07:13 INFO  no build target found for C:\Users\barra\Desktop\Ryan\Perso\JavaProjects\BudgetApp\BudgetApp.java. Using fallback presentation compiler.
2026.01.13 14:07:13 INFO  no build target found for C:\Users\barra\Desktop\Ryan\Perso\JavaProjects\BudgetApp\BudgetApp.java. Using fallback presentation compiler.
2026.01.13 14:07:13 INFO  no build target found for C:\Users\barra\Desktop\Ryan\Perso\JavaProjects\BudgetApp\BudgetApp.java. Using fallback presentation compiler.
2026.01.13 14:07:14 INFO  no build target found for C:\Users\barra\Desktop\Ryan\Perso\JavaProjects\BudgetApp\BudgetApp.java. Using fallback presentation compiler.
2026.01.13 14:07:13 INFO  no build target found for C:\Users\barra\Desktop\Ryan\Perso\JavaProjects\BudgetApp\BudgetApp.java. Using fallback presentation compiler.
2026.01.13 14:07:13 INFO  no build target found for C:\Users\barra\Desktop\Ryan\Perso\JavaProjects\BudgetApp\BudgetApp.java. Using fallback presentation compiler.
2026.01.13 14:07:13 INFO  no build target found for C:\Users\barra\Desktop\Ryan\Perso\JavaProjects\BudgetApp\BudgetApp.java. Using fallback presentation compiler.
2026.01.13 14:07:14 INFO  no build target found for C:\Users\barra\Desktop\Ryan\Perso\JavaProjects\BudgetApp\BudgetApp.java. Using fallback presentation compiler.
C:\Users\barra\Desktop\Ryan\Perso\JavaProjects\BudgetApp\BudgetApp.java:73: error: unmappable character (0x8F) for encoding windows-1252
        Button btnNouveauMois = new Button("ðŸ—“ï¸?"); //  Changer de mois
                                                  ^
C:\Users\barra\Desktop\Ryan\Perso\JavaProjects\BudgetApp\BudgetApp.java:240: error: unmappable character (0x8F) for encoding windows-1252
            private final Button btnEdit = new Button("âœ?");
                                                         ^
2026.01.13 14:07:15 INFO  no build target found for C:\Users\barra\Desktop\Ryan\Perso\JavaProjects\BudgetApp\BudgetApp.java. Using fallback presentation compiler.
2026.01.13 14:07:15 INFO  no build target found for C:\Users\barra\Desktop\Ryan\Perso\JavaProjects\BudgetApp\BudgetApp.java. Using fallback presentation compiler.
2026.01.13 14:07:15 INFO  no build target found for C:\Users\barra\Desktop\Ryan\Perso\JavaProjects\BudgetApp\BudgetApp.java. Using fallback presentation compiler.
2026.01.13 14:07:15 INFO  no build target found for C:\Users\barra\Desktop\Ryan\Perso\JavaProjects\BudgetApp\BudgetApp.java. Using fallback presentation compiler.
C:\Users\barra\Desktop\Ryan\Perso\JavaProjects\BudgetApp\BudgetApp.java:73: error: unmappable character (0x8F) for encoding windows-1252
        Button btnNouveauMois = new Button("ðŸ—“ï¸?"); //  Changer de mois
                                                  ^
C:\Users\barra\Desktop\Ryan\Perso\JavaProjects\BudgetApp\BudgetApp.java:240: error: unmappable character (0x8F) for encoding windows-1252
            private final Button btnEdit = new Button("âœ?");
                                                         ^
2026.01.13 14:07:15 INFO  no build target found for C:\Users\barra\Desktop\Ryan\Perso\JavaProjects\BudgetApp\BudgetApp.java. Using fallback presentation compiler.
2026.01.13 14:07:21 INFO  no build target found for C:\Users\barra\Desktop\Ryan\Perso\JavaProjects\BudgetApp\BudgetApp.java. Using fallback presentation compiler.
2026.01.13 14:07:21 INFO  no build target found for C:\Users\barra\Desktop\Ryan\Perso\JavaProjects\BudgetApp\BudgetApp.java. Using fallback presentation compiler.
2026.01.13 14:07:22 INFO  no build target found for C:\Users\barra\Desktop\Ryan\Perso\JavaProjects\BudgetApp\BudgetApp.java. Using fallback presentation compiler.
C:\Users\barra\Desktop\Ryan\Perso\JavaProjects\BudgetApp\BudgetApp.java:73: error: unmappable character (0x8F) for encoding windows-1252
        Button btnNouveauMois = new Button("ðŸ—“ï¸?"); //  Changer de mois
                                                  ^
C:\Users\barra\Desktop\Ryan\Perso\JavaProjects\BudgetApp\BudgetApp.java:240: error: unmappable character (0x8F) for encoding windows-1252
            private final Button btnEdit = new Button("âœ?");
                                                         ^
2026.01.13 14:07:22 INFO  no build target found for C:\Users\barra\Desktop\Ryan\Perso\JavaProjects\BudgetApp\BudgetApp.java. Using fallback presentation compiler.
2026.01.13 14:07:23 INFO  no build target found for C:\Users\barra\Desktop\Ryan\Perso\JavaProjects\BudgetApp\BudgetApp.java. Using fallback presentation compiler.
janv. 13, 2026 2:07:23 PM org.eclipse.lsp4j.jsonrpc.RemoteEndpoint handleCancellation
WARNING: Unmatched cancel notification for request id 1958
2026.01.13 14:07:23 INFO  no build target found for C:\Users\barra\Desktop\Ryan\Perso\JavaProjects\BudgetApp\BudgetApp.java. Using fallback presentation compiler.
2026.01.13 14:07:22 INFO  no build target found for C:\Users\barra\Desktop\Ryan\Perso\JavaProjects\BudgetApp\BudgetApp.java. Using fallback presentation compiler.
C:\Users\barra\Desktop\Ryan\Perso\JavaProjects\BudgetApp\BudgetApp.java:73: error: unmappable character (0x8F) for encoding windows-1252
        Button btnNouveauMois = new Button("ðŸ—“ï¸?"); //  Changer de mois
                                                  ^
C:\Users\barra\Desktop\Ryan\Perso\JavaProjects\BudgetApp\BudgetApp.java:240: error: unmappable character (0x8F) for encoding windows-1252
            private final Button btnEdit = new Button("âœ?");
                                                         ^
2026.01.13 14:07:23 INFO  Created report: Optional[file:///C:/Users/barra/Desktop/Ryan/Perso/JavaProjects/BudgetApp/BudgetApp.java]
2026.01.13 14:07:23 INFO  empty definition using pc, found symbol in pc: _empty_/BudgetApp#setCellFactory# (full report at: "C:\Users\barra\Desktop\Ryan\Perso\JavaProjects\BudgetApp\.metals\.reports\metals-full\2026-01-13\r_empty-definition_14-07-23-470.md")
janv. 13, 2026 2:07:23 PM org.eclipse.lsp4j.jsonrpc.RemoteEndpoint handleCancellation
WARNING: Unmatched cancel notification for request id 1960
2026.01.13 14:07:23 INFO  no build target found for C:\Users\barra\Desktop\Ryan\Perso\JavaProjects\BudgetApp\BudgetApp.java. Using fallback presentation compiler.
janv. 13, 2026 2:07:23 PM org.eclipse.lsp4j.jsonrpc.RemoteEndpoint handleCancellation
WARNING: Unmatched cancel notification for request id 1962
2026.01.13 14:07:23 INFO  no build target found for C:\Users\barra\Desktop\Ryan\Perso\JavaProjects\BudgetApp\BudgetApp.java. Using fallback presentation compiler.
2026.01.13 14:07:23 INFO  no build target found for C:\Users\barra\Desktop\Ryan\Perso\JavaProjects\BudgetApp\BudgetApp.java. Using fallback presentation compiler.
2026.01.13 14:07:23 INFO  no build target found for C:\Users\barra\Desktop\Ryan\Perso\JavaProjects\BudgetApp\BudgetApp.java. Using fallback presentation compiler.
janv. 13, 2026 2:07:24 PM org.eclipse.lsp4j.jsonrpc.RemoteEndpoint handleCancellation
WARNING: Unmatched cancel notification for request id 1964
2026.01.13 14:07:23 INFO  no build target found for C:\Users\barra\Desktop\Ryan\Perso\JavaProjects\BudgetApp\BudgetApp.java. Using fallback presentation compiler.
2026.01.13 14:07:23 INFO  no build target found for C:\Users\barra\Desktop\Ryan\Perso\JavaProjects\BudgetApp\BudgetApp.java. Using fallback presentation compiler.
janv. 13, 2026 2:07:24 PM org.eclipse.lsp4j.jsonrpc.RemoteEndpoint handleCancellation
WARNING: Unmatched cancel notification for request id 1966
2026.01.13 14:07:23 INFO  no build target found for C:\Users\barra\Desktop\Ryan\Perso\JavaProjects\BudgetApp\BudgetApp.java. Using fallback presentation compiler.
2026.01.13 14:07:23 INFO  no build target found for C:\Users\barra\Desktop\Ryan\Perso\JavaProjects\BudgetApp\BudgetApp.java. Using fallback presentation compiler.
C:\Users\barra\Desktop\Ryan\Perso\JavaProjects\BudgetApp\BudgetApp.java:73: error: unmappable character (0x8F) for encoding windows-1252
        Button btnNouveauMois = new Button("ðŸ—“ï¸?"); //  Changer de mois
                                                  ^
C:\Users\barra\Desktop\Ryan\Perso\JavaProjects\BudgetApp\BudgetApp.java:240: error: unmappable character (0x8F) for encoding windows-1252
            private final Button btnEdit = new Button("âœ?");
                                                         ^
2026.01.13 14:07:24 INFO  Created report: Optional[file:///C:/Users/barra/Desktop/Ryan/Perso/JavaProjects/BudgetApp/BudgetApp.java]
2026.01.13 14:07:24 INFO  empty definition using pc, found symbol in pc: _empty_/`<any>`#setPrefWidth# (full report at: "C:\Users\barra\Desktop\Ryan\Perso\JavaProjects\BudgetApp\.metals\.reports\metals-full\2026-01-13\r_empty-definition_14-07-24-520.md")
2026.01.13 14:07:24 INFO  no build target found for C:\Users\barra\Desktop\Ryan\Perso\JavaProjects\BudgetApp\BudgetApp.java. Using fallback presentation compiler.
2026.01.13 14:07:24 INFO  no build target found for C:\Users\barra\Desktop\Ryan\Perso\JavaProjects\BudgetApp\BudgetApp.java. Using fallback presentation compiler.
janv. 13, 2026 2:07:25 PM org.eclipse.lsp4j.jsonrpc.RemoteEndpoint handleCancellation
WARNING: Unmatched cancel notification for request id 1973
janv. 13, 2026 2:07:25 PM org.eclipse.lsp4j.jsonrpc.RemoteEndpoint handleCancellation
WARNING: Unmatched cancel notification for request id 1976
2026.01.13 14:07:24 INFO  no build target found for C:\Users\barra\Desktop\Ryan\Perso\JavaProjects\BudgetApp\BudgetApp.java. Using fallback presentation compiler.
2026.01.13 14:07:25 INFO  no build target found for C:\Users\barra\Desktop\Ryan\Perso\JavaProjects\BudgetApp\BudgetApp.java. Using fallback presentation compiler.
2026.01.13 14:07:24 INFO  no build target found for C:\Users\barra\Desktop\Ryan\Perso\JavaProjects\BudgetApp\BudgetApp.java. Using fallback presentation compiler.
2026.01.13 14:07:24 INFO  no build target found for C:\Users\barra\Desktop\Ryan\Perso\JavaProjects\BudgetApp\BudgetApp.java. Using fallback presentation compiler.
2026.01.13 14:07:25 INFO  Created report: Optional[file:///C:/Users/barra/Desktop/Ryan/Perso/JavaProjects/BudgetApp/BudgetApp.java]
2026.01.13 14:07:25 INFO  empty definition using pc, found symbol in pc: _empty_/`<any>`#setCellValueFactory# (full report at: "C:\Users\barra\Desktop\Ryan\Perso\JavaProjects\BudgetApp\.metals\.reports\metals-full\2026-01-13\r_empty-definition_14-07-25-358.md")
2026.01.13 14:07:24 INFO  empty definition using pc, found symbol in pc: _empty_/`<any>`#setCellValueFactory# (full report at: "C:\Users\barra\Desktop\Ryan\Perso\JavaProjects\BudgetApp\.metals\.reports\metals-full\2026-01-13\r_empty-definition_14-07-25-358.md")
2026.01.13 14:07:24 INFO  no build target found for C:\Users\barra\Desktop\Ryan\Perso\JavaProjects\BudgetApp\BudgetApp.java. Using fallback presentation compiler.
2026.01.13 14:07:24 INFO  no build target found for C:\Users\barra\Desktop\Ryan\Perso\JavaProjects\BudgetApp\BudgetApp.java. Using fallback presentation compiler.
2026.01.13 14:07:26 INFO  no build target found for C:\Users\barra\Desktop\Ryan\Perso\JavaProjects\BudgetApp\BudgetApp.java. Using fallback presentation compiler.
C:\Users\barra\Desktop\Ryan\Perso\JavaProjects\BudgetApp\BudgetApp.java:73: error: unmappable character (0x8F) for encoding windows-1252
        Button btnNouveauMois = new Button("ðŸ—“ï¸?"); //  Changer de mois
                                                  ^
C:\Users\barra\Desktop\Ryan\Perso\JavaProjects\BudgetApp\BudgetApp.java:240: error: unmappable character (0x8F) for encoding windows-1252
            private final Button btnEdit = new Button("âœ?");
                                                         ^
2026.01.13 14:07:26 INFO  no build target found for C:\Users\barra\Desktop\Ryan\Perso\JavaProjects\BudgetApp\BudgetApp.java. Using fallback presentation compiler.
2026.01.13 14:07:26 WARN  no build target for: C:\Users\barra\Desktop\Ryan\Perso\JavaProjects\BudgetApp\BudgetApp.java
2026.01.13 14:07:26 INFO  no build target found for C:\Users\barra\Desktop\Ryan\Perso\JavaProjects\BudgetApp\BudgetApp.java. Using fallback presentation compiler.
2026.01.13 14:07:28 INFO  no build target found for C:\Users\barra\Desktop\Ryan\Perso\JavaProjects\BudgetApp\BudgetApp.java. Using fallback presentation compiler.
2026.01.13 14:07:29 INFO  no build target found for C:\Users\barra\Desktop\Ryan\Perso\JavaProjects\BudgetApp\BudgetApp.java. Using fallback presentation compiler.
2026.01.13 14:07:30 INFO  no build target found for C:\Users\barra\Desktop\Ryan\Perso\JavaProjects\BudgetApp\BudgetApp.java. Using fallback presentation compiler.
2026.01.13 14:07:30 WARN  no build target for: C:\Users\barra\Desktop\Ryan\Perso\JavaProjects\BudgetApp\BudgetApp.java
2026.01.13 14:07:30 INFO  no build target found for C:\Users\barra\Desktop\Ryan\Perso\JavaProjects\BudgetApp\BudgetApp.java. Using fallback presentation compiler.
2026.01.13 14:07:31 INFO  no build target found for C:\Users\barra\Desktop\Ryan\Perso\JavaProjects\BudgetApp\BudgetApp.java. Using fallback presentation compiler.
2026.01.13 14:07:36 INFO  no build target found for C:\Users\barra\Desktop\Ryan\Perso\JavaProjects\BudgetApp\BudgetApp.java. Using fallback presentation compiler.
2026.01.13 14:07:40 INFO  no build target found for C:\Users\barra\Desktop\Ryan\Perso\JavaProjects\BudgetApp\BudgetApp.java. Using fallback presentation compiler.
2026.01.13 14:07:40 INFO  no build target found for C:\Users\barra\Desktop\Ryan\Perso\JavaProjects\BudgetApp\BudgetApp.java. Using fallback presentation compiler.
2026.01.13 14:07:40 INFO  no build target found for C:\Users\barra\Desktop\Ryan\Perso\JavaProjects\BudgetApp\BudgetApp.java. Using fallback presentation compiler.
2026.01.13 14:07:41 INFO  no build target found for C:\Users\barra\Desktop\Ryan\Perso\JavaProjects\BudgetApp\BudgetApp.java. Using fallback presentation compiler.
2026.01.13 14:07:41 INFO  no build target found for C:\Users\barra\Desktop\Ryan\Perso\JavaProjects\BudgetApp\BudgetApp.java. Using fallback presentation compiler.
2026.01.13 14:07:41 INFO  no build target found for C:\Users\barra\Desktop\Ryan\Perso\JavaProjects\BudgetApp\BudgetApp.java. Using fallback presentation compiler.
2026.01.13 14:07:43 INFO  no build target found for C:\Users\barra\Desktop\Ryan\Perso\JavaProjects\BudgetApp\BudgetApp.java. Using fallback presentation compiler.
2026.01.13 14:07:45 WARN  no build target for: C:\Users\barra\Desktop\Ryan\Perso\JavaProjects\BudgetApp\BudgetApp.java
2026.01.13 14:07:45 INFO  no build target found for C:\Users\barra\Desktop\Ryan\Perso\JavaProjects\BudgetApp\BudgetApp.java. Using fallback presentation compiler.
2026.01.13 14:07:46 INFO  no build target found for C:\Users\barra\Desktop\Ryan\Perso\JavaProjects\BudgetApp\BudgetApp.java. Using fallback presentation compiler.
2026.01.13 14:08:05 INFO  no build target found for C:\Users\barra\Desktop\Ryan\Perso\JavaProjects\BudgetApp\BudgetApp.java. Using fallback presentation compiler.
2026.01.13 14:08:05 INFO  no build target found for C:\Users\barra\Desktop\Ryan\Perso\JavaProjects\BudgetApp\BudgetApp.java. Using fallback presentation compiler.
2026.01.13 14:08:07 INFO  no build target found for C:\Users\barra\Desktop\Ryan\Perso\JavaProjects\BudgetApp\BudgetApp.java. Using fallback presentation compiler.
2026.01.13 14:08:07 INFO  no build target found for C:\Users\barra\Desktop\Ryan\Perso\JavaProjects\BudgetApp\BudgetApp.java. Using fallback presentation compiler.
2026.01.13 14:08:07 INFO  no build target found for C:\Users\barra\Desktop\Ryan\Perso\JavaProjects\BudgetApp\BudgetApp.java. Using fallback presentation compiler.
C:\Users\barra\Desktop\Ryan\Perso\JavaProjects\BudgetApp\BudgetApp.java:73: error: unmappable character (0x8F) for encoding windows-1252
        Button btnNouveauMois = new Button("ðŸ—“ï¸?"); //  Changer de mois
                                                  ^
C:\Users\barra\Desktop\Ryan\Perso\JavaProjects\BudgetApp\BudgetApp.java:240: error: unmappable character (0x8F) for encoding windows-1252
            private final Button btnEdit = new Button("âœ?");
                                                         ^
2026.01.13 14:08:07 INFO  no build target found for C:\Users\barra\Desktop\Ryan\Perso\JavaProjects\BudgetApp\BudgetApp.java. Using fallback presentation compiler.
2026.01.13 14:08:09 WARN  no build target for: C:\Users\barra\Desktop\Ryan\Perso\JavaProjects\BudgetApp\BudgetApp.java
2026.01.13 14:08:09 INFO  no build target found for C:\Users\barra\Desktop\Ryan\Perso\JavaProjects\BudgetApp\BudgetApp.java. Using fallback presentation compiler.
2026.01.13 14:08:10 INFO  no build target found for C:\Users\barra\Desktop\Ryan\Perso\JavaProjects\BudgetApp\BudgetApp.java. Using fallback presentation compiler.
2026.01.13 14:08:25 WARN  no build target for: C:\Users\barra\Desktop\Ryan\Perso\JavaProjects\BudgetApp\BudgetApp.java
2026.01.13 14:08:25 INFO  no build target found for C:\Users\barra\Desktop\Ryan\Perso\JavaProjects\BudgetApp\BudgetApp.java. Using fallback presentation compiler.
2026.01.13 14:08:45 INFO  no build target found for C:\Users\barra\Desktop\Ryan\Perso\JavaProjects\BudgetApp\BudgetApp.java. Using fallback presentation compiler.
2026.01.13 14:08:45 INFO  no build target found for C:\Users\barra\Desktop\Ryan\Perso\JavaProjects\BudgetApp\BudgetApp.java. Using fallback presentation compiler.
C:\Users\barra\Desktop\Ryan\Perso\JavaProjects\BudgetApp\BudgetApp.java:78: error: unmappable character (0x8F) for encoding windows-1252
        Button btnNouveauMois = new Button("ðŸ—“ï¸?");
                                                  ^
C:\Users\barra\Desktop\Ryan\Perso\JavaProjects\BudgetApp\BudgetApp.java:245: error: unmappable character (0x8F) for encoding windows-1252
            private final Button btnEdit = new Button("âœ?");
                                                         ^
2026.01.13 14:08:46 INFO  no build target found for C:\Users\barra\Desktop\Ryan\Perso\JavaProjects\BudgetApp\BudgetApp.java. Using fallback presentation compiler.
2026.01.13 14:08:46 INFO  no build target found for C:\Users\barra\Desktop\Ryan\Perso\JavaProjects\BudgetApp\BudgetApp.java. Using fallback presentation compiler.
2026.01.13 14:08:47 INFO  no build target found for C:\Users\barra\Desktop\Ryan\Perso\JavaProjects\BudgetApp\BudgetApp.java. Using fallback presentation compiler.
2026.01.13 14:08:46 INFO  no build target found for C:\Users\barra\Desktop\Ryan\Perso\JavaProjects\BudgetApp\BudgetApp.java. Using fallback presentation compiler.
2026.01.13 14:08:46 INFO  no build target found for C:\Users\barra\Desktop\Ryan\Perso\JavaProjects\BudgetApp\BudgetApp.java. Using fallback presentation compiler.
2026.01.13 14:08:47 INFO  no build target found for C:\Users\barra\Desktop\Ryan\Perso\JavaProjects\BudgetApp\BudgetApp.java. Using fallback presentation compiler.
C:\Users\barra\Desktop\Ryan\Perso\JavaProjects\BudgetApp\BudgetApp.java:78: error: unmappable character (0x8F) for encoding windows-1252
        Button btnNouveauMois = new Button("ðŸ—“ï¸?");
                                                  ^
C:\Users\barra\Desktop\Ryan\Perso\JavaProjects\BudgetApp\BudgetApp.java:245: error: unmappable character (0x8F) for encoding windows-1252
            private final Button btnEdit = new Button("âœ?");
                                                         ^
2026.01.13 14:08:48 INFO  no build target found for C:\Users\barra\Desktop\Ryan\Perso\JavaProjects\BudgetApp\BudgetApp.java. Using fallback presentation compiler.
2026.01.13 14:08:48 INFO  no build target found for C:\Users\barra\Desktop\Ryan\Perso\JavaProjects\BudgetApp\BudgetApp.java. Using fallback presentation compiler.
2026.01.13 14:08:48 INFO  no build target found for C:\Users\barra\Desktop\Ryan\Perso\JavaProjects\BudgetApp\BudgetApp.java. Using fallback presentation compiler.
C:\Users\barra\Desktop\Ryan\Perso\JavaProjects\BudgetApp\BudgetApp.java:78: error: unmappable character (0x8F) for encoding windows-1252
        Button btnNouveauMois = new Button("ðŸ—“ï¸?");
                                                  ^
C:\Users\barra\Desktop\Ryan\Perso\JavaProjects\BudgetApp\BudgetApp.java:245: error: unmappable character (0x8F) for encoding windows-1252
            private final Button btnEdit = new Button("âœ?");
                                                         ^
2026.01.13 14:08:48 INFO  no build target found for C:\Users\barra\Desktop\Ryan\Perso\JavaProjects\BudgetApp\BudgetApp.java. Using fallback presentation compiler.
2026.01.13 14:08:49 INFO  no build target found for C:\Users\barra\Desktop\Ryan\Perso\JavaProjects\BudgetApp\BudgetApp.java. Using fallback presentation compiler.
2026.01.13 14:08:49 INFO  no build target found for C:\Users\barra\Desktop\Ryan\Perso\JavaProjects\BudgetApp\BudgetApp.java. Using fallback presentation compiler.
2026.01.13 14:08:49 INFO  no build target found for C:\Users\barra\Desktop\Ryan\Perso\JavaProjects\BudgetApp\BudgetApp.java. Using fallback presentation compiler.
2026.01.13 14:08:49 INFO  no build target found for C:\Users\barra\Desktop\Ryan\Perso\JavaProjects\BudgetApp\BudgetApp.java. Using fallback presentation compiler.
C:\Users\barra\Desktop\Ryan\Perso\JavaProjects\BudgetApp\BudgetApp.java:78: error: unmappable character (0x8F) for encoding windows-1252
        Button btnNouveauMois = new Button("ðŸ—“ï¸?");
                                                  ^
C:\Users\barra\Desktop\Ryan\Perso\JavaProjects\BudgetApp\BudgetApp.java:245: error: unmappable character (0x8F) for encoding windows-1252
            private final Button btnEdit = new Button("âœ?");
                                                         ^
2026.01.13 14:08:49 INFO  no build target found for C:\Users\barra\Desktop\Ryan\Perso\JavaProjects\BudgetApp\BudgetApp.java. Using fallback presentation compiler.
janv. 13, 2026 2:08:50 PM org.eclipse.lsp4j.jsonrpc.RemoteEndpoint handleCancellation
WARNING: Unmatched cancel notification for request id 2081
2026.01.13 14:08:50 INFO  no build target found for C:\Users\barra\Desktop\Ryan\Perso\JavaProjects\BudgetApp\BudgetApp.java. Using fallback presentation compiler.
2026.01.13 14:08:49 INFO  no build target found for C:\Users\barra\Desktop\Ryan\Perso\JavaProjects\BudgetApp\BudgetApp.java. Using fallback presentation compiler.
2026.01.13 14:08:49 INFO  no build target found for C:\Users\barra\Desktop\Ryan\Perso\JavaProjects\BudgetApp\BudgetApp.java. Using fallback presentation compiler.
2026.01.13 14:08:49 INFO  no build target found for C:\Users\barra\Desktop\Ryan\Perso\JavaProjects\BudgetApp\BudgetApp.java. Using fallback presentation compiler.
C:\Users\barra\Desktop\Ryan\Perso\JavaProjects\BudgetApp\BudgetApp.java:78: error: unmappable character (0x8F) for encoding windows-1252
        Button btnNouveauMois = new Button("ðŸ—“ï¸?");
                                                  ^
C:\Users\barra\Desktop\Ryan\Perso\JavaProjects\BudgetApp\BudgetApp.java:245: error: unmappable character (0x8F) for encoding windows-1252
            private final Button btnEdit = new Button("âœ?");
                                                         ^
2026.01.13 14:08:50 INFO  no build target found for C:\Users\barra\Desktop\Ryan\Perso\JavaProjects\BudgetApp\BudgetApp.java. Using fallback presentation compiler.
2026.01.13 14:08:50 INFO  no build target found for C:\Users\barra\Desktop\Ryan\Perso\JavaProjects\BudgetApp\BudgetApp.java. Using fallback presentation compiler.
2026.01.13 14:08:51 INFO  no build target found for C:\Users\barra\Desktop\Ryan\Perso\JavaProjects\BudgetApp\BudgetApp.java. Using fallback presentation compiler.
C:\Users\barra\Desktop\Ryan\Perso\JavaProjects\BudgetApp\BudgetApp.java:78: error: unmappable character (0x8F) for encoding windows-1252
        Button btnNouveauMois = new Button("ðŸ—“ï¸?");
                                                  ^
C:\Users\barra\Desktop\Ryan\Perso\JavaProjects\BudgetApp\BudgetApp.java:245: error: unmappable character (0x8F) for encoding windows-1252
            private final Button btnEdit = new Button("âœ?");
                                                         ^
2026.01.13 14:08:50 INFO  no build target found for C:\Users\barra\Desktop\Ryan\Perso\JavaProjects\BudgetApp\BudgetApp.java. Using fallback presentation compiler.
2026.01.13 14:08:50 INFO  no build target found for C:\Users\barra\Desktop\Ryan\Perso\JavaProjects\BudgetApp\BudgetApp.java. Using fallback presentation compiler.
2026.01.13 14:08:52 INFO  no build target found for C:\Users\barra\Desktop\Ryan\Perso\JavaProjects\BudgetApp\BudgetApp.java. Using fallback presentation compiler.
2026.01.13 14:08:52 INFO  no build target found for C:\Users\barra\Desktop\Ryan\Perso\JavaProjects\BudgetApp\BudgetApp.java. Using fallback presentation compiler.
2026.01.13 14:08:52 INFO  no build target found for C:\Users\barra\Desktop\Ryan\Perso\JavaProjects\BudgetApp\BudgetApp.java. Using fallback presentation compiler.
C:\Users\barra\Desktop\Ryan\Perso\JavaProjects\BudgetApp\BudgetApp.java:78: error: unmappable character (0x8F) for encoding windows-1252
        Button btnNouveauMois = new Button("ðŸ—“ï¸?");
                                                  ^
C:\Users\barra\Desktop\Ryan\Perso\JavaProjects\BudgetApp\BudgetApp.java:245: error: unmappable character (0x8F) for encoding windows-1252
            private final Button btnEdit = new Button("âœ?");
                                                         ^
2026.01.13 14:08:53 INFO  no build target found for C:\Users\barra\Desktop\Ryan\Perso\JavaProjects\BudgetApp\BudgetApp.java. Using fallback presentation compiler.
2026.01.13 14:08:53 INFO  no build target found for C:\Users\barra\Desktop\Ryan\Perso\JavaProjects\BudgetApp\BudgetApp.java. Using fallback presentation compiler.
2026.01.13 14:08:56 INFO  no build target found for C:\Users\barra\Desktop\Ryan\Perso\JavaProjects\BudgetApp\BudgetApp.java. Using fallback presentation compiler.
2026.01.13 14:08:56 INFO  no build target found for C:\Users\barra\Desktop\Ryan\Perso\JavaProjects\BudgetApp\BudgetApp.java. Using fallback presentation compiler.
2026.01.13 14:08:56 INFO  no build target found for C:\Users\barra\Desktop\Ryan\Perso\JavaProjects\BudgetApp\BudgetApp.java. Using fallback presentation compiler.
C:\Users\barra\Desktop\Ryan\Perso\JavaProjects\BudgetApp\BudgetApp.java:78: error: unmappable character (0x8F) for encoding windows-1252
        Button btnNouveauMois = new Button("ðŸ—“ï¸?");
                                                  ^
C:\Users\barra\Desktop\Ryan\Perso\JavaProjects\BudgetApp\BudgetApp.java:245: error: unmappable character (0x8F) for encoding windows-1252
            private final Button btnEdit = new Button("âœ?");
                                                         ^
2026.01.13 14:08:56 INFO  no build target found for C:\Users\barra\Desktop\Ryan\Perso\JavaProjects\BudgetApp\BudgetApp.java. Using fallback presentation compiler.
2026.01.13 14:08:59 INFO  no build target found for C:\Users\barra\Desktop\Ryan\Perso\JavaProjects\BudgetApp\BudgetApp.java. Using fallback presentation compiler.
2026.01.13 14:08:59 INFO  no build target found for C:\Users\barra\Desktop\Ryan\Perso\JavaProjects\BudgetApp\BudgetApp.java. Using fallback presentation compiler.
2026.01.13 14:08:59 INFO  no build target found for C:\Users\barra\Desktop\Ryan\Perso\JavaProjects\BudgetApp\BudgetApp.java. Using fallback presentation compiler.
2026.01.13 14:08:59 INFO  no build target found for C:\Users\barra\Desktop\Ryan\Perso\JavaProjects\BudgetApp\BudgetApp.java. Using fallback presentation compiler.
2026.01.13 14:08:59 INFO  no build target found for C:\Users\barra\Desktop\Ryan\Perso\JavaProjects\BudgetApp\BudgetApp.java. Using fallback presentation compiler.
2026.01.13 14:09:00 INFO  no build target found for C:\Users\barra\Desktop\Ryan\Perso\JavaProjects\BudgetApp\BudgetApp.java. Using fallback presentation compiler.
C:\Users\barra\Desktop\Ryan\Perso\JavaProjects\BudgetApp\BudgetApp.java:78: error: unmappable character (0x8F) for encoding windows-1252
        Button btnNouveauMois = new Button("ðŸ—“ï¸?");
                                                  ^
C:\Users\barra\Desktop\Ryan\Perso\JavaProjects\BudgetApp\BudgetApp.java:245: error: unmappable character (0x8F) for encoding windows-1252
            private final Button btnEdit = new Button("âœ?");
                                                         ^
2026.01.13 14:09:00 INFO  no build target found for C:\Users\barra\Desktop\Ryan\Perso\JavaProjects\BudgetApp\BudgetApp.java. Using fallback presentation compiler.
janv. 13, 2026 2:09:00 PM org.eclipse.lsp4j.jsonrpc.RemoteEndpoint handleCancellation
WARNING: Unmatched cancel notification for request id 2129
2026.01.13 14:09:00 INFO  no build target found for C:\Users\barra\Desktop\Ryan\Perso\JavaProjects\BudgetApp\BudgetApp.java. Using fallback presentation compiler.
2026.01.13 14:09:00 INFO  no build target found for C:\Users\barra\Desktop\Ryan\Perso\JavaProjects\BudgetApp\BudgetApp.java. Using fallback presentation compiler.
2026.01.13 14:09:01 INFO  no build target found for C:\Users\barra\Desktop\Ryan\Perso\JavaProjects\BudgetApp\BudgetApp.java. Using fallback presentation compiler.
C:\Users\barra\Desktop\Ryan\Perso\JavaProjects\BudgetApp\BudgetApp.java:78: error: unmappable character (0x8F) for encoding windows-1252
        Button btnNouveauMois = new Button("ðŸ—“ï¸?");
                                                  ^
C:\Users\barra\Desktop\Ryan\Perso\JavaProjects\BudgetApp\BudgetApp.java:245: error: unmappable character (0x8F) for encoding windows-1252
            private final Button btnEdit = new Button("âœ?");
                                                         ^
2026.01.13 14:09:00 INFO  no build target found for C:\Users\barra\Desktop\Ryan\Perso\JavaProjects\BudgetApp\BudgetApp.java. Using fallback presentation compiler.
2026.01.13 14:09:01 WARN  no build target for: C:\Users\barra\Desktop\Ryan\Perso\JavaProjects\BudgetApp\BudgetApp.java
2026.01.13 14:09:01 INFO  no build target found for C:\Users\barra\Desktop\Ryan\Perso\JavaProjects\BudgetApp\BudgetApp.java. Using fallback presentation compiler.
2026.01.13 14:09:02 INFO  no build target found for C:\Users\barra\Desktop\Ryan\Perso\JavaProjects\BudgetApp\BudgetApp.java. Using fallback presentation compiler.
2026.01.13 14:09:26 INFO  no build target found for C:\Users\barra\Desktop\Ryan\Perso\JavaProjects\BudgetApp\BudgetApp.java. Using fallback presentation compiler.
2026.01.13 14:09:28 INFO  no build target found for C:\Users\barra\Desktop\Ryan\Perso\JavaProjects\BudgetApp\BudgetApp.java. Using fallback presentation compiler.
2026.01.13 14:09:28 INFO  no build target found for C:\Users\barra\Desktop\Ryan\Perso\JavaProjects\BudgetApp\BudgetApp.java. Using fallback presentation compiler.
2026.01.13 14:09:31 INFO  no build target found for C:\Users\barra\Desktop\Ryan\Perso\JavaProjects\BudgetApp\BudgetApp.java. Using fallback presentation compiler.
janv. 13, 2026 2:09:31 PM org.eclipse.lsp4j.jsonrpc.RemoteEndpoint handleCancellation
WARNING: Unmatched cancel notification for request id 2150
2026.01.13 14:09:31 INFO  no build target found for C:\Users\barra\Desktop\Ryan\Perso\JavaProjects\BudgetApp\BudgetApp.java. Using fallback presentation compiler.
2026.01.13 14:09:32 INFO  no build target found for C:\Users\barra\Desktop\Ryan\Perso\JavaProjects\BudgetApp\BudgetApp.java. Using fallback presentation compiler.
2026.01.13 14:09:32 INFO  no build target found for C:\Users\barra\Desktop\Ryan\Perso\JavaProjects\BudgetApp\BudgetApp.java. Using fallback presentation compiler.
2026.01.13 14:09:32 INFO  no build target found for C:\Users\barra\Desktop\Ryan\Perso\JavaProjects\BudgetApp\BudgetApp.java. Using fallback presentation compiler.
2026.01.13 14:09:32 INFO  no build target found for C:\Users\barra\Desktop\Ryan\Perso\JavaProjects\BudgetApp\BudgetApp.java. Using fallback presentation compiler.
2026.01.13 14:09:32 INFO  no build target found for C:\Users\barra\Desktop\Ryan\Perso\JavaProjects\BudgetApp\BudgetApp.java. Using fallback presentation compiler.
2026.01.13 14:09:32 INFO  no build target found for C:\Users\barra\Desktop\Ryan\Perso\JavaProjects\BudgetApp\BudgetApp.java. Using fallback presentation compiler.
2026.01.13 14:09:32 INFO  no build target found for C:\Users\barra\Desktop\Ryan\Perso\JavaProjects\BudgetApp\BudgetApp.java. Using fallback presentation compiler.
C:\Users\barra\Desktop\Ryan\Perso\JavaProjects\BudgetApp\BudgetApp.java:73: error: unmappable character (0x8F) for encoding windows-1252
        Button btnNouveauMois = new Button("ðŸ—“ï¸? Changer de mois");
                                                  ^
C:\Users\barra\Desktop\Ryan\Perso\JavaProjects\BudgetApp\BudgetApp.java:240: error: unmappable character (0x8F) for encoding windows-1252
            private final Button btnEdit = new Button("âœ?");
                                                         ^
2026.01.13 14:09:33 WARN  no build target for: C:\Users\barra\Desktop\Ryan\Perso\JavaProjects\BudgetApp\BudgetApp.java
2026.01.13 14:09:33 INFO  no build target found for C:\Users\barra\Desktop\Ryan\Perso\JavaProjects\BudgetApp\BudgetApp.java. Using fallback presentation compiler.
2026.01.13 14:09:33 INFO  no build target found for C:\Users\barra\Desktop\Ryan\Perso\JavaProjects\BudgetApp\BudgetApp.java. Using fallback presentation compiler.
2026.01.13 14:09:33 INFO  no build target found for C:\Users\barra\Desktop\Ryan\Perso\JavaProjects\BudgetApp\BudgetApp.java. Using fallback presentation compiler.
2026.01.13 14:09:35 WARN  no build target for: C:\Users\barra\Desktop\Ryan\Perso\JavaProjects\BudgetApp\BudgetApp.java
2026.01.13 14:09:35 INFO  no build target found for C:\Users\barra\Desktop\Ryan\Perso\JavaProjects\BudgetApp\BudgetApp.java. Using fallback presentation compiler.
2026.01.13 14:09:35 INFO  no build target found for C:\Users\barra\Desktop\Ryan\Perso\JavaProjects\BudgetApp\BudgetApp.java. Using fallback presentation compiler.
2026.01.13 14:09:36 INFO  no build target found for C:\Users\barra\Desktop\Ryan\Perso\JavaProjects\BudgetApp\BudgetApp.java. Using fallback presentation compiler.
2026.01.13 14:10:07 INFO  no build target found for C:\Users\barra\Desktop\Ryan\Perso\JavaProjects\BudgetApp\BudgetApp.java. Using fallback presentation compiler.
2026.01.13 14:10:07 INFO  no build target found for C:\Users\barra\Desktop\Ryan\Perso\JavaProjects\BudgetApp\BudgetApp.java. Using fallback presentation compiler.
2026.01.13 14:10:07 INFO  no build target found for C:\Users\barra\Desktop\Ryan\Perso\JavaProjects\BudgetApp\BudgetApp.java. Using fallback presentation compiler.
2026.01.13 14:10:08 INFO  no build target found for C:\Users\barra\Desktop\Ryan\Perso\JavaProjects\BudgetApp\BudgetApp.java. Using fallback presentation compiler.
2026.01.13 14:10:08 INFO  Created report: Optional[file:///C:/Users/barra/Desktop/Ryan/Perso/JavaProjects/BudgetApp/BudgetApp.java]
2026.01.13 14:10:08 INFO  empty definition using pc, found symbol in pc: _empty_/PropertyValueFactory# (full report at: "C:\Users\barra\Desktop\Ryan\Perso\JavaProjects\BudgetApp\.metals\.reports\metals-full\2026-01-13\r_empty-definition_14-10-08-445.md")
2026.01.13 14:10:10 INFO  no build target found for C:\Users\barra\Desktop\Ryan\Perso\JavaProjects\BudgetApp\BudgetApp.java. Using fallback presentation compiler.
2026.01.13 14:10:10 INFO  no build target found for C:\Users\barra\Desktop\Ryan\Perso\JavaProjects\BudgetApp\BudgetApp.java. Using fallback presentation compiler.
2026.01.13 14:10:11 INFO  no build target found for C:\Users\barra\Desktop\Ryan\Perso\JavaProjects\BudgetApp\BudgetApp.java. Using fallback presentation compiler.
2026.01.13 14:10:12 INFO  no build target found for C:\Users\barra\Desktop\Ryan\Perso\JavaProjects\BudgetApp\BudgetApp.java. Using fallback presentation compiler.
2026.01.13 14:10:12 INFO  no build target found for C:\Users\barra\Desktop\Ryan\Perso\JavaProjects\BudgetApp\BudgetApp.java. Using fallback presentation compiler.
2026.01.13 14:10:15 INFO  no build target found for C:\Users\barra\Desktop\Ryan\Perso\JavaProjects\BudgetApp\BudgetApp.java. Using fallback presentation compiler.
2026.01.13 14:10:15 INFO  no build target found for C:\Users\barra\Desktop\Ryan\Perso\JavaProjects\BudgetApp\BudgetApp.java. Using fallback presentation compiler.
2026.01.13 14:10:15 INFO  no build target found for C:\Users\barra\Desktop\Ryan\Perso\JavaProjects\BudgetApp\BudgetApp.java. Using fallback presentation compiler.
C:\Users\barra\Desktop\Ryan\Perso\JavaProjects\BudgetApp\BudgetApp.java:73: error: unmappable character (0x8F) for encoding windows-1252
        Button btnNouveauMois = new Button("ðŸ—“ï¸? Changer de mois");
                                                  ^
C:\Users\barra\Desktop\Ryan\Perso\JavaProjects\BudgetApp\BudgetApp.java:240: error: unmappable character (0x8F) for encoding windows-1252
            private final Button btnEdit = new Button("âœ?");
                                                         ^
2026.01.13 14:10:15 INFO  no build target found for C:\Users\barra\Desktop\Ryan\Perso\JavaProjects\BudgetApp\BudgetApp.java. Using fallback presentation compiler.
2026.01.13 14:10:16 INFO  no build target found for C:\Users\barra\Desktop\Ryan\Perso\JavaProjects\BudgetApp\BudgetApp.java. Using fallback presentation compiler.
2026.01.13 14:10:16 INFO  no build target found for C:\Users\barra\Desktop\Ryan\Perso\JavaProjects\BudgetApp\BudgetApp.java. Using fallback presentation compiler.
2026.01.13 14:10:16 INFO  no build target found for C:\Users\barra\Desktop\Ryan\Perso\JavaProjects\BudgetApp\BudgetApp.java. Using fallback presentation compiler.
2026.01.13 14:10:16 INFO  no build target found for C:\Users\barra\Desktop\Ryan\Perso\JavaProjects\BudgetApp\BudgetApp.java. Using fallback presentation compiler.
C:\Users\barra\Desktop\Ryan\Perso\JavaProjects\BudgetApp\BudgetApp.java:73: error: unmappable character (0x8F) for encoding windows-1252
        Button btnNouveauMois = new Button("ðŸ—“ï¸? Changer de mois");
                                                  ^
C:\Users\barra\Desktop\Ryan\Perso\JavaProjects\BudgetApp\BudgetApp.java:240: error: unmappable character (0x8F) for encoding windows-1252
            private final Button btnEdit = new Button("âœ?");
                                                         ^
2026.01.13 14:10:16 INFO  no build target found for C:\Users\barra\Desktop\Ryan\Perso\JavaProjects\BudgetApp\BudgetApp.java. Using fallback presentation compiler.
2026.01.13 14:10:17 INFO  no build target found for C:\Users\barra\Desktop\Ryan\Perso\JavaProjects\BudgetApp\BudgetApp.java. Using fallback presentation compiler.
2026.01.13 14:10:17 INFO  no build target found for C:\Users\barra\Desktop\Ryan\Perso\JavaProjects\BudgetApp\BudgetApp.java. Using fallback presentation compiler.
2026.01.13 14:10:17 INFO  no build target found for C:\Users\barra\Desktop\Ryan\Perso\JavaProjects\BudgetApp\BudgetApp.java. Using fallback presentation compiler.
C:\Users\barra\Desktop\Ryan\Perso\JavaProjects\BudgetApp\BudgetApp.java:73: error: unmappable character (0x8F) for encoding windows-1252
        Button btnNouveauMois = new Button("ðŸ—“ï¸? Changer de mois");
                                                  ^
C:\Users\barra\Desktop\Ryan\Perso\JavaProjects\BudgetApp\BudgetApp.java:240: error: unmappable character (0x8F) for encoding windows-1252
            private final Button btnEdit = new Button("âœ?");
                                                         ^
2026.01.13 14:10:17 INFO  no build target found for C:\Users\barra\Desktop\Ryan\Perso\JavaProjects\BudgetApp\BudgetApp.java. Using fallback presentation compiler.
2026.01.13 14:10:18 WARN  no build target for: C:\Users\barra\Desktop\Ryan\Perso\JavaProjects\BudgetApp\BudgetApp.java
2026.01.13 14:10:18 INFO  no build target found for C:\Users\barra\Desktop\Ryan\Perso\JavaProjects\BudgetApp\BudgetApp.java. Using fallback presentation compiler.
2026.01.13 14:10:18 INFO  no build target found for C:\Users\barra\Desktop\Ryan\Perso\JavaProjects\BudgetApp\BudgetApp.java. Using fallback presentation compiler.
2026.01.13 14:10:18 INFO  no build target found for C:\Users\barra\Desktop\Ryan\Perso\JavaProjects\BudgetApp\BudgetApp.java. Using fallback presentation compiler.
2026.01.13 14:10:20 INFO  no build target found for C:\Users\barra\Desktop\Ryan\Perso\JavaProjects\BudgetApp\BudgetApp.java. Using fallback presentation compiler.
2026.01.13 14:10:20 INFO  no build target found for C:\Users\barra\Desktop\Ryan\Perso\JavaProjects\BudgetApp\BudgetApp.java. Using fallback presentation compiler.
2026.01.13 14:10:24 INFO  no build target found for C:\Users\barra\Desktop\Ryan\Perso\JavaProjects\BudgetApp\BudgetApp.java. Using fallback presentation compiler.
2026.01.13 14:10:24 INFO  no build target found for C:\Users\barra\Desktop\Ryan\Perso\JavaProjects\BudgetApp\BudgetApp.java. Using fallback presentation compiler.
2026.01.13 14:10:25 INFO  no build target found for C:\Users\barra\Desktop\Ryan\Perso\JavaProjects\BudgetApp\BudgetApp.java. Using fallback presentation compiler.
2026.01.13 14:11:39 INFO  no build target found for C:\Users\barra\Desktop\Ryan\Perso\JavaProjects\BudgetApp\BudgetApp.java. Using fallback presentation compiler.
2026.01.13 14:11:43 INFO  no build target found for C:\Users\barra\Desktop\Ryan\Perso\JavaProjects\BudgetApp\BudgetApp.java. Using fallback presentation compiler.
2026.01.13 14:11:43 INFO  no build target found for C:\Users\barra\Desktop\Ryan\Perso\JavaProjects\BudgetApp\BudgetApp.java. Using fallback presentation compiler.
2026.01.13 14:11:43 INFO  no build target found for C:\Users\barra\Desktop\Ryan\Perso\JavaProjects\BudgetApp\BudgetApp.java. Using fallback presentation compiler.
2026.01.13 14:11:46 INFO  no build target found for C:\Users\barra\Desktop\Ryan\Perso\JavaProjects\BudgetApp\BudgetApp.java. Using fallback presentation compiler.
2026.01.13 14:11:46 INFO  no build target found for C:\Users\barra\Desktop\Ryan\Perso\JavaProjects\BudgetApp\BudgetApp.java. Using fallback presentation compiler.
2026.01.13 14:11:46 INFO  no build target found for C:\Users\barra\Desktop\Ryan\Perso\JavaProjects\BudgetApp\BudgetApp.java. Using fallback presentation compiler.
2026.01.13 14:11:47 INFO  no build target found for C:\Users\barra\Desktop\Ryan\Perso\JavaProjects\BudgetApp\BudgetApp.java. Using fallback presentation compiler.
2026.01.13 14:11:49 INFO  no build target found for C:\Users\barra\Desktop\Ryan\Perso\JavaProjects\BudgetApp\BudgetApp.java. Using fallback presentation compiler.
2026.01.13 14:11:50 INFO  no build target found for C:\Users\barra\Desktop\Ryan\Perso\JavaProjects\BudgetApp\BudgetApp.java. Using fallback presentation compiler.
2026.01.13 14:11:50 INFO  no build target found for C:\Users\barra\Desktop\Ryan\Perso\JavaProjects\BudgetApp\BudgetApp.java. Using fallback presentation compiler.
2026.01.13 14:11:51 INFO  no build target found for C:\Users\barra\Desktop\Ryan\Perso\JavaProjects\BudgetApp\BudgetApp.java. Using fallback presentation compiler.
2026.01.13 14:11:51 INFO  no build target found for C:\Users\barra\Desktop\Ryan\Perso\JavaProjects\BudgetApp\BudgetApp.java. Using fallback presentation compiler.
2026.01.13 14:11:52 INFO  no build target found for C:\Users\barra\Desktop\Ryan\Perso\JavaProjects\BudgetApp\BudgetApp.java. Using fallback presentation compiler.
2026.01.13 14:11:54 INFO  no build target found for C:\Users\barra\Desktop\Ryan\Perso\JavaProjects\BudgetApp\BudgetApp.java. Using fallback presentation compiler.
2026.01.13 14:11:54 INFO  no build target found for C:\Users\barra\Desktop\Ryan\Perso\JavaProjects\BudgetApp\BudgetApp.java. Using fallback presentation compiler.
2026.01.13 14:11:55 INFO  no build target found for C:\Users\barra\Desktop\Ryan\Perso\JavaProjects\BudgetApp\BudgetApp.java. Using fallback presentation compiler.
2026.01.13 14:11:55 INFO  no build target found for C:\Users\barra\Desktop\Ryan\Perso\JavaProjects\BudgetApp\BudgetApp.java. Using fallback presentation compiler.
2026.01.13 14:11:57 INFO  no build target found for C:\Users\barra\Desktop\Ryan\Perso\JavaProjects\BudgetApp\BudgetApp.java. Using fallback presentation compiler.
2026.01.13 14:11:57 INFO  no build target found for C:\Users\barra\Desktop\Ryan\Perso\JavaProjects\BudgetApp\BudgetApp.java. Using fallback presentation compiler.
2026.01.13 14:11:58 INFO  no build target found for C:\Users\barra\Desktop\Ryan\Perso\JavaProjects\BudgetApp\BudgetApp.java. Using fallback presentation compiler.
2026.01.13 14:11:58 INFO  no build target found for C:\Users\barra\Desktop\Ryan\Perso\JavaProjects\BudgetApp\BudgetApp.java. Using fallback presentation compiler.
2026.01.13 14:11:58 INFO  no build target found for C:\Users\barra\Desktop\Ryan\Perso\JavaProjects\BudgetApp\BudgetApp.java. Using fallback presentation compiler.
2026.01.13 14:12:01 INFO  no build target found for C:\Users\barra\Desktop\Ryan\Perso\JavaProjects\BudgetApp\BudgetApp.java. Using fallback presentation compiler.
2026.01.13 14:12:01 INFO  no build target found for C:\Users\barra\Desktop\Ryan\Perso\JavaProjects\BudgetApp\BudgetApp.java. Using fallback presentation compiler.
2026.01.13 14:12:04 INFO  no build target found for C:\Users\barra\Desktop\Ryan\Perso\JavaProjects\BudgetApp\BudgetApp.java. Using fallback presentation compiler.
2026.01.13 14:13:23 INFO  no build target found for C:\Users\barra\Desktop\Ryan\Perso\JavaProjects\BudgetApp\BudgetApp.java. Using fallback presentation compiler.
2026.01.13 14:13:25 INFO  no build target found for C:\Users\barra\Desktop\Ryan\Perso\JavaProjects\BudgetApp\BudgetApp.java. Using fallback presentation compiler.
2026.01.13 14:13:25 INFO  no build target found for C:\Users\barra\Desktop\Ryan\Perso\JavaProjects\BudgetApp\BudgetApp.java. Using fallback presentation compiler.
2026.01.13 14:13:28 INFO  no build target found for C:\Users\barra\Desktop\Ryan\Perso\JavaProjects\BudgetApp\BudgetApp.java. Using fallback presentation compiler.
2026.01.13 14:13:28 INFO  no build target found for C:\Users\barra\Desktop\Ryan\Perso\JavaProjects\BudgetApp\BudgetApp.java. Using fallback presentation compiler.
2026.01.13 14:13:28 INFO  no build target found for C:\Users\barra\Desktop\Ryan\Perso\JavaProjects\BudgetApp\BudgetApp.java. Using fallback presentation compiler.
2026.01.13 14:13:28 INFO  no build target found for C:\Users\barra\Desktop\Ryan\Perso\JavaProjects\BudgetApp\BudgetApp.java. Using fallback presentation compiler.
2026.01.13 14:13:30 INFO  no build target found for C:\Users\barra\Desktop\Ryan\Perso\JavaProjects\BudgetApp\BudgetApp.java. Using fallback presentation compiler.
C:\Users\barra\Desktop\Ryan\Perso\JavaProjects\BudgetApp\BudgetApp.java:73: error: unmappable character (0x8F) for encoding windows-1252
        Button btnNouveauMois = new Button("ðŸ—“ï¸? Changer de mois");
                                                  ^
C:\Users\barra\Desktop\Ryan\Perso\JavaProjects\BudgetApp\BudgetApp.java:240: error: unmappable character (0x8F) for encoding windows-1252
            private final Button btnEdit = new Button("âœ?");
                                                         ^
2026.01.13 14:13:30 INFO  no build target found for C:\Users\barra\Desktop\Ryan\Perso\JavaProjects\BudgetApp\BudgetApp.java. Using fallback presentation compiler.
2026.01.13 14:13:40 INFO  no build target found for C:\Users\barra\Desktop\Ryan\Perso\JavaProjects\BudgetApp\BudgetApp.java. Using fallback presentation compiler.
2026.01.13 14:13:40 INFO  no build target found for C:\Users\barra\Desktop\Ryan\Perso\JavaProjects\BudgetApp\BudgetApp.java. Using fallback presentation compiler.
2026.01.13 14:13:40 INFO  no build target found for C:\Users\barra\Desktop\Ryan\Perso\JavaProjects\BudgetApp\BudgetApp.java. Using fallback presentation compiler.
2026.01.13 14:13:41 INFO  no build target found for C:\Users\barra\Desktop\Ryan\Perso\JavaProjects\BudgetApp\BudgetApp.java. Using fallback presentation compiler.
2026.01.13 14:13:41 INFO  no build target found for C:\Users\barra\Desktop\Ryan\Perso\JavaProjects\BudgetApp\BudgetApp.java. Using fallback presentation compiler.
2026.01.13 14:13:41 INFO  no build target found for C:\Users\barra\Desktop\Ryan\Perso\JavaProjects\BudgetApp\BudgetApp.java. Using fallback presentation compiler.
C:\Users\barra\Desktop\Ryan\Perso\JavaProjects\BudgetApp\BudgetApp.java:73: error: unmappable character (0x8F) for encoding windows-1252
        Button btnNouveauMois = new Button("ðŸ—“ï¸? Changer de mois");
                                                  ^
C:\Users\barra\Desktop\Ryan\Perso\JavaProjects\BudgetApp\BudgetApp.java:240: error: unmappable character (0x8F) for encoding windows-1252
            private final Button btnEdit = new Button("âœ?");
                                                         ^
2026.01.13 14:13:41 INFO  no build target found for C:\Users\barra\Desktop\Ryan\Perso\JavaProjects\BudgetApp\BudgetApp.java. Using fallback presentation compiler.
2026.01.13 14:13:41 INFO  no build target found for C:\Users\barra\Desktop\Ryan\Perso\JavaProjects\BudgetApp\BudgetApp.java. Using fallback presentation compiler.
2026.01.13 14:13:42 INFO  no build target found for C:\Users\barra\Desktop\Ryan\Perso\JavaProjects\BudgetApp\BudgetApp.java. Using fallback presentation compiler.
C:\Users\barra\Desktop\Ryan\Perso\JavaProjects\BudgetApp\BudgetApp.java:73: error: unmappable character (0x8F) for encoding windows-1252
        Button btnNouveauMois = new Button("ðŸ—“ï¸? Changer de mois");
                                                  ^
C:\Users\barra\Desktop\Ryan\Perso\JavaProjects\BudgetApp\BudgetApp.java:240: error: unmappable character (0x8F) for encoding windows-1252
            private final Button btnEdit = new Button("âœ?");
                                                         ^
2026.01.13 14:13:42 INFO  no build target found for C:\Users\barra\Desktop\Ryan\Perso\JavaProjects\BudgetApp\BudgetApp.java. Using fallback presentation compiler.
2026.01.13 14:13:44 WARN  no build target for: C:\Users\barra\Desktop\Ryan\Perso\JavaProjects\BudgetApp\BudgetApp.java
2026.01.13 14:13:44 INFO  no build target found for C:\Users\barra\Desktop\Ryan\Perso\JavaProjects\BudgetApp\BudgetApp.java. Using fallback presentation compiler.
2026.01.13 14:13:45 INFO  no build target found for C:\Users\barra\Desktop\Ryan\Perso\JavaProjects\BudgetApp\BudgetApp.java. Using fallback presentation compiler.
2026.01.13 14:13:53 INFO  no build target found for C:\Users\barra\Desktop\Ryan\Perso\JavaProjects\BudgetApp\BudgetApp.java. Using fallback presentation compiler.
2026.01.13 14:13:57 INFO  no build target found for C:\Users\barra\Desktop\Ryan\Perso\JavaProjects\BudgetApp\BudgetApp.java. Using fallback presentation compiler.
2026.01.13 14:13:57 INFO  no build target found for C:\Users\barra\Desktop\Ryan\Perso\JavaProjects\BudgetApp\BudgetApp.java. Using fallback presentation compiler.
2026.01.13 14:13:57 INFO  no build target found for C:\Users\barra\Desktop\Ryan\Perso\JavaProjects\BudgetApp\BudgetApp.java. Using fallback presentation compiler.
2026.01.13 14:13:58 INFO  no build target found for C:\Users\barra\Desktop\Ryan\Perso\JavaProjects\BudgetApp\BudgetApp.java. Using fallback presentation compiler.
2026.01.13 14:13:58 INFO  no build target found for C:\Users\barra\Desktop\Ryan\Perso\JavaProjects\BudgetApp\BudgetApp.java. Using fallback presentation compiler.
2026.01.13 14:13:58 INFO  no build target found for C:\Users\barra\Desktop\Ryan\Perso\JavaProjects\BudgetApp\BudgetApp.java. Using fallback presentation compiler.
C:\Users\barra\Desktop\Ryan\Perso\JavaProjects\BudgetApp\BudgetApp.java:73: error: unmappable character (0x8F) for encoding windows-1252
        Button btnNouveauMois = new Button("ðŸ—“ï¸?");
                                                  ^
C:\Users\barra\Desktop\Ryan\Perso\JavaProjects\BudgetApp\BudgetApp.java:213: error: unmappable character (0x90) for encoding windows-1252
        // 4. Colonne CYCLE (â­?)
                               ^
C:\Users\barra\Desktop\Ryan\Perso\JavaProjects\BudgetApp\BudgetApp.java:223: error: unmappable character (0x90) for encoding windows-1252
                    setText(item ? "â­?" : "");
                                      ^
C:\Users\barra\Desktop\Ryan\Perso\JavaProjects\BudgetApp\BudgetApp.java:233: error: unmappable character (0x8F) for encoding windows-1252
            private final Button btnEdit = new Button("âœ?");
                                                         ^
2026.01.13 14:13:58 INFO  no build target found for C:\Users\barra\Desktop\Ryan\Perso\JavaProjects\BudgetApp\BudgetApp.java. Using fallback presentation compiler.
C:\Users\barra\Desktop\Ryan\Perso\JavaProjects\BudgetApp\BudgetApp.java:73: error: unmappable character (0x8F) for encoding windows-1252
        Button btnNouveauMois = new Button("ðŸ—“ï¸?");
                                                  ^
C:\Users\barra\Desktop\Ryan\Perso\JavaProjects\BudgetApp\BudgetApp.java:213: error: unmappable character (0x90) for encoding windows-1252
        // 4. Colonne CYCLE (â­?)
                               ^
C:\Users\barra\Desktop\Ryan\Perso\JavaProjects\BudgetApp\BudgetApp.java:223: error: unmappable character (0x90) for encoding windows-1252
                    setText(item ? "â­?" : "");
                                      ^
C:\Users\barra\Desktop\Ryan\Perso\JavaProjects\BudgetApp\BudgetApp.java:233: error: unmappable character (0x8F) for encoding windows-1252
            private final Button btnEdit = new Button("âœ?");
                                                         ^
2026.01.13 14:13:58 INFO  no build target found for C:\Users\barra\Desktop\Ryan\Perso\JavaProjects\BudgetApp\BudgetApp.java. Using fallback presentation compiler.
2026.01.13 14:13:59 INFO  no build target found for C:\Users\barra\Desktop\Ryan\Perso\JavaProjects\BudgetApp\BudgetApp.java. Using fallback presentation compiler.
2026.01.13 14:14:00 INFO  no build target found for C:\Users\barra\Desktop\Ryan\Perso\JavaProjects\BudgetApp\BudgetApp.java. Using fallback presentation compiler.
2026.01.13 14:14:02 WARN  no build target for: C:\Users\barra\Desktop\Ryan\Perso\JavaProjects\BudgetApp\BudgetApp.java
2026.01.13 14:14:02 INFO  no build target found for C:\Users\barra\Desktop\Ryan\Perso\JavaProjects\BudgetApp\BudgetApp.java. Using fallback presentation compiler.
2026.01.13 14:14:20 INFO  no build target found for C:\Users\barra\Desktop\Ryan\Perso\JavaProjects\BudgetApp\BudgetApp.java. Using fallback presentation compiler.
2026.01.13 14:14:20 INFO  no build target found for C:\Users\barra\Desktop\Ryan\Perso\JavaProjects\BudgetApp\BudgetApp.java. Using fallback presentation compiler.
2026.01.13 14:14:20 INFO  no build target found for C:\Users\barra\Desktop\Ryan\Perso\JavaProjects\BudgetApp\BudgetApp.java. Using fallback presentation compiler.
2026.01.13 14:14:23 INFO  no build target found for C:\Users\barra\Desktop\Ryan\Perso\JavaProjects\BudgetApp\BudgetApp.java. Using fallback presentation compiler.
2026.01.13 14:14:23 INFO  no build target found for C:\Users\barra\Desktop\Ryan\Perso\JavaProjects\BudgetApp\BudgetApp.java. Using fallback presentation compiler.
2026.01.13 14:14:24 INFO  no build target found for C:\Users\barra\Desktop\Ryan\Perso\JavaProjects\BudgetApp\BudgetApp.java. Using fallback presentation compiler.
2026.01.13 14:14:24 INFO  no build target found for C:\Users\barra\Desktop\Ryan\Perso\JavaProjects\BudgetApp\BudgetApp.java. Using fallback presentation compiler.
2026.01.13 14:14:24 INFO  no build target found for C:\Users\barra\Desktop\Ryan\Perso\JavaProjects\BudgetApp\BudgetApp.java. Using fallback presentation compiler.
2026.01.13 14:14:24 INFO  no build target found for C:\Users\barra\Desktop\Ryan\Perso\JavaProjects\BudgetApp\BudgetApp.java. Using fallback presentation compiler.
2026.01.13 14:14:25 INFO  no build target found for C:\Users\barra\Desktop\Ryan\Perso\JavaProjects\BudgetApp\BudgetApp.java. Using fallback presentation compiler.
2026.01.13 14:14:25 INFO  no build target found for C:\Users\barra\Desktop\Ryan\Perso\JavaProjects\BudgetApp\BudgetApp.java. Using fallback presentation compiler.
2026.01.13 14:14:25 INFO  no build target found for C:\Users\barra\Desktop\Ryan\Perso\JavaProjects\BudgetApp\BudgetApp.java. Using fallback presentation compiler.
2026.01.13 14:14:26 INFO  no build target found for C:\Users\barra\Desktop\Ryan\Perso\JavaProjects\BudgetApp\BudgetApp.java. Using fallback presentation compiler.
C:\Users\barra\Desktop\Ryan\Perso\JavaProjects\BudgetApp\BudgetApp.java:73: error: unmappable character (0x8F) for encoding windows-1252
        Button btnNouveauMois = new Button("ðŸ—“ï¸?");
                                                  ^
C:\Users\barra\Desktop\Ryan\Perso\JavaProjects\BudgetApp\BudgetApp.java:213: error: unmappable character (0x90) for encoding windows-1252
        // 4. Colonne CYCLE (â­?)
                               ^
C:\Users\barra\Desktop\Ryan\Perso\JavaProjects\BudgetApp\BudgetApp.java:223: error: unmappable character (0x90) for encoding windows-1252
                    setText(item ? "â­?" : "");
                                      ^
C:\Users\barra\Desktop\Ryan\Perso\JavaProjects\BudgetApp\BudgetApp.java:233: error: unmappable character (0x8F) for encoding windows-1252
            private final Button btnEdit = new Button("âœ?");
                                                         ^
2026.01.13 14:14:26 INFO  no build target found for C:\Users\barra\Desktop\Ryan\Perso\JavaProjects\BudgetApp\BudgetApp.java. Using fallback presentation compiler.
2026.01.13 14:14:26 INFO  no build target found for C:\Users\barra\Desktop\Ryan\Perso\JavaProjects\BudgetApp\BudgetApp.java. Using fallback presentation compiler.
2026.01.13 14:14:26 INFO  no build target found for C:\Users\barra\Desktop\Ryan\Perso\JavaProjects\BudgetApp\BudgetApp.java. Using fallback presentation compiler.
2026.01.13 14:14:26 INFO  no build target found for C:\Users\barra\Desktop\Ryan\Perso\JavaProjects\BudgetApp\BudgetApp.java. Using fallback presentation compiler.
2026.01.13 14:14:26 INFO  no build target found for C:\Users\barra\Desktop\Ryan\Perso\JavaProjects\BudgetApp\BudgetApp.java. Using fallback presentation compiler.
2026.01.13 14:14:27 INFO  no build target found for C:\Users\barra\Desktop\Ryan\Perso\JavaProjects\BudgetApp\BudgetApp.java. Using fallback presentation compiler.
2026.01.13 14:14:26 INFO  no build target found for C:\Users\barra\Desktop\Ryan\Perso\JavaProjects\BudgetApp\BudgetApp.java. Using fallback presentation compiler.
C:\Users\barra\Desktop\Ryan\Perso\JavaProjects\BudgetApp\BudgetApp.java:73: error: unmappable character (0x8F) for encoding windows-1252
        Button btnNouveauMois = new Button("ðŸ—“ï¸?");
                                                  ^
C:\Users\barra\Desktop\Ryan\Perso\JavaProjects\BudgetApp\BudgetApp.java:213: error: unmappable character (0x90) for encoding windows-1252
        // 4. Colonne CYCLE (â­?)
                               ^
C:\Users\barra\Desktop\Ryan\Perso\JavaProjects\BudgetApp\BudgetApp.java:223: error: unmappable character (0x90) for encoding windows-1252
                    setText(item ? "â­?" : "");
                                      ^
C:\Users\barra\Desktop\Ryan\Perso\JavaProjects\BudgetApp\BudgetApp.java:233: error: unmappable character (0x8F) for encoding windows-1252
            private final Button btnEdit = new Button("âœ?");
                                                         ^
2026.01.13 14:14:27 INFO  no build target found for C:\Users\barra\Desktop\Ryan\Perso\JavaProjects\BudgetApp\BudgetApp.java. Using fallback presentation compiler.
2026.01.13 14:14:27 INFO  no build target found for C:\Users\barra\Desktop\Ryan\Perso\JavaProjects\BudgetApp\BudgetApp.java. Using fallback presentation compiler.
2026.01.13 14:14:27 INFO  no build target found for C:\Users\barra\Desktop\Ryan\Perso\JavaProjects\BudgetApp\BudgetApp.java. Using fallback presentation compiler.
2026.01.13 14:14:27 INFO  no build target found for C:\Users\barra\Desktop\Ryan\Perso\JavaProjects\BudgetApp\BudgetApp.java. Using fallback presentation compiler.
C:\Users\barra\Desktop\Ryan\Perso\JavaProjects\BudgetApp\BudgetApp.java:73: error: unmappable character (0x8F) for encoding windows-1252
        Button btnNouveauMois = new Button("ðŸ—“ï¸?");
                                                  ^
C:\Users\barra\Desktop\Ryan\Perso\JavaProjects\BudgetApp\BudgetApp.java:213: error: unmappable character (0x90) for encoding windows-1252
        // 4. Colonne CYCLE (â­?)
                               ^
C:\Users\barra\Desktop\Ryan\Perso\JavaProjects\BudgetApp\BudgetApp.java:223: error: unmappable character (0x90) for encoding windows-1252
                    setText(item ? "â­?" : "");
                                      ^
C:\Users\barra\Desktop\Ryan\Perso\JavaProjects\BudgetApp\BudgetApp.java:233: error: unmappable character (0x8F) for encoding windows-1252
            private final Button btnEdit = new Button("âœ?");
                                                         ^
2026.01.13 14:14:27 INFO  no build target found for C:\Users\barra\Desktop\Ryan\Perso\JavaProjects\BudgetApp\BudgetApp.java. Using fallback presentation compiler.
2026.01.13 14:14:28 INFO  no build target found for C:\Users\barra\Desktop\Ryan\Perso\JavaProjects\BudgetApp\BudgetApp.java. Using fallback presentation compiler.
2026.01.13 14:14:28 INFO  no build target found for C:\Users\barra\Desktop\Ryan\Perso\JavaProjects\BudgetApp\BudgetApp.java. Using fallback presentation compiler.
2026.01.13 14:14:29 INFO  no build target found for C:\Users\barra\Desktop\Ryan\Perso\JavaProjects\BudgetApp\BudgetApp.java. Using fallback presentation compiler.
2026.01.13 14:14:29 INFO  no build target found for C:\Users\barra\Desktop\Ryan\Perso\JavaProjects\BudgetApp\BudgetApp.java. Using fallback presentation compiler.
2026.01.13 14:14:29 INFO  no build target found for C:\Users\barra\Desktop\Ryan\Perso\JavaProjects\BudgetApp\BudgetApp.java. Using fallback presentation compiler.
2026.01.13 14:14:30 INFO  no build target found for C:\Users\barra\Desktop\Ryan\Perso\JavaProjects\BudgetApp\BudgetApp.java. Using fallback presentation compiler.
C:\Users\barra\Desktop\Ryan\Perso\JavaProjects\BudgetApp\BudgetApp.java:73: error: unmappable character (0x8F) for encoding windows-1252
        Button btnNouveauMois = new Button("ðŸ—“ï¸?");
                                                  ^
C:\Users\barra\Desktop\Ryan\Perso\JavaProjects\BudgetApp\BudgetApp.java:213: error: unmappable character (0x90) for encoding windows-1252
        // 4. Colonne CYCLE (â­?)
                               ^
C:\Users\barra\Desktop\Ryan\Perso\JavaProjects\BudgetApp\BudgetApp.java:223: error: unmappable character (0x90) for encoding windows-1252
                    setText(item ? "â­?" : "");
                                      ^
C:\Users\barra\Desktop\Ryan\Perso\JavaProjects\BudgetApp\BudgetApp.java:233: error: unmappable character (0x8F) for encoding windows-1252
            private final Button btnEdit = new Button("âœ?");
                                                         ^
2026.01.13 14:14:30 INFO  no build target found for C:\Users\barra\Desktop\Ryan\Perso\JavaProjects\BudgetApp\BudgetApp.java. Using fallback presentation compiler.
2026.01.13 14:14:30 INFO  no build target found for C:\Users\barra\Desktop\Ryan\Perso\JavaProjects\BudgetApp\BudgetApp.java. Using fallback presentation compiler.
2026.01.13 14:14:31 INFO  no build target found for C:\Users\barra\Desktop\Ryan\Perso\JavaProjects\BudgetApp\BudgetApp.java. Using fallback presentation compiler.
C:\Users\barra\Desktop\Ryan\Perso\JavaProjects\BudgetApp\BudgetApp.java:73: error: unmappable character (0x8F) for encoding windows-1252
        Button btnNouveauMois = new Button("ðŸ—“ï¸?");
                                                  ^
C:\Users\barra\Desktop\Ryan\Perso\JavaProjects\BudgetApp\BudgetApp.java:213: error: unmappable character (0x90) for encoding windows-1252
        // 4. Colonne CYCLE (â­?)
                               ^
C:\Users\barra\Desktop\Ryan\Perso\JavaProjects\BudgetApp\BudgetApp.java:223: error: unmappable character (0x90) for encoding windows-1252
                    setText(item ? "â­?" : "");
                                      ^
C:\Users\barra\Desktop\Ryan\Perso\JavaProjects\BudgetApp\BudgetApp.java:233: error: unmappable character (0x8F) for encoding windows-1252
            private final Button btnEdit = new Button("âœ?");
                                                         ^
2026.01.13 14:14:30 INFO  no build target found for C:\Users\barra\Desktop\Ryan\Perso\JavaProjects\BudgetApp\BudgetApp.java. Using fallback presentation compiler.
2026.01.13 14:14:30 INFO  no build target found for C:\Users\barra\Desktop\Ryan\Perso\JavaProjects\BudgetApp\BudgetApp.java. Using fallback presentation compiler.
2026.01.13 14:14:33 INFO  no build target found for C:\Users\barra\Desktop\Ryan\Perso\JavaProjects\BudgetApp\BudgetApp.java. Using fallback presentation compiler.
2026.01.13 14:14:33 INFO  no build target found for C:\Users\barra\Desktop\Ryan\Perso\JavaProjects\BudgetApp\BudgetApp.java. Using fallback presentation compiler.
2026.01.13 14:14:33 INFO  no build target found for C:\Users\barra\Desktop\Ryan\Perso\JavaProjects\BudgetApp\BudgetApp.java. Using fallback presentation compiler.
2026.01.13 14:14:33 INFO  no build target found for C:\Users\barra\Desktop\Ryan\Perso\JavaProjects\BudgetApp\BudgetApp.java. Using fallback presentation compiler.
2026.01.13 14:14:34 INFO  no build target found for C:\Users\barra\Desktop\Ryan\Perso\JavaProjects\BudgetApp\BudgetApp.java. Using fallback presentation compiler.
2026.01.13 14:14:34 INFO  no build target found for C:\Users\barra\Desktop\Ryan\Perso\JavaProjects\BudgetApp\BudgetApp.java. Using fallback presentation compiler.
2026.01.13 14:14:34 INFO  no build target found for C:\Users\barra\Desktop\Ryan\Perso\JavaProjects\BudgetApp\BudgetApp.java. Using fallback presentation compiler.
C:\Users\barra\Desktop\Ryan\Perso\JavaProjects\BudgetApp\BudgetApp.java:73: error: unmappable character (0x8F) for encoding windows-1252
        Button btnNouveauMois = new Button("ðŸ—“ï¸?");
                                                  ^
C:\Users\barra\Desktop\Ryan\Perso\JavaProjects\BudgetApp\BudgetApp.java:213: error: unmappable character (0x90) for encoding windows-1252
        // 4. Colonne CYCLE (â­?)
                               ^
C:\Users\barra\Desktop\Ryan\Perso\JavaProjects\BudgetApp\BudgetApp.java:223: error: unmappable character (0x90) for encoding windows-1252
                    setText(item ? "â­?" : "");
                                      ^
C:\Users\barra\Desktop\Ryan\Perso\JavaProjects\BudgetApp\BudgetApp.java:233: error: unmappable character (0x8F) for encoding windows-1252
            private final Button btnEdit = new Button("âœ?");
                                                         ^
2026.01.13 14:14:35 INFO  no build target found for C:\Users\barra\Desktop\Ryan\Perso\JavaProjects\BudgetApp\BudgetApp.java. Using fallback presentation compiler.
2026.01.13 14:14:37 INFO  no build target found for C:\Users\barra\Desktop\Ryan\Perso\JavaProjects\BudgetApp\BudgetApp.java. Using fallback presentation compiler.
2026.01.13 14:14:37 INFO  no build target found for C:\Users\barra\Desktop\Ryan\Perso\JavaProjects\BudgetApp\BudgetApp.java. Using fallback presentation compiler.
2026.01.13 14:14:37 INFO  no build target found for C:\Users\barra\Desktop\Ryan\Perso\JavaProjects\BudgetApp\BudgetApp.java. Using fallback presentation compiler.
C:\Users\barra\Desktop\Ryan\Perso\JavaProjects\BudgetApp\BudgetApp.java:73: error: unmappable character (0x8F) for encoding windows-1252
        Button btnNouveauMois = new Button("ðŸ—“ï¸?");
                                                  ^
C:\Users\barra\Desktop\Ryan\Perso\JavaProjects\BudgetApp\BudgetApp.java:213: error: unmappable character (0x90) for encoding windows-1252
        // 4. Colonne CYCLE (â­?)
                               ^
C:\Users\barra\Desktop\Ryan\Perso\JavaProjects\BudgetApp\BudgetApp.java:223: error: unmappable character (0x90) for encoding windows-1252
                    setText(item ? "â­?" : "");
                                      ^
C:\Users\barra\Desktop\Ryan\Perso\JavaProjects\BudgetApp\BudgetApp.java:233: error: unmappable character (0x8F) for encoding windows-1252
            private final Button btnEdit = new Button("âœ?");
                                                         ^
2026.01.13 14:14:37 INFO  no build target found for C:\Users\barra\Desktop\Ryan\Perso\JavaProjects\BudgetApp\BudgetApp.java. Using fallback presentation compiler.
2026.01.13 14:14:38 INFO  no build target found for C:\Users\barra\Desktop\Ryan\Perso\JavaProjects\BudgetApp\BudgetApp.java. Using fallback presentation compiler.
2026.01.13 14:14:38 INFO  no build target found for C:\Users\barra\Desktop\Ryan\Perso\JavaProjects\BudgetApp\BudgetApp.java. Using fallback presentation compiler.
2026.01.13 14:14:38 INFO  no build target found for C:\Users\barra\Desktop\Ryan\Perso\JavaProjects\BudgetApp\BudgetApp.java. Using fallback presentation compiler.
C:\Users\barra\Desktop\Ryan\Perso\JavaProjects\BudgetApp\BudgetApp.java:73: error: unmappable character (0x8F) for encoding windows-1252
        Button btnNouveauMois = new Button("ðŸ—“ï¸?");
                                                  ^
C:\Users\barra\Desktop\Ryan\Perso\JavaProjects\BudgetApp\BudgetApp.java:213: error: unmappable character (0x90) for encoding windows-1252
        // 4. Colonne CYCLE (â­?)
                               ^
C:\Users\barra\Desktop\Ryan\Perso\JavaProjects\BudgetApp\BudgetApp.java:223: error: unmappable character (0x90) for encoding windows-1252
                    setText(item ? "â­?" : "");
                                      ^
C:\Users\barra\Desktop\Ryan\Perso\JavaProjects\BudgetApp\BudgetApp.java:233: error: unmappable character (0x8F) for encoding windows-1252
            private final Button btnEdit = new Button("âœ?");
                                                         ^
2026.01.13 14:14:38 INFO  no build target found for C:\Users\barra\Desktop\Ryan\Perso\JavaProjects\BudgetApp\BudgetApp.java. Using fallback presentation compiler.
2026.01.13 14:14:40 INFO  no build target found for C:\Users\barra\Desktop\Ryan\Perso\JavaProjects\BudgetApp\BudgetApp.java. Using fallback presentation compiler.
2026.01.13 14:14:40 INFO  no build target found for C:\Users\barra\Desktop\Ryan\Perso\JavaProjects\BudgetApp\BudgetApp.java. Using fallback presentation compiler.
2026.01.13 14:14:40 INFO  no build target found for C:\Users\barra\Desktop\Ryan\Perso\JavaProjects\BudgetApp\BudgetApp.java. Using fallback presentation compiler.
2026.01.13 14:14:40 INFO  no build target found for C:\Users\barra\Desktop\Ryan\Perso\JavaProjects\BudgetApp\BudgetApp.java. Using fallback presentation compiler.
2026.01.13 14:14:40 INFO  no build target found for C:\Users\barra\Desktop\Ryan\Perso\JavaProjects\BudgetApp\BudgetApp.java. Using fallback presentation compiler.
2026.01.13 14:14:40 INFO  no build target found for C:\Users\barra\Desktop\Ryan\Perso\JavaProjects\BudgetApp\BudgetApp.java. Using fallback presentation compiler.
C:\Users\barra\Desktop\Ryan\Perso\JavaProjects\BudgetApp\BudgetApp.java:73: error: unmappable character (0x8F) for encoding windows-1252
        Button btnNouveauMois = new Button("ðŸ—“ï¸?");
                                                  ^
C:\Users\barra\Desktop\Ryan\Perso\JavaProjects\BudgetApp\BudgetApp.java:213: error: unmappable character (0x90) for encoding windows-1252
        // 4. Colonne CYCLE (â­?)
                               ^
C:\Users\barra\Desktop\Ryan\Perso\JavaProjects\BudgetApp\BudgetApp.java:223: error: unmappable character (0x90) for encoding windows-1252
                    setText(item ? "â­?" : "");
                                      ^
C:\Users\barra\Desktop\Ryan\Perso\JavaProjects\BudgetApp\BudgetApp.java:233: error: unmappable character (0x8F) for encoding windows-1252
            private final Button btnEdit = new Button("âœ?");
                                                         ^
2026.01.13 14:14:41 INFO  no build target found for C:\Users\barra\Desktop\Ryan\Perso\JavaProjects\BudgetApp\BudgetApp.java. Using fallback presentation compiler.
2026.01.13 14:14:41 INFO  no build target found for C:\Users\barra\Desktop\Ryan\Perso\JavaProjects\BudgetApp\BudgetApp.java. Using fallback presentation compiler.
2026.01.13 14:14:41 INFO  no build target found for C:\Users\barra\Desktop\Ryan\Perso\JavaProjects\BudgetApp\BudgetApp.java. Using fallback presentation compiler.
2026.01.13 14:14:41 INFO  no build target found for C:\Users\barra\Desktop\Ryan\Perso\JavaProjects\BudgetApp\BudgetApp.java. Using fallback presentation compiler.
2026.01.13 14:14:41 INFO  no build target found for C:\Users\barra\Desktop\Ryan\Perso\JavaProjects\BudgetApp\BudgetApp.java. Using fallback presentation compiler.
2026.01.13 14:14:41 INFO  no build target found for C:\Users\barra\Desktop\Ryan\Perso\JavaProjects\BudgetApp\BudgetApp.java. Using fallback presentation compiler.
2026.01.13 14:14:42 INFO  no build target found for C:\Users\barra\Desktop\Ryan\Perso\JavaProjects\BudgetApp\BudgetApp.java. Using fallback presentation compiler.
2026.01.13 14:14:41 INFO  no build target found for C:\Users\barra\Desktop\Ryan\Perso\JavaProjects\BudgetApp\BudgetApp.java. Using fallback presentation compiler.
2026.01.13 14:14:41 INFO  no build target found for C:\Users\barra\Desktop\Ryan\Perso\JavaProjects\BudgetApp\BudgetApp.java. Using fallback presentation compiler.
2026.01.13 14:14:42 INFO  no build target found for C:\Users\barra\Desktop\Ryan\Perso\JavaProjects\BudgetApp\BudgetApp.java. Using fallback presentation compiler.
C:\Users\barra\Desktop\Ryan\Perso\JavaProjects\BudgetApp\BudgetApp.java:73: error: unmappable character (0x8F) for encoding windows-1252
        Button btnNouveauMois = new Button("ðŸ—“ï¸?");
                                                  ^
C:\Users\barra\Desktop\Ryan\Perso\JavaProjects\BudgetApp\BudgetApp.java:213: error: unmappable character (0x90) for encoding windows-1252
        // 4. Colonne CYCLE (â­?)
                               ^
C:\Users\barra\Desktop\Ryan\Perso\JavaProjects\BudgetApp\BudgetApp.java:223: error: unmappable character (0x90) for encoding windows-1252
                    setText(item ? "â­?" : "");
                                      ^
C:\Users\barra\Desktop\Ryan\Perso\JavaProjects\BudgetApp\BudgetApp.java:233: error: unmappable character (0x8F) for encoding windows-1252
            private final Button btnEdit = new Button("âœ?");
                                                         ^
2026.01.13 14:14:43 INFO  no build target found for C:\Users\barra\Desktop\Ryan\Perso\JavaProjects\BudgetApp\BudgetApp.java. Using fallback presentation compiler.
2026.01.13 14:14:43 INFO  no build target found for C:\Users\barra\Desktop\Ryan\Perso\JavaProjects\BudgetApp\BudgetApp.java. Using fallback presentation compiler.
2026.01.13 14:14:43 INFO  no build target found for C:\Users\barra\Desktop\Ryan\Perso\JavaProjects\BudgetApp\BudgetApp.java. Using fallback presentation compiler.
2026.01.13 14:14:44 INFO  no build target found for C:\Users\barra\Desktop\Ryan\Perso\JavaProjects\BudgetApp\BudgetApp.java. Using fallback presentation compiler.
2026.01.13 14:14:44 INFO  no build target found for C:\Users\barra\Desktop\Ryan\Perso\JavaProjects\BudgetApp\BudgetApp.java. Using fallback presentation compiler.
2026.01.13 14:14:44 INFO  no build target found for C:\Users\barra\Desktop\Ryan\Perso\JavaProjects\BudgetApp\BudgetApp.java. Using fallback presentation compiler.
2026.01.13 14:14:45 INFO  no build target found for C:\Users\barra\Desktop\Ryan\Perso\JavaProjects\BudgetApp\BudgetApp.java. Using fallback presentation compiler.
2026.01.13 14:14:45 INFO  no build target found for C:\Users\barra\Desktop\Ryan\Perso\JavaProjects\BudgetApp\BudgetApp.java. Using fallback presentation compiler.
2026.01.13 14:14:45 INFO  no build target found for C:\Users\barra\Desktop\Ryan\Perso\JavaProjects\BudgetApp\BudgetApp.java. Using fallback presentation compiler.
2026.01.13 14:14:45 INFO  no build target found for C:\Users\barra\Desktop\Ryan\Perso\JavaProjects\BudgetApp\BudgetApp.java. Using fallback presentation compiler.
C:\Users\barra\Desktop\Ryan\Perso\JavaProjects\BudgetApp\BudgetApp.java:73: error: unmappable character (0x8F) for encoding windows-1252
        Button btnNouveauMois = new Button("ðŸ—“ï¸?");
                                                  ^
C:\Users\barra\Desktop\Ryan\Perso\JavaProjects\BudgetApp\BudgetApp.java:213: error: unmappable character (0x90) for encoding windows-1252
        // 4. Colonne CYCLE (â­?)
                               ^
C:\Users\barra\Desktop\Ryan\Perso\JavaProjects\BudgetApp\BudgetApp.java:223: error: unmappable character (0x90) for encoding windows-1252
                    setText(item ? "â­?" : "");
                                      ^
C:\Users\barra\Desktop\Ryan\Perso\JavaProjects\BudgetApp\BudgetApp.java:233: error: unmappable character (0x8F) for encoding windows-1252
            private final Button btnEdit = new Button("âœ?");
                                                         ^
2026.01.13 14:14:45 INFO  no build target found for C:\Users\barra\Desktop\Ryan\Perso\JavaProjects\BudgetApp\BudgetApp.java. Using fallback presentation compiler.
2026.01.13 14:14:50 INFO  no build target found for C:\Users\barra\Desktop\Ryan\Perso\JavaProjects\BudgetApp\BudgetApp.java. Using fallback presentation compiler.
2026.01.13 14:14:52 WARN  no build target for: C:\Users\barra\Desktop\Ryan\Perso\JavaProjects\BudgetApp\BudgetApp.java
2026.01.13 14:14:52 INFO  no build target found for C:\Users\barra\Desktop\Ryan\Perso\JavaProjects\BudgetApp\BudgetApp.java. Using fallback presentation compiler.
2026.01.13 14:14:53 INFO  no build target found for C:\Users\barra\Desktop\Ryan\Perso\JavaProjects\BudgetApp\BudgetApp.java. Using fallback presentation compiler.
2026.01.13 14:14:53 INFO  no build target found for C:\Users\barra\Desktop\Ryan\Perso\JavaProjects\BudgetApp\BudgetApp.java. Using fallback presentation compiler.
2026.01.13 14:14:53 INFO  no build target found for C:\Users\barra\Desktop\Ryan\Perso\JavaProjects\BudgetApp\BudgetApp.java. Using fallback presentation compiler.
2026.01.13 14:14:55 INFO  no build target found for C:\Users\barra\Desktop\Ryan\Perso\JavaProjects\BudgetApp\BudgetApp.java. Using fallback presentation compiler.
2026.01.13 14:14:55 INFO  no build target found for C:\Users\barra\Desktop\Ryan\Perso\JavaProjects\BudgetApp\BudgetApp.java. Using fallback presentation compiler.
2026.01.13 14:14:55 INFO  no build target found for C:\Users\barra\Desktop\Ryan\Perso\JavaProjects\BudgetApp\BudgetApp.java. Using fallback presentation compiler.
2026.01.13 14:14:55 INFO  no build target found for C:\Users\barra\Desktop\Ryan\Perso\JavaProjects\BudgetApp\BudgetApp.java. Using fallback presentation compiler.
2026.01.13 14:14:55 INFO  no build target found for C:\Users\barra\Desktop\Ryan\Perso\JavaProjects\BudgetApp\BudgetApp.java. Using fallback presentation compiler.
2026.01.13 14:14:55 INFO  no build target found for C:\Users\barra\Desktop\Ryan\Perso\JavaProjects\BudgetApp\BudgetApp.java. Using fallback presentation compiler.
2026.01.13 14:14:55 INFO  no build target found for C:\Users\barra\Desktop\Ryan\Perso\JavaProjects\BudgetApp\BudgetApp.java. Using fallback presentation compiler.
2026.01.13 14:14:55 INFO  no build target found for C:\Users\barra\Desktop\Ryan\Perso\JavaProjects\BudgetApp\BudgetApp.java. Using fallback presentation compiler.
2026.01.13 14:14:55 INFO  no build target found for C:\Users\barra\Desktop\Ryan\Perso\JavaProjects\BudgetApp\BudgetApp.java. Using fallback presentation compiler.
2026.01.13 14:14:56 INFO  no build target found for C:\Users\barra\Desktop\Ryan\Perso\JavaProjects\BudgetApp\BudgetApp.java. Using fallback presentation compiler.
2026.01.13 14:14:55 INFO  no build target found for C:\Users\barra\Desktop\Ryan\Perso\JavaProjects\BudgetApp\BudgetApp.java. Using fallback presentation compiler.
2026.01.13 14:14:56 INFO  no build target found for C:\Users\barra\Desktop\Ryan\Perso\JavaProjects\BudgetApp\BudgetApp.java. Using fallback presentation compiler.
2026.01.13 14:14:56 INFO  no build target found for C:\Users\barra\Desktop\Ryan\Perso\JavaProjects\BudgetApp\BudgetApp.java. Using fallback presentation compiler.
2026.01.13 14:14:56 INFO  no build target found for C:\Users\barra\Desktop\Ryan\Perso\JavaProjects\BudgetApp\BudgetApp.java. Using fallback presentation compiler.
2026.01.13 14:14:56 INFO  no build target found for C:\Users\barra\Desktop\Ryan\Perso\JavaProjects\BudgetApp\BudgetApp.java. Using fallback presentation compiler.
C:\Users\barra\Desktop\Ryan\Perso\JavaProjects\BudgetApp\BudgetApp.java:73: error: unmappable character (0x8F) for encoding windows-1252
        Button btnNouveauMois = new Button("ðŸ—“ï¸?");
                                                  ^
C:\Users\barra\Desktop\Ryan\Perso\JavaProjects\BudgetApp\BudgetApp.java:213: error: unmappable character (0x90) for encoding windows-1252
        // 4. Colonne CYCLE (â­?)
                               ^
C:\Users\barra\Desktop\Ryan\Perso\JavaProjects\BudgetApp\BudgetApp.java:233: error: unmappable character (0x8F) for encoding windows-1252
            private final Button btnEdit = new Button("âœ?");
                                                         ^
2026.01.13 14:14:57 INFO  no build target found for C:\Users\barra\Desktop\Ryan\Perso\JavaProjects\BudgetApp\BudgetApp.java. Using fallback presentation compiler.
2026.01.13 14:14:58 INFO  no build target found for C:\Users\barra\Desktop\Ryan\Perso\JavaProjects\BudgetApp\BudgetApp.java. Using fallback presentation compiler.
2026.01.13 14:14:58 INFO  no build target found for C:\Users\barra\Desktop\Ryan\Perso\JavaProjects\BudgetApp\BudgetApp.java. Using fallback presentation compiler.
2026.01.13 14:14:58 INFO  no build target found for C:\Users\barra\Desktop\Ryan\Perso\JavaProjects\BudgetApp\BudgetApp.java. Using fallback presentation compiler.
2026.01.13 14:14:58 INFO  no build target found for C:\Users\barra\Desktop\Ryan\Perso\JavaProjects\BudgetApp\BudgetApp.java. Using fallback presentation compiler.
2026.01.13 14:14:59 INFO  no build target found for C:\Users\barra\Desktop\Ryan\Perso\JavaProjects\BudgetApp\BudgetApp.java. Using fallback presentation compiler.
2026.01.13 14:14:59 INFO  no build target found for C:\Users\barra\Desktop\Ryan\Perso\JavaProjects\BudgetApp\BudgetApp.java. Using fallback presentation compiler.
2026.01.13 14:14:59 INFO  no build target found for C:\Users\barra\Desktop\Ryan\Perso\JavaProjects\BudgetApp\BudgetApp.java. Using fallback presentation compiler.
2026.01.13 14:15:00 INFO  no build target found for C:\Users\barra\Desktop\Ryan\Perso\JavaProjects\BudgetApp\BudgetApp.java. Using fallback presentation compiler.
2026.01.13 14:15:02 INFO  no build target found for C:\Users\barra\Desktop\Ryan\Perso\JavaProjects\BudgetApp\BudgetApp.java. Using fallback presentation compiler.
2026.01.13 14:15:02 INFO  no build target found for C:\Users\barra\Desktop\Ryan\Perso\JavaProjects\BudgetApp\BudgetApp.java. Using fallback presentation compiler.
2026.01.13 14:15:02 INFO  no build target found for C:\Users\barra\Desktop\Ryan\Perso\JavaProjects\BudgetApp\BudgetApp.java. Using fallback presentation compiler.
2026.01.13 14:15:02 INFO  no build target found for C:\Users\barra\Desktop\Ryan\Perso\JavaProjects\BudgetApp\BudgetApp.java. Using fallback presentation compiler.
C:\Users\barra\Desktop\Ryan\Perso\JavaProjects\BudgetApp\BudgetApp.java:73: error: unmappable character (0x8F) for encoding windows-1252
        Button btnNouveauMois = new Button("ðŸ—“ï¸?");
                                                  ^
C:\Users\barra\Desktop\Ryan\Perso\JavaProjects\BudgetApp\BudgetApp.java:213: error: unmappable character (0x90) for encoding windows-1252
        // 4. Colonne CYCLE (â­?)
                               ^
C:\Users\barra\Desktop\Ryan\Perso\JavaProjects\BudgetApp\BudgetApp.java:233: error: unmappable character (0x8F) for encoding windows-1252
            private final Button btnEdit = new Button("âœ?");
                                                         ^
2026.01.13 14:15:02 INFO  no build target found for C:\Users\barra\Desktop\Ryan\Perso\JavaProjects\BudgetApp\BudgetApp.java. Using fallback presentation compiler.
2026.01.13 14:15:03 INFO  no build target found for C:\Users\barra\Desktop\Ryan\Perso\JavaProjects\BudgetApp\BudgetApp.java. Using fallback presentation compiler.
2026.01.13 14:15:04 WARN  no build target for: C:\Users\barra\Desktop\Ryan\Perso\JavaProjects\BudgetApp\BudgetApp.java
2026.01.13 14:15:04 INFO  no build target found for C:\Users\barra\Desktop\Ryan\Perso\JavaProjects\BudgetApp\BudgetApp.java. Using fallback presentation compiler.
2026.01.13 14:15:04 INFO  no build target found for C:\Users\barra\Desktop\Ryan\Perso\JavaProjects\BudgetApp\BudgetApp.java. Using fallback presentation compiler.
2026.01.13 14:15:04 INFO  no build target found for C:\Users\barra\Desktop\Ryan\Perso\JavaProjects\BudgetApp\BudgetApp.java. Using fallback presentation compiler.
2026.01.13 14:15:04 INFO  no build target found for C:\Users\barra\Desktop\Ryan\Perso\JavaProjects\BudgetApp\BudgetApp.java. Using fallback presentation compiler.
2026.01.13 14:15:20 INFO  no build target found for C:\Users\barra\Desktop\Ryan\Perso\JavaProjects\BudgetApp\BudgetApp.java. Using fallback presentation compiler.
2026.01.13 14:15:21 WARN  no build target for: C:\Users\barra\Desktop\Ryan\Perso\JavaProjects\BudgetApp\BudgetApp.java
2026.01.13 14:15:21 INFO  no build target found for C:\Users\barra\Desktop\Ryan\Perso\JavaProjects\BudgetApp\BudgetApp.java. Using fallback presentation compiler.
2026.01.13 14:15:22 INFO  no build target found for C:\Users\barra\Desktop\Ryan\Perso\JavaProjects\BudgetApp\BudgetApp.java. Using fallback presentation compiler.
2026.01.13 14:15:58 INFO  no build target found for C:\Users\barra\Desktop\Ryan\Perso\JavaProjects\BudgetApp\BudgetApp.java. Using fallback presentation compiler.
2026.01.13 14:16:00 INFO  no build target found for C:\Users\barra\Desktop\Ryan\Perso\JavaProjects\BudgetApp\BudgetApp.java. Using fallback presentation compiler.
2026.01.13 14:16:02 INFO  no build target found for C:\Users\barra\Desktop\Ryan\Perso\JavaProjects\BudgetApp\BudgetApp.java. Using fallback presentation compiler.
2026.01.13 14:16:03 INFO  no build target found for C:\Users\barra\Desktop\Ryan\Perso\JavaProjects\BudgetApp\BudgetApp.java. Using fallback presentation compiler.
2026.01.13 14:16:03 INFO  no build target found for C:\Users\barra\Desktop\Ryan\Perso\JavaProjects\BudgetApp\BudgetApp.java. Using fallback presentation compiler.
2026.01.13 14:16:05 INFO  no build target found for C:\Users\barra\Desktop\Ryan\Perso\JavaProjects\BudgetApp\BudgetApp.java. Using fallback presentation compiler.
2026.01.13 14:16:05 INFO  no build target found for C:\Users\barra\Desktop\Ryan\Perso\JavaProjects\BudgetApp\BudgetApp.java. Using fallback presentation compiler.
2026.01.13 14:16:09 INFO  no build target found for C:\Users\barra\Desktop\Ryan\Perso\JavaProjects\BudgetApp\BudgetApp.java. Using fallback presentation compiler.
2026.01.13 14:16:20 INFO  no build target found for C:\Users\barra\Desktop\Ryan\Perso\JavaProjects\BudgetApp\BudgetApp.java. Using fallback presentation compiler.
2026.01.13 14:16:20 INFO  no build target found for C:\Users\barra\Desktop\Ryan\Perso\JavaProjects\BudgetApp\BudgetApp.java. Using fallback presentation compiler.
2026.01.13 14:16:20 INFO  no build target found for C:\Users\barra\Desktop\Ryan\Perso\JavaProjects\BudgetApp\BudgetApp.java. Using fallback presentation compiler.
2026.01.13 14:16:20 INFO  no build target found for C:\Users\barra\Desktop\Ryan\Perso\JavaProjects\BudgetApp\BudgetApp.java. Using fallback presentation compiler.
2026.01.13 14:16:39 INFO  no build target found for C:\Users\barra\Desktop\Ryan\Perso\JavaProjects\BudgetApp\BudgetApp.java. Using fallback presentation compiler.
2026.01.13 14:16:40 WARN  no build target for: C:\Users\barra\Desktop\Ryan\Perso\JavaProjects\BudgetApp\BudgetApp.java
2026.01.13 14:16:40 INFO  no build target found for C:\Users\barra\Desktop\Ryan\Perso\JavaProjects\BudgetApp\BudgetApp.java. Using fallback presentation compiler.
2026.01.13 14:16:41 INFO  no build target found for C:\Users\barra\Desktop\Ryan\Perso\JavaProjects\BudgetApp\BudgetApp.java. Using fallback presentation compiler.
2026.01.13 14:18:26 INFO  no build target found for C:\Users\barra\Desktop\Ryan\Perso\JavaProjects\BudgetApp\BudgetApp.java. Using fallback presentation compiler.
2026.01.13 14:18:26 INFO  no build target found for C:\Users\barra\Desktop\Ryan\Perso\JavaProjects\BudgetApp\BudgetApp.java. Using fallback presentation compiler.
2026.01.13 14:18:27 INFO  no build target found for C:\Users\barra\Desktop\Ryan\Perso\JavaProjects\BudgetApp\BudgetApp.java. Using fallback presentation compiler.
2026.01.13 14:18:27 INFO  no build target found for C:\Users\barra\Desktop\Ryan\Perso\JavaProjects\BudgetApp\BudgetApp.java. Using fallback presentation compiler.
2026.01.13 14:18:27 INFO  no build target found for C:\Users\barra\Desktop\Ryan\Perso\JavaProjects\BudgetApp\BudgetApp.java. Using fallback presentation compiler.
2026.01.13 14:18:29 INFO  no build target found for C:\Users\barra\Desktop\Ryan\Perso\JavaProjects\BudgetApp\BudgetApp.java. Using fallback presentation compiler.
2026.01.13 14:18:29 INFO  no build target found for C:\Users\barra\Desktop\Ryan\Perso\JavaProjects\BudgetApp\BudgetApp.java. Using fallback presentation compiler.
2026.01.13 14:18:29 INFO  no build target found for C:\Users\barra\Desktop\Ryan\Perso\JavaProjects\BudgetApp\BudgetApp.java. Using fallback presentation compiler.
2026.01.13 14:18:30 INFO  no build target found for C:\Users\barra\Desktop\Ryan\Perso\JavaProjects\BudgetApp\BudgetApp.java. Using fallback presentation compiler.
2026.01.13 14:18:31 INFO  no build target found for C:\Users\barra\Desktop\Ryan\Perso\JavaProjects\BudgetApp\BudgetApp.java. Using fallback presentation compiler.
2026.01.13 14:18:31 INFO  no build target found for C:\Users\barra\Desktop\Ryan\Perso\JavaProjects\BudgetApp\BudgetApp.java. Using fallback presentation compiler.
2026.01.13 14:18:32 INFO  no build target found for C:\Users\barra\Desktop\Ryan\Perso\JavaProjects\BudgetApp\BudgetApp.java. Using fallback presentation compiler.
2026.01.13 14:18:34 INFO  no build target found for C:\Users\barra\Desktop\Ryan\Perso\JavaProjects\BudgetApp\BudgetApp.java. Using fallback presentation compiler.
2026.01.13 14:18:36 INFO  no build target found for C:\Users\barra\Desktop\Ryan\Perso\JavaProjects\BudgetApp\BudgetApp.java. Using fallback presentation compiler.
2026.01.13 14:18:36 INFO  no build target found for C:\Users\barra\Desktop\Ryan\Perso\JavaProjects\BudgetApp\BudgetApp.java. Using fallback presentation compiler.
2026.01.13 14:18:38 INFO  no build target found for C:\Users\barra\Desktop\Ryan\Perso\JavaProjects\BudgetApp\BudgetApp.java. Using fallback presentation compiler.
2026.01.13 14:18:38 INFO  no build target found for C:\Users\barra\Desktop\Ryan\Perso\JavaProjects\BudgetApp\BudgetApp.java. Using fallback presentation compiler.
2026.01.13 14:18:41 INFO  no build target found for C:\Users\barra\Desktop\Ryan\Perso\JavaProjects\BudgetApp\BudgetApp.java. Using fallback presentation compiler.
2026.01.13 14:18:41 INFO  no build target found for C:\Users\barra\Desktop\Ryan\Perso\JavaProjects\BudgetApp\BudgetApp.java. Using fallback presentation compiler.
2026.01.13 14:18:47 INFO  no build target found for C:\Users\barra\Desktop\Ryan\Perso\JavaProjects\BudgetApp\BudgetApp.java. Using fallback presentation compiler.
2026.01.13 14:18:47 INFO  no build target found for C:\Users\barra\Desktop\Ryan\Perso\JavaProjects\BudgetApp\BudgetApp.java. Using fallback presentation compiler.
2026.01.13 14:18:47 INFO  no build target found for C:\Users\barra\Desktop\Ryan\Perso\JavaProjects\BudgetApp\BudgetApp.java. Using fallback presentation compiler.
2026.01.13 14:18:49 INFO  no build target found for C:\Users\barra\Desktop\Ryan\Perso\JavaProjects\BudgetApp\BudgetApp.java. Using fallback presentation compiler.
2026.01.13 14:18:49 INFO  no build target found for C:\Users\barra\Desktop\Ryan\Perso\JavaProjects\BudgetApp\BudgetApp.java. Using fallback presentation compiler.
2026.01.13 14:18:49 INFO  no build target found for C:\Users\barra\Desktop\Ryan\Perso\JavaProjects\BudgetApp\BudgetApp.java. Using fallback presentation compiler.
2026.01.13 14:18:49 INFO  no build target found for C:\Users\barra\Desktop\Ryan\Perso\JavaProjects\BudgetApp\BudgetApp.java. Using fallback presentation compiler.
janv. 13, 2026 2:18:49 PM org.eclipse.lsp4j.jsonrpc.RemoteEndpoint handleCancellation
WARNING: Unmatched cancel notification for request id 2740
2026.01.13 14:18:49 INFO  no build target found for C:\Users\barra\Desktop\Ryan\Perso\JavaProjects\BudgetApp\BudgetApp.java. Using fallback presentation compiler.
C:\Users\barra\Desktop\Ryan\Perso\JavaProjects\BudgetApp\BudgetApp.java:73: error: unmappable character (0x8F) for encoding windows-1252
        Button btnNouveauMois = new Button("ðŸ—“ï¸?");
                                                  ^
C:\Users\barra\Desktop\Ryan\Perso\JavaProjects\BudgetApp\BudgetApp.java:213: error: unmappable character (0x90) for encoding windows-1252
        // 4. Colonne CYCLE (â­?)
                               ^
C:\Users\barra\Desktop\Ryan\Perso\JavaProjects\BudgetApp\BudgetApp.java:233: error: unmappable character (0x8F) for encoding windows-1252
            private final Button btnEdit = new Button("âœ?");
                                                         ^
2026.01.13 14:18:49 INFO  no build target found for C:\Users\barra\Desktop\Ryan\Perso\JavaProjects\BudgetApp\BudgetApp.java. Using fallback presentation compiler.
2026.01.13 14:18:50 INFO  no build target found for C:\Users\barra\Desktop\Ryan\Perso\JavaProjects\BudgetApp\BudgetApp.java. Using fallback presentation compiler.
2026.01.13 14:18:49 INFO  no build target found for C:\Users\barra\Desktop\Ryan\Perso\JavaProjects\BudgetApp\BudgetApp.java. Using fallback presentation compiler.
2026.01.13 14:18:50 INFO  no build target found for C:\Users\barra\Desktop\Ryan\Perso\JavaProjects\BudgetApp\BudgetApp.java. Using fallback presentation compiler.
2026.01.13 14:18:50 INFO  no build target found for C:\Users\barra\Desktop\Ryan\Perso\JavaProjects\BudgetApp\BudgetApp.java. Using fallback presentation compiler.
2026.01.13 14:18:50 INFO  no build target found for C:\Users\barra\Desktop\Ryan\Perso\JavaProjects\BudgetApp\BudgetApp.java. Using fallback presentation compiler.
2026.01.13 14:18:50 INFO  no build target found for C:\Users\barra\Desktop\Ryan\Perso\JavaProjects\BudgetApp\BudgetApp.java. Using fallback presentation compiler.
2026.01.13 14:18:50 INFO  no build target found for C:\Users\barra\Desktop\Ryan\Perso\JavaProjects\BudgetApp\BudgetApp.java. Using fallback presentation compiler.
2026.01.13 14:18:50 INFO  no build target found for C:\Users\barra\Desktop\Ryan\Perso\JavaProjects\BudgetApp\BudgetApp.java. Using fallback presentation compiler.
2026.01.13 14:18:50 INFO  no build target found for C:\Users\barra\Desktop\Ryan\Perso\JavaProjects\BudgetApp\BudgetApp.java. Using fallback presentation compiler.
C:\Users\barra\Desktop\Ryan\Perso\JavaProjects\BudgetApp\BudgetApp.java:73: error: unmappable character (0x8F) for encoding windows-1252
        Button btnNouveauMois = new Button("ðŸ—“ï¸?");
                                                  ^
C:\Users\barra\Desktop\Ryan\Perso\JavaProjects\BudgetApp\BudgetApp.java:213: error: unmappable character (0x90) for encoding windows-1252
        // 4. Colonne CYCLE (â­?)
                               ^
C:\Users\barra\Desktop\Ryan\Perso\JavaProjects\BudgetApp\BudgetApp.java:233: error: unmappable character (0x8F) for encoding windows-1252
            private final Button btnEdit = new Button("âœ?");
                                                         ^
2026.01.13 14:18:51 INFO  no build target found for C:\Users\barra\Desktop\Ryan\Perso\JavaProjects\BudgetApp\BudgetApp.java. Using fallback presentation compiler.
2026.01.13 14:18:51 INFO  no build target found for C:\Users\barra\Desktop\Ryan\Perso\JavaProjects\BudgetApp\BudgetApp.java. Using fallback presentation compiler.
2026.01.13 14:18:51 INFO  no build target found for C:\Users\barra\Desktop\Ryan\Perso\JavaProjects\BudgetApp\BudgetApp.java. Using fallback presentation compiler.
2026.01.13 14:18:51 INFO  no build target found for C:\Users\barra\Desktop\Ryan\Perso\JavaProjects\BudgetApp\BudgetApp.java. Using fallback presentation compiler.
2026.01.13 14:18:51 INFO  no build target found for C:\Users\barra\Desktop\Ryan\Perso\JavaProjects\BudgetApp\BudgetApp.java. Using fallback presentation compiler.
2026.01.13 14:18:51 INFO  no build target found for C:\Users\barra\Desktop\Ryan\Perso\JavaProjects\BudgetApp\BudgetApp.java. Using fallback presentation compiler.
2026.01.13 14:18:52 INFO  no build target found for C:\Users\barra\Desktop\Ryan\Perso\JavaProjects\BudgetApp\BudgetApp.java. Using fallback presentation compiler.
2026.01.13 14:18:51 INFO  no build target found for C:\Users\barra\Desktop\Ryan\Perso\JavaProjects\BudgetApp\BudgetApp.java. Using fallback presentation compiler.
2026.01.13 14:18:52 INFO  no build target found for C:\Users\barra\Desktop\Ryan\Perso\JavaProjects\BudgetApp\BudgetApp.java. Using fallback presentation compiler.
2026.01.13 14:18:52 INFO  no build target found for C:\Users\barra\Desktop\Ryan\Perso\JavaProjects\BudgetApp\BudgetApp.java. Using fallback presentation compiler.
2026.01.13 14:18:52 INFO  no build target found for C:\Users\barra\Desktop\Ryan\Perso\JavaProjects\BudgetApp\BudgetApp.java. Using fallback presentation compiler.
2026.01.13 14:18:52 INFO  no build target found for C:\Users\barra\Desktop\Ryan\Perso\JavaProjects\BudgetApp\BudgetApp.java. Using fallback presentation compiler.
C:\Users\barra\Desktop\Ryan\Perso\JavaProjects\BudgetApp\BudgetApp.java:73: error: unmappable character (0x8F) for encoding windows-1252
        Button btnNouveauMois = new Button("ðŸ—“ï¸?");
                                                  ^
C:\Users\barra\Desktop\Ryan\Perso\JavaProjects\BudgetApp\BudgetApp.java:213: error: unmappable character (0x90) for encoding windows-1252
        // 4. Colonne CYCLE (â­?)
                               ^
C:\Users\barra\Desktop\Ryan\Perso\JavaProjects\BudgetApp\BudgetApp.java:233: error: unmappable character (0x8F) for encoding windows-1252
            private final Button btnEdit = new Button("âœ?");
                                                         ^
2026.01.13 14:18:52 INFO  no build target found for C:\Users\barra\Desktop\Ryan\Perso\JavaProjects\BudgetApp\BudgetApp.java. Using fallback presentation compiler.
2026.01.13 14:19:01 INFO  no build target found for C:\Users\barra\Desktop\Ryan\Perso\JavaProjects\BudgetApp\BudgetApp.java. Using fallback presentation compiler.
2026.01.13 14:19:04 INFO  no build target found for C:\Users\barra\Desktop\Ryan\Perso\JavaProjects\BudgetApp\BudgetApp.java. Using fallback presentation compiler.
2026.01.13 14:19:04 INFO  no build target found for C:\Users\barra\Desktop\Ryan\Perso\JavaProjects\BudgetApp\BudgetApp.java. Using fallback presentation compiler.
2026.01.13 14:19:05 INFO  no build target found for C:\Users\barra\Desktop\Ryan\Perso\JavaProjects\BudgetApp\BudgetApp.java. Using fallback presentation compiler.
2026.01.13 14:19:05 INFO  no build target found for C:\Users\barra\Desktop\Ryan\Perso\JavaProjects\BudgetApp\BudgetApp.java. Using fallback presentation compiler.
2026.01.13 14:19:05 INFO  no build target found for C:\Users\barra\Desktop\Ryan\Perso\JavaProjects\BudgetApp\BudgetApp.java. Using fallback presentation compiler.
2026.01.13 14:19:05 INFO  no build target found for C:\Users\barra\Desktop\Ryan\Perso\JavaProjects\BudgetApp\BudgetApp.java. Using fallback presentation compiler.
2026.01.13 14:19:05 INFO  no build target found for C:\Users\barra\Desktop\Ryan\Perso\JavaProjects\BudgetApp\BudgetApp.java. Using fallback presentation compiler.
janv. 13, 2026 2:19:05 PM org.eclipse.lsp4j.jsonrpc.RemoteEndpoint handleCancellation
WARNING: Unmatched cancel notification for request id 2789
2026.01.13 14:19:05 INFO  no build target found for C:\Users\barra\Desktop\Ryan\Perso\JavaProjects\BudgetApp\BudgetApp.java. Using fallback presentation compiler.
C:\Users\barra\Desktop\Ryan\Perso\JavaProjects\BudgetApp\BudgetApp.java:73: error: unmappable character (0x8F) for encoding windows-1252
        Button btnNouveauMois = new Button("ðŸ—“ï¸?");
                                                  ^
C:\Users\barra\Desktop\Ryan\Perso\JavaProjects\BudgetApp\BudgetApp.java:213: error: unmappable character (0x90) for encoding windows-1252
        // 4. Colonne CYCLE (â­?)
                               ^
C:\Users\barra\Desktop\Ryan\Perso\JavaProjects\BudgetApp\BudgetApp.java:233: error: unmappable character (0x8F) for encoding windows-1252
            private final Button btnEdit = new Button("âœ?");
                                                         ^
2026.01.13 14:19:05 INFO  no build target found for C:\Users\barra\Desktop\Ryan\Perso\JavaProjects\BudgetApp\BudgetApp.java. Using fallback presentation compiler.
2026.01.13 14:19:05 INFO  no build target found for C:\Users\barra\Desktop\Ryan\Perso\JavaProjects\BudgetApp\BudgetApp.java. Using fallback presentation compiler.
2026.01.13 14:19:06 INFO  no build target found for C:\Users\barra\Desktop\Ryan\Perso\JavaProjects\BudgetApp\BudgetApp.java. Using fallback presentation compiler.
2026.01.13 14:19:06 INFO  no build target found for C:\Users\barra\Desktop\Ryan\Perso\JavaProjects\BudgetApp\BudgetApp.java. Using fallback presentation compiler.
2026.01.13 14:19:06 INFO  no build target found for C:\Users\barra\Desktop\Ryan\Perso\JavaProjects\BudgetApp\BudgetApp.java. Using fallback presentation compiler.
2026.01.13 14:19:06 INFO  no build target found for C:\Users\barra\Desktop\Ryan\Perso\JavaProjects\BudgetApp\BudgetApp.java. Using fallback presentation compiler.
2026.01.13 14:19:06 INFO  no build target found for C:\Users\barra\Desktop\Ryan\Perso\JavaProjects\BudgetApp\BudgetApp.java. Using fallback presentation compiler.
2026.01.13 14:19:06 INFO  no build target found for C:\Users\barra\Desktop\Ryan\Perso\JavaProjects\BudgetApp\BudgetApp.java. Using fallback presentation compiler.
2026.01.13 14:19:06 INFO  no build target found for C:\Users\barra\Desktop\Ryan\Perso\JavaProjects\BudgetApp\BudgetApp.java. Using fallback presentation compiler.
C:\Users\barra\Desktop\Ryan\Perso\JavaProjects\BudgetApp\BudgetApp.java:73: error: unmappable character (0x8F) for encoding windows-1252
        Button btnNouveauMois = new Button("ðŸ—“ï¸?");
                                                  ^
C:\Users\barra\Desktop\Ryan\Perso\JavaProjects\BudgetApp\BudgetApp.java:213: error: unmappable character (0x90) for encoding windows-1252
        // 4. Colonne CYCLE (â­?)
                               ^
C:\Users\barra\Desktop\Ryan\Perso\JavaProjects\BudgetApp\BudgetApp.java:233: error: unmappable character (0x8F) for encoding windows-1252
            private final Button btnEdit = new Button("âœ?");
                                                         ^
2026.01.13 14:19:07 INFO  no build target found for C:\Users\barra\Desktop\Ryan\Perso\JavaProjects\BudgetApp\BudgetApp.java. Using fallback presentation compiler.
2026.01.13 14:19:07 INFO  no build target found for C:\Users\barra\Desktop\Ryan\Perso\JavaProjects\BudgetApp\BudgetApp.java. Using fallback presentation compiler.
2026.01.13 14:19:08 WARN  no build target for: C:\Users\barra\Desktop\Ryan\Perso\JavaProjects\BudgetApp\BudgetApp.java
2026.01.13 14:19:08 INFO  no build target found for C:\Users\barra\Desktop\Ryan\Perso\JavaProjects\BudgetApp\BudgetApp.java. Using fallback presentation compiler.
2026.01.13 14:19:09 INFO  no build target found for C:\Users\barra\Desktop\Ryan\Perso\JavaProjects\BudgetApp\BudgetApp.java. Using fallback presentation compiler.
2026.01.13 14:19:09 INFO  no build target found for C:\Users\barra\Desktop\Ryan\Perso\JavaProjects\BudgetApp\BudgetApp.java. Using fallback presentation compiler.
2026.01.13 14:19:09 INFO  no build target found for C:\Users\barra\Desktop\Ryan\Perso\JavaProjects\BudgetApp\BudgetApp.java. Using fallback presentation compiler.
2026.01.13 14:19:10 INFO  no build target found for C:\Users\barra\Desktop\Ryan\Perso\JavaProjects\BudgetApp\BudgetApp.java. Using fallback presentation compiler.
2026.01.13 14:19:10 INFO  no build target found for C:\Users\barra\Desktop\Ryan\Perso\JavaProjects\BudgetApp\BudgetApp.java. Using fallback presentation compiler.
2026.01.13 14:19:10 INFO  no build target found for C:\Users\barra\Desktop\Ryan\Perso\JavaProjects\BudgetApp\BudgetApp.java. Using fallback presentation compiler.
2026.01.13 14:19:10 INFO  no build target found for C:\Users\barra\Desktop\Ryan\Perso\JavaProjects\BudgetApp\BudgetApp.java. Using fallback presentation compiler.
2026.01.13 14:19:12 INFO  no build target found for C:\Users\barra\Desktop\Ryan\Perso\JavaProjects\BudgetApp\BudgetApp.java. Using fallback presentation compiler.
2026.01.13 14:19:12 INFO  no build target found for C:\Users\barra\Desktop\Ryan\Perso\JavaProjects\BudgetApp\BudgetApp.java. Using fallback presentation compiler.
2026.01.13 14:19:12 INFO  no build target found for C:\Users\barra\Desktop\Ryan\Perso\JavaProjects\BudgetApp\BudgetApp.java. Using fallback presentation compiler.
2026.01.13 14:19:12 INFO  no build target found for C:\Users\barra\Desktop\Ryan\Perso\JavaProjects\BudgetApp\BudgetApp.java. Using fallback presentation compiler.
2026.01.13 14:19:12 INFO  no build target found for C:\Users\barra\Desktop\Ryan\Perso\JavaProjects\BudgetApp\BudgetApp.java. Using fallback presentation compiler.
C:\Users\barra\Desktop\Ryan\Perso\JavaProjects\BudgetApp\BudgetApp.java:73: error: unmappable character (0x8F) for encoding windows-1252
        Button btnNouveauMois = new Button("ðŸ—“ï¸?");
                                                  ^
C:\Users\barra\Desktop\Ryan\Perso\JavaProjects\BudgetApp\BudgetApp.java:213: error: unmappable character (0x90) for encoding windows-1252
        // 4. Colonne CYCLE (â­?)
                               ^
C:\Users\barra\Desktop\Ryan\Perso\JavaProjects\BudgetApp\BudgetApp.java:233: error: unmappable character (0x8F) for encoding windows-1252
            private final Button btnEdit = new Button("âœ?");
                                                         ^
2026.01.13 14:19:13 INFO  no build target found for C:\Users\barra\Desktop\Ryan\Perso\JavaProjects\BudgetApp\BudgetApp.java. Using fallback presentation compiler.
2026.01.13 14:19:13 INFO  no build target found for C:\Users\barra\Desktop\Ryan\Perso\JavaProjects\BudgetApp\BudgetApp.java. Using fallback presentation compiler.
2026.01.13 14:19:13 INFO  no build target found for C:\Users\barra\Desktop\Ryan\Perso\JavaProjects\BudgetApp\BudgetApp.java. Using fallback presentation compiler.
2026.01.13 14:19:14 INFO  no build target found for C:\Users\barra\Desktop\Ryan\Perso\JavaProjects\BudgetApp\BudgetApp.java. Using fallback presentation compiler.
2026.01.13 14:19:14 INFO  no build target found for C:\Users\barra\Desktop\Ryan\Perso\JavaProjects\BudgetApp\BudgetApp.java. Using fallback presentation compiler.
C:\Users\barra\Desktop\Ryan\Perso\JavaProjects\BudgetApp\BudgetApp.java:73: error: unmappable character (0x8F) for encoding windows-1252
        Button btnNouveauMois = new Button("ðŸ—“ï¸?");
                                                  ^
C:\Users\barra\Desktop\Ryan\Perso\JavaProjects\BudgetApp\BudgetApp.java:213: error: unmappable character (0x90) for encoding windows-1252
        // 4. Colonne CYCLE (â­?)
                               ^
C:\Users\barra\Desktop\Ryan\Perso\JavaProjects\BudgetApp\BudgetApp.java:233: error: unmappable character (0x8F) for encoding windows-1252
            private final Button btnEdit = new Button("âœ?");
                                                         ^
2026.01.13 14:19:14 INFO  no build target found for C:\Users\barra\Desktop\Ryan\Perso\JavaProjects\BudgetApp\BudgetApp.java. Using fallback presentation compiler.
2026.01.13 14:19:15 WARN  no build target for: C:\Users\barra\Desktop\Ryan\Perso\JavaProjects\BudgetApp\BudgetApp.java
2026.01.13 14:19:15 INFO  no build target found for C:\Users\barra\Desktop\Ryan\Perso\JavaProjects\BudgetApp\BudgetApp.java. Using fallback presentation compiler.
2026.01.13 14:19:16 INFO  no build target found for C:\Users\barra\Desktop\Ryan\Perso\JavaProjects\BudgetApp\BudgetApp.java. Using fallback presentation compiler.
2026.01.13 14:19:16 INFO  no build target found for C:\Users\barra\Desktop\Ryan\Perso\JavaProjects\BudgetApp\BudgetApp.java. Using fallback presentation compiler.
2026.01.13 14:19:17 INFO  no build target found for C:\Users\barra\Desktop\Ryan\Perso\JavaProjects\BudgetApp\BudgetApp.java. Using fallback presentation compiler.
2026.01.13 14:19:18 INFO  no build target found for C:\Users\barra\Desktop\Ryan\Perso\JavaProjects\BudgetApp\BudgetApp.java. Using fallback presentation compiler.
2026.01.13 14:19:18 INFO  no build target found for C:\Users\barra\Desktop\Ryan\Perso\JavaProjects\BudgetApp\BudgetApp.java. Using fallback presentation compiler.
2026.01.13 14:19:20 WARN  no build target for: C:\Users\barra\Desktop\Ryan\Perso\JavaProjects\BudgetApp\BudgetApp.java
2026.01.13 14:19:20 INFO  no build target found for C:\Users\barra\Desktop\Ryan\Perso\JavaProjects\BudgetApp\BudgetApp.java. Using fallback presentation compiler.
2026.01.13 14:19:21 INFO  no build target found for C:\Users\barra\Desktop\Ryan\Perso\JavaProjects\BudgetApp\BudgetApp.java. Using fallback presentation compiler.
2026.01.13 14:19:30 INFO  no build target found for C:\Users\barra\Desktop\Ryan\Perso\JavaProjects\BudgetApp\BudgetApp.java. Using fallback presentation compiler.
2026.01.13 14:19:30 INFO  no build target found for C:\Users\barra\Desktop\Ryan\Perso\JavaProjects\BudgetApp\BudgetApp.java. Using fallback presentation compiler.
2026.01.13 14:19:32 INFO  no build target found for C:\Users\barra\Desktop\Ryan\Perso\JavaProjects\BudgetApp\BudgetApp.java. Using fallback presentation compiler.
2026.01.13 14:19:33 INFO  no build target found for C:\Users\barra\Desktop\Ryan\Perso\JavaProjects\BudgetApp\BudgetApp.java. Using fallback presentation compiler.
2026.01.13 14:19:34 INFO  no build target found for C:\Users\barra\Desktop\Ryan\Perso\JavaProjects\BudgetApp\BudgetApp.java. Using fallback presentation compiler.
2026.01.13 14:19:36 INFO  no build target found for C:\Users\barra\Desktop\Ryan\Perso\JavaProjects\BudgetApp\BudgetApp.java. Using fallback presentation compiler.
2026.01.13 14:19:37 INFO  no build target found for C:\Users\barra\Desktop\Ryan\Perso\JavaProjects\BudgetApp\BudgetApp.java. Using fallback presentation compiler.
2026.01.13 14:19:37 INFO  no build target found for C:\Users\barra\Desktop\Ryan\Perso\JavaProjects\BudgetApp\BudgetApp.java. Using fallback presentation compiler.
2026.01.13 14:19:37 INFO  no build target found for C:\Users\barra\Desktop\Ryan\Perso\JavaProjects\BudgetApp\BudgetApp.java. Using fallback presentation compiler.
2026.01.13 14:19:37 INFO  no build target found for C:\Users\barra\Desktop\Ryan\Perso\JavaProjects\BudgetApp\BudgetApp.java. Using fallback presentation compiler.
2026.01.13 14:19:38 INFO  no build target found for C:\Users\barra\Desktop\Ryan\Perso\JavaProjects\BudgetApp\BudgetApp.java. Using fallback presentation compiler.
2026.01.13 14:19:39 INFO  no build target found for C:\Users\barra\Desktop\Ryan\Perso\JavaProjects\BudgetApp\BudgetApp.java. Using fallback presentation compiler.
2026.01.13 14:19:39 INFO  no build target found for C:\Users\barra\Desktop\Ryan\Perso\JavaProjects\BudgetApp\BudgetApp.java. Using fallback presentation compiler.
2026.01.13 14:19:40 INFO  no build target found for C:\Users\barra\Desktop\Ryan\Perso\JavaProjects\BudgetApp\BudgetApp.java. Using fallback presentation compiler.
C:\Users\barra\Desktop\Ryan\Perso\JavaProjects\BudgetApp\BudgetApp.java:73: error: unmappable character (0x8F) for encoding windows-1252
        Button btnNouveauMois = new Button("ðŸ—“ï¸?");
                                                  ^
C:\Users\barra\Desktop\Ryan\Perso\JavaProjects\BudgetApp\BudgetApp.java:213: error: unmappable character (0x90) for encoding windows-1252
        // 4. Colonne CYCLE (â­?)
                               ^
C:\Users\barra\Desktop\Ryan\Perso\JavaProjects\BudgetApp\BudgetApp.java:233: error: unmappable character (0x8F) for encoding windows-1252
            private final Button btnEdit = new Button("âœ?");
                                                         ^
2026.01.13 14:19:39 INFO  no build target found for C:\Users\barra\Desktop\Ryan\Perso\JavaProjects\BudgetApp\BudgetApp.java. Using fallback presentation compiler.
2026.01.13 14:19:44 INFO  no build target found for C:\Users\barra\Desktop\Ryan\Perso\JavaProjects\BudgetApp\BudgetApp.java. Using fallback presentation compiler.
2026.01.13 14:19:44 INFO  no build target found for C:\Users\barra\Desktop\Ryan\Perso\JavaProjects\BudgetApp\BudgetApp.java. Using fallback presentation compiler.
2026.01.13 14:19:44 INFO  no build target found for C:\Users\barra\Desktop\Ryan\Perso\JavaProjects\BudgetApp\BudgetApp.java. Using fallback presentation compiler.
2026.01.13 14:19:44 INFO  no build target found for C:\Users\barra\Desktop\Ryan\Perso\JavaProjects\BudgetApp\BudgetApp.java. Using fallback presentation compiler.
2026.01.13 14:19:44 INFO  no build target found for C:\Users\barra\Desktop\Ryan\Perso\JavaProjects\BudgetApp\BudgetApp.java. Using fallback presentation compiler.
2026.01.13 14:19:44 INFO  no build target found for C:\Users\barra\Desktop\Ryan\Perso\JavaProjects\BudgetApp\BudgetApp.java. Using fallback presentation compiler.
2026.01.13 14:19:45 INFO  no build target found for C:\Users\barra\Desktop\Ryan\Perso\JavaProjects\BudgetApp\BudgetApp.java. Using fallback presentation compiler.
2026.01.13 14:19:44 INFO  no build target found for C:\Users\barra\Desktop\Ryan\Perso\JavaProjects\BudgetApp\BudgetApp.java. Using fallback presentation compiler.
2026.01.13 14:19:45 INFO  no build target found for C:\Users\barra\Desktop\Ryan\Perso\JavaProjects\BudgetApp\BudgetApp.java. Using fallback presentation compiler.
2026.01.13 14:19:45 INFO  no build target found for C:\Users\barra\Desktop\Ryan\Perso\JavaProjects\BudgetApp\BudgetApp.java. Using fallback presentation compiler.
2026.01.13 14:19:45 INFO  no build target found for C:\Users\barra\Desktop\Ryan\Perso\JavaProjects\BudgetApp\BudgetApp.java. Using fallback presentation compiler.
2026.01.13 14:19:45 INFO  no build target found for C:\Users\barra\Desktop\Ryan\Perso\JavaProjects\BudgetApp\BudgetApp.java. Using fallback presentation compiler.
2026.01.13 14:19:46 INFO  no build target found for C:\Users\barra\Desktop\Ryan\Perso\JavaProjects\BudgetApp\BudgetApp.java. Using fallback presentation compiler.
C:\Users\barra\Desktop\Ryan\Perso\JavaProjects\BudgetApp\BudgetApp.java:73: error: unmappable character (0x8F) for encoding windows-1252
        Button btnNouveauMois = new Button("ðŸ—“ï¸?");
                                                  ^
C:\Users\barra\Desktop\Ryan\Perso\JavaProjects\BudgetApp\BudgetApp.java:213: error: unmappable character (0x90) for encoding windows-1252
        // 4. Colonne CYCLE (â­?)
                               ^
C:\Users\barra\Desktop\Ryan\Perso\JavaProjects\BudgetApp\BudgetApp.java:233: error: unmappable character (0x8F) for encoding windows-1252
            private final Button btnEdit = new Button("âœ?");
                                                         ^
2026.01.13 14:19:45 INFO  no build target found for C:\Users\barra\Desktop\Ryan\Perso\JavaProjects\BudgetApp\BudgetApp.java. Using fallback presentation compiler.
2026.01.13 14:19:46 INFO  no build target found for C:\Users\barra\Desktop\Ryan\Perso\JavaProjects\BudgetApp\BudgetApp.java. Using fallback presentation compiler.
2026.01.13 14:19:46 INFO  no build target found for C:\Users\barra\Desktop\Ryan\Perso\JavaProjects\BudgetApp\BudgetApp.java. Using fallback presentation compiler.
2026.01.13 14:19:46 INFO  no build target found for C:\Users\barra\Desktop\Ryan\Perso\JavaProjects\BudgetApp\BudgetApp.java. Using fallback presentation compiler.
2026.01.13 14:19:46 INFO  no build target found for C:\Users\barra\Desktop\Ryan\Perso\JavaProjects\BudgetApp\BudgetApp.java. Using fallback presentation compiler.
2026.01.13 14:19:46 INFO  no build target found for C:\Users\barra\Desktop\Ryan\Perso\JavaProjects\BudgetApp\BudgetApp.java. Using fallback presentation compiler.
2026.01.13 14:19:46 INFO  no build target found for C:\Users\barra\Desktop\Ryan\Perso\JavaProjects\BudgetApp\BudgetApp.java. Using fallback presentation compiler.
2026.01.13 14:19:46 INFO  no build target found for C:\Users\barra\Desktop\Ryan\Perso\JavaProjects\BudgetApp\BudgetApp.java. Using fallback presentation compiler.
2026.01.13 14:19:46 INFO  no build target found for C:\Users\barra\Desktop\Ryan\Perso\JavaProjects\BudgetApp\BudgetApp.java. Using fallback presentation compiler.
C:\Users\barra\Desktop\Ryan\Perso\JavaProjects\BudgetApp\BudgetApp.java:73: error: unmappable character (0x8F) for encoding windows-1252
        Button btnNouveauMois = new Button("ðŸ—“ï¸?");
                                                  ^
C:\Users\barra\Desktop\Ryan\Perso\JavaProjects\BudgetApp\BudgetApp.java:213: error: unmappable character (0x90) for encoding windows-1252
        // 4. Colonne CYCLE (â­?)
                               ^
C:\Users\barra\Desktop\Ryan\Perso\JavaProjects\BudgetApp\BudgetApp.java:233: error: unmappable character (0x8F) for encoding windows-1252
            private final Button btnEdit = new Button("âœ?");
                                                         ^
2026.01.13 14:19:47 INFO  no build target found for C:\Users\barra\Desktop\Ryan\Perso\JavaProjects\BudgetApp\BudgetApp.java. Using fallback presentation compiler.
2026.01.13 14:19:47 INFO  no build target found for C:\Users\barra\Desktop\Ryan\Perso\JavaProjects\BudgetApp\BudgetApp.java. Using fallback presentation compiler.
2026.01.13 14:19:47 INFO  no build target found for C:\Users\barra\Desktop\Ryan\Perso\JavaProjects\BudgetApp\BudgetApp.java. Using fallback presentation compiler.
2026.01.13 14:19:47 INFO  no build target found for C:\Users\barra\Desktop\Ryan\Perso\JavaProjects\BudgetApp\BudgetApp.java. Using fallback presentation compiler.
2026.01.13 14:19:48 INFO  no build target found for C:\Users\barra\Desktop\Ryan\Perso\JavaProjects\BudgetApp\BudgetApp.java. Using fallback presentation compiler.
2026.01.13 14:19:47 INFO  no build target found for C:\Users\barra\Desktop\Ryan\Perso\JavaProjects\BudgetApp\BudgetApp.java. Using fallback presentation compiler.
2026.01.13 14:19:48 INFO  no build target found for C:\Users\barra\Desktop\Ryan\Perso\JavaProjects\BudgetApp\BudgetApp.java. Using fallback presentation compiler.
2026.01.13 14:19:49 INFO  no build target found for C:\Users\barra\Desktop\Ryan\Perso\JavaProjects\BudgetApp\BudgetApp.java. Using fallback presentation compiler.
C:\Users\barra\Desktop\Ryan\Perso\JavaProjects\BudgetApp\BudgetApp.java:73: error: unmappable character (0x8F) for encoding windows-1252
        Button btnNouveauMois = new Button("ðŸ—“ï¸?");
                                                  ^
C:\Users\barra\Desktop\Ryan\Perso\JavaProjects\BudgetApp\BudgetApp.java:213: error: unmappable character (0x90) for encoding windows-1252
        // 4. Colonne CYCLE (â­?)
                               ^
C:\Users\barra\Desktop\Ryan\Perso\JavaProjects\BudgetApp\BudgetApp.java:233: error: unmappable character (0x8F) for encoding windows-1252
            private final Button btnEdit = new Button("âœ?");
                                                         ^
2026.01.13 14:19:48 INFO  no build target found for C:\Users\barra\Desktop\Ryan\Perso\JavaProjects\BudgetApp\BudgetApp.java. Using fallback presentation compiler.
2026.01.13 14:19:48 INFO  no build target found for C:\Users\barra\Desktop\Ryan\Perso\JavaProjects\BudgetApp\BudgetApp.java. Using fallback presentation compiler.
2026.01.13 14:19:49 INFO  no build target found for C:\Users\barra\Desktop\Ryan\Perso\JavaProjects\BudgetApp\BudgetApp.java. Using fallback presentation compiler.
2026.01.13 14:19:48 INFO  no build target found for C:\Users\barra\Desktop\Ryan\Perso\JavaProjects\BudgetApp\BudgetApp.java. Using fallback presentation compiler.
2026.01.13 14:19:50 INFO  no build target found for C:\Users\barra\Desktop\Ryan\Perso\JavaProjects\BudgetApp\BudgetApp.java. Using fallback presentation compiler.
2026.01.13 14:19:50 INFO  no build target found for C:\Users\barra\Desktop\Ryan\Perso\JavaProjects\BudgetApp\BudgetApp.java. Using fallback presentation compiler.
C:\Users\barra\Desktop\Ryan\Perso\JavaProjects\BudgetApp\BudgetApp.java:73: error: unmappable character (0x8F) for encoding windows-1252
        Button btnNouveauMois = new Button("ðŸ—“ï¸?");
                                                  ^
C:\Users\barra\Desktop\Ryan\Perso\JavaProjects\BudgetApp\BudgetApp.java:213: error: unmappable character (0x90) for encoding windows-1252
        // 4. Colonne CYCLE (â­?)
                               ^
C:\Users\barra\Desktop\Ryan\Perso\JavaProjects\BudgetApp\BudgetApp.java:233: error: unmappable character (0x8F) for encoding windows-1252
            private final Button btnEdit = new Button("âœ?");
                                                         ^
2026.01.13 14:19:50 INFO  no build target found for C:\Users\barra\Desktop\Ryan\Perso\JavaProjects\BudgetApp\BudgetApp.java. Using fallback presentation compiler.
2026.01.13 14:19:52 WARN  no build target for: C:\Users\barra\Desktop\Ryan\Perso\JavaProjects\BudgetApp\BudgetApp.java
2026.01.13 14:19:52 INFO  no build target found for C:\Users\barra\Desktop\Ryan\Perso\JavaProjects\BudgetApp\BudgetApp.java. Using fallback presentation compiler.
2026.01.13 14:19:53 INFO  no build target found for C:\Users\barra\Desktop\Ryan\Perso\JavaProjects\BudgetApp\BudgetApp.java. Using fallback presentation compiler.
2026.01.13 14:20:21 INFO  no build target found for C:\Users\barra\Desktop\Ryan\Perso\JavaProjects\BudgetApp\BudgetApp.java. Using fallback presentation compiler.
2026.01.13 14:27:11 INFO  no build target found for C:\Users\barra\Desktop\Ryan\Perso\JavaProjects\BudgetApp\BudgetApp.java. Using fallback presentation compiler.
2026.01.13 14:27:11 INFO  no build target found for C:\Users\barra\Desktop\Ryan\Perso\JavaProjects\BudgetApp\BudgetApp.java. Using fallback presentation compiler.
2026.01.13 14:28:12 INFO  no build target found for C:\Users\barra\Desktop\Ryan\Perso\JavaProjects\BudgetApp\BudgetApp.java. Using fallback presentation compiler.
2026.01.13 14:28:15 INFO  no build target found for C:\Users\barra\Desktop\Ryan\Perso\JavaProjects\BudgetApp\BudgetApp.java. Using fallback presentation compiler.
2026.01.13 14:28:15 INFO  no build target found for C:\Users\barra\Desktop\Ryan\Perso\JavaProjects\BudgetApp\BudgetApp.java. Using fallback presentation compiler.
2026.01.13 14:28:22 INFO  no build target found for C:\Users\barra\Desktop\Ryan\Perso\JavaProjects\BudgetApp\BudgetApp.java. Using fallback presentation compiler.
2026.01.13 14:28:23 INFO  no build target found for C:\Users\barra\Desktop\Ryan\Perso\JavaProjects\BudgetApp\BudgetApp.java. Using fallback presentation compiler.
2026.01.13 14:31:29 INFO  no build target found for C:\Users\barra\Desktop\Ryan\Perso\JavaProjects\BudgetApp\BudgetApp.java. Using fallback presentation compiler.
2026.01.13 14:31:29 INFO  no build target found for C:\Users\barra\Desktop\Ryan\Perso\JavaProjects\BudgetApp\BudgetApp.java. Using fallback presentation compiler.
2026.01.13 14:31:29 INFO  no build target found for C:\Users\barra\Desktop\Ryan\Perso\JavaProjects\BudgetApp\BudgetApp.java. Using fallback presentation compiler.
2026.01.13 14:31:30 INFO  no build target found for C:\Users\barra\Desktop\Ryan\Perso\JavaProjects\BudgetApp\BudgetApp.java. Using fallback presentation compiler.
2026.01.13 14:31:30 INFO  Created report: Optional[file:///C:/Users/barra/Desktop/Ryan/Perso/JavaProjects/BudgetApp/BudgetApp.java]
2026.01.13 14:31:30 INFO  empty definition using pc, found symbol in pc: _empty_/getTableView# (full report at: "C:\Users\barra\Desktop\Ryan\Perso\JavaProjects\BudgetApp\.metals\.reports\metals-full\2026-01-13\r_empty-definition_14-31-30-598.md")
2026.01.13 14:31:30 INFO  no build target found for C:\Users\barra\Desktop\Ryan\Perso\JavaProjects\BudgetApp\BudgetApp.java. Using fallback presentation compiler.
2026.01.13 14:31:30 INFO  no build target found for C:\Users\barra\Desktop\Ryan\Perso\JavaProjects\BudgetApp\BudgetApp.java. Using fallback presentation compiler.
2026.01.13 14:31:30 INFO  no build target found for C:\Users\barra\Desktop\Ryan\Perso\JavaProjects\BudgetApp\BudgetApp.java. Using fallback presentation compiler.
2026.01.13 14:31:31 INFO  empty definition using pc, found symbol in pc: _empty_/getTableView# (full report at: "C:\Users\barra\Desktop\Ryan\Perso\JavaProjects\BudgetApp\.metals\.reports\metals-full\2026-01-13\r_empty-definition_14-31-30-598.md")
2026.01.13 14:31:30 INFO  no build target found for C:\Users\barra\Desktop\Ryan\Perso\JavaProjects\BudgetApp\BudgetApp.java. Using fallback presentation compiler.
2026.01.13 14:31:31 INFO  no build target found for C:\Users\barra\Desktop\Ryan\Perso\JavaProjects\BudgetApp\BudgetApp.java. Using fallback presentation compiler.
C:\Users\barra\Desktop\Ryan\Perso\JavaProjects\BudgetApp\BudgetApp.java:73: error: unmappable character (0x8F) for encoding windows-1252
        Button btnNouveauMois = new Button("ðŸ—“ï¸? Nouveau mois");
                                                  ^
C:\Users\barra\Desktop\Ryan\Perso\JavaProjects\BudgetApp\BudgetApp.java:213: error: unmappable character (0x90) for encoding windows-1252
        // 4. Colonne CYCLE (â­?)
                               ^
C:\Users\barra\Desktop\Ryan\Perso\JavaProjects\BudgetApp\BudgetApp.java:233: error: unmappable character (0x8F) for encoding windows-1252
            private final Button btnEdit = new Button("âœ?");
                                                         ^
2026.01.13 14:31:31 INFO  no build target found for C:\Users\barra\Desktop\Ryan\Perso\JavaProjects\BudgetApp\BudgetApp.java. Using fallback presentation compiler.
2026.01.13 14:31:31 INFO  no build target found for C:\Users\barra\Desktop\Ryan\Perso\JavaProjects\BudgetApp\BudgetApp.java. Using fallback presentation compiler.
2026.01.13 14:31:33 WARN  no build target for: C:\Users\barra\Desktop\Ryan\Perso\JavaProjects\BudgetApp\BudgetApp.java
2026.01.13 14:31:33 INFO  no build target found for C:\Users\barra\Desktop\Ryan\Perso\JavaProjects\BudgetApp\BudgetApp.java. Using fallback presentation compiler.
2026.01.13 14:31:34 INFO  no build target found for C:\Users\barra\Desktop\Ryan\Perso\JavaProjects\BudgetApp\BudgetApp.java. Using fallback presentation compiler.
2026.01.13 14:47:46 INFO  no build target found for C:\Users\barra\Desktop\Ryan\Perso\JavaProjects\BudgetApp\BudgetApp.java. Using fallback presentation compiler.
2026.01.13 14:47:46 WARN  no build target for: C:\Users\barra\Desktop\Ryan\Perso\JavaProjects\BudgetApp\BudgetApp.java
janv. 13, 2026 2:47:46 PM org.eclipse.lsp4j.jsonrpc.RemoteEndpoint handleCancellation
WARNING: Unmatched cancel notification for request id 2976
2026.01.13 14:47:46 INFO  no build target found for C:\Users\barra\Desktop\Ryan\Perso\JavaProjects\BudgetApp\BudgetApp.java. Using fallback presentation compiler.
2026.01.13 14:47:46 INFO  no build target found for C:\Users\barra\Desktop\Ryan\Perso\JavaProjects\BudgetApp\BudgetApp.java. Using fallback presentation compiler.
2026.01.13 14:47:46 INFO  no build target found for C:\Users\barra\Desktop\Ryan\Perso\JavaProjects\BudgetApp\BudgetApp.java. Using fallback presentation compiler.
2026.01.13 14:47:50 INFO  no build target found for C:\Users\barra\Desktop\Ryan\Perso\JavaProjects\BudgetApp\BudgetApp.java. Using fallback presentation compiler.
2026.01.13 14:47:51 INFO  no build target found for C:\Users\barra\Desktop\Ryan\Perso\JavaProjects\BudgetApp\BudgetApp.java. Using fallback presentation compiler.
2026.01.13 14:47:51 INFO  no build target found for C:\Users\barra\Desktop\Ryan\Perso\JavaProjects\BudgetApp\BudgetApp.java. Using fallback presentation compiler.
2026.01.13 14:47:51 INFO  no build target found for C:\Users\barra\Desktop\Ryan\Perso\JavaProjects\BudgetApp\BudgetApp.java. Using fallback presentation compiler.
2026.01.13 14:47:52 INFO  no build target found for C:\Users\barra\Desktop\Ryan\Perso\JavaProjects\BudgetApp\BudgetApp.java. Using fallback presentation compiler.
2026.01.13 14:47:52 INFO  no build target found for C:\Users\barra\Desktop\Ryan\Perso\JavaProjects\BudgetApp\BudgetApp.java. Using fallback presentation compiler.
2026.01.13 14:47:53 INFO  no build target found for C:\Users\barra\Desktop\Ryan\Perso\JavaProjects\BudgetApp\BudgetApp.java. Using fallback presentation compiler.
2026.01.13 14:47:55 INFO  no build target found for C:\Users\barra\Desktop\Ryan\Perso\JavaProjects\BudgetApp\BudgetApp.java. Using fallback presentation compiler.
2026.01.13 14:47:58 INFO  no build target found for C:\Users\barra\Desktop\Ryan\Perso\JavaProjects\BudgetApp\BudgetApp.java. Using fallback presentation compiler.
2026.01.13 14:47:59 INFO  no build target found for C:\Users\barra\Desktop\Ryan\Perso\JavaProjects\BudgetApp\BudgetApp.java. Using fallback presentation compiler.
2026.01.13 14:47:59 INFO  no build target found for C:\Users\barra\Desktop\Ryan\Perso\JavaProjects\BudgetApp\BudgetApp.java. Using fallback presentation compiler.
2026.01.13 14:48:00 INFO  no build target found for C:\Users\barra\Desktop\Ryan\Perso\JavaProjects\BudgetApp\BudgetApp.java. Using fallback presentation compiler.
2026.01.13 14:48:00 INFO  no build target found for C:\Users\barra\Desktop\Ryan\Perso\JavaProjects\BudgetApp\BudgetApp.java. Using fallback presentation compiler.
2026.01.13 14:48:02 INFO  no build target found for C:\Users\barra\Desktop\Ryan\Perso\JavaProjects\BudgetApp\BudgetApp.java. Using fallback presentation compiler.
2026.01.13 14:48:02 INFO  no build target found for C:\Users\barra\Desktop\Ryan\Perso\JavaProjects\BudgetApp\BudgetApp.java. Using fallback presentation compiler.
2026.01.13 14:48:02 INFO  no build target found for C:\Users\barra\Desktop\Ryan\Perso\JavaProjects\BudgetApp\BudgetApp.java. Using fallback presentation compiler.
2026.01.13 14:48:03 INFO  no build target found for C:\Users\barra\Desktop\Ryan\Perso\JavaProjects\BudgetApp\BudgetApp.java. Using fallback presentation compiler.
2026.01.13 14:48:03 INFO  no build target found for C:\Users\barra\Desktop\Ryan\Perso\JavaProjects\BudgetApp\BudgetApp.java. Using fallback presentation compiler.
2026.01.13 14:48:03 INFO  no build target found for C:\Users\barra\Desktop\Ryan\Perso\JavaProjects\BudgetApp\BudgetApp.java. Using fallback presentation compiler.
2026.01.13 14:48:05 INFO  no build target found for C:\Users\barra\Desktop\Ryan\Perso\JavaProjects\BudgetApp\BudgetApp.java. Using fallback presentation compiler.
2026.01.13 14:48:05 INFO  no build target found for C:\Users\barra\Desktop\Ryan\Perso\JavaProjects\BudgetApp\BudgetApp.java. Using fallback presentation compiler.
2026.01.13 14:48:08 INFO  no build target found for C:\Users\barra\Desktop\Ryan\Perso\JavaProjects\BudgetApp\BudgetApp.java. Using fallback presentation compiler.
2026.01.13 14:48:12 INFO  no build target found for C:\Users\barra\Desktop\Ryan\Perso\JavaProjects\BudgetApp\BudgetApp.java. Using fallback presentation compiler.
2026.01.13 14:49:11 INFO  no build target found for C:\Users\barra\Desktop\Ryan\Perso\JavaProjects\BudgetApp\BudgetApp.java. Using fallback presentation compiler.
2026.01.13 14:49:11 INFO  no build target found for C:\Users\barra\Desktop\Ryan\Perso\JavaProjects\BudgetApp\BudgetApp.java. Using fallback presentation compiler.
2026.01.13 14:49:13 INFO  no build target found for C:\Users\barra\Desktop\Ryan\Perso\JavaProjects\BudgetApp\BudgetApp.java. Using fallback presentation compiler.
2026.01.13 14:49:13 INFO  no build target found for C:\Users\barra\Desktop\Ryan\Perso\JavaProjects\BudgetApp\BudgetApp.java. Using fallback presentation compiler.
2026.01.13 14:49:13 INFO  no build target found for C:\Users\barra\Desktop\Ryan\Perso\JavaProjects\BudgetApp\BudgetApp.java. Using fallback presentation compiler.
C:\Users\barra\Desktop\Ryan\Perso\JavaProjects\BudgetApp\BudgetApp.java:73: error: unmappable character (0x8F) for encoding windows-1252
        Button btnNouveauMois = new Button("ðŸ—“ï¸? Nouveau mois");
                                                  ^
C:\Users\barra\Desktop\Ryan\Perso\JavaProjects\BudgetApp\BudgetApp.java:227: error: unmappable character (0x8F) for encoding windows-1252
            private final Button btnEdit = new Button("âœ?");
                                                         ^
2026.01.13 14:49:13 INFO  no build target found for C:\Users\barra\Desktop\Ryan\Perso\JavaProjects\BudgetApp\BudgetApp.java. Using fallback presentation compiler.
2026.01.13 14:49:15 INFO  no build target found for C:\Users\barra\Desktop\Ryan\Perso\JavaProjects\BudgetApp\BudgetApp.java. Using fallback presentation compiler.
2026.01.13 14:49:16 WARN  no build target for: C:\Users\barra\Desktop\Ryan\Perso\JavaProjects\BudgetApp\BudgetApp.java
2026.01.13 14:49:16 INFO  no build target found for C:\Users\barra\Desktop\Ryan\Perso\JavaProjects\BudgetApp\BudgetApp.java. Using fallback presentation compiler.
2026.01.13 14:49:17 INFO  no build target found for C:\Users\barra\Desktop\Ryan\Perso\JavaProjects\BudgetApp\BudgetApp.java. Using fallback presentation compiler.
2026.01.13 14:49:57 INFO  no build target found for C:\Users\barra\Desktop\Ryan\Perso\JavaProjects\BudgetApp\BudgetApp.java. Using fallback presentation compiler.
2026.01.13 14:49:58 INFO  no build target found for C:\Users\barra\Desktop\Ryan\Perso\JavaProjects\BudgetApp\BudgetApp.java. Using fallback presentation compiler.
2026.01.13 14:49:58 INFO  no build target found for C:\Users\barra\Desktop\Ryan\Perso\JavaProjects\BudgetApp\BudgetApp.java. Using fallback presentation compiler.
2026.01.13 14:49:59 INFO  no build target found for C:\Users\barra\Desktop\Ryan\Perso\JavaProjects\BudgetApp\BudgetApp.java. Using fallback presentation compiler.
2026.01.13 14:50:01 INFO  no build target found for C:\Users\barra\Desktop\Ryan\Perso\JavaProjects\BudgetApp\BudgetApp.java. Using fallback presentation compiler.
2026.01.13 14:50:01 INFO  no build target found for C:\Users\barra\Desktop\Ryan\Perso\JavaProjects\BudgetApp\BudgetApp.java. Using fallback presentation compiler.
2026.01.13 14:50:03 INFO  no build target found for C:\Users\barra\Desktop\Ryan\Perso\JavaProjects\BudgetApp\BudgetApp.java. Using fallback presentation compiler.
2026.01.13 14:50:03 INFO  no build target found for C:\Users\barra\Desktop\Ryan\Perso\JavaProjects\BudgetApp\BudgetApp.java. Using fallback presentation compiler.
2026.01.13 14:50:03 INFO  no build target found for C:\Users\barra\Desktop\Ryan\Perso\JavaProjects\BudgetApp\BudgetApp.java. Using fallback presentation compiler.
2026.01.13 14:50:04 INFO  no build target found for C:\Users\barra\Desktop\Ryan\Perso\JavaProjects\BudgetApp\BudgetApp.java. Using fallback presentation compiler.
2026.01.13 14:50:04 INFO  no build target found for C:\Users\barra\Desktop\Ryan\Perso\JavaProjects\BudgetApp\BudgetApp.java. Using fallback presentation compiler.
2026.01.13 14:50:06 INFO  no build target found for C:\Users\barra\Desktop\Ryan\Perso\JavaProjects\BudgetApp\BudgetApp.java. Using fallback presentation compiler.
2026.01.13 14:50:06 INFO  no build target found for C:\Users\barra\Desktop\Ryan\Perso\JavaProjects\BudgetApp\BudgetApp.java. Using fallback presentation compiler.
2026.01.13 14:50:07 INFO  no build target found for C:\Users\barra\Desktop\Ryan\Perso\JavaProjects\BudgetApp\BudgetApp.java. Using fallback presentation compiler.
2026.01.13 14:50:07 INFO  no build target found for C:\Users\barra\Desktop\Ryan\Perso\JavaProjects\BudgetApp\BudgetApp.java. Using fallback presentation compiler.
2026.01.13 14:50:09 INFO  no build target found for C:\Users\barra\Desktop\Ryan\Perso\JavaProjects\BudgetApp\BudgetApp.java. Using fallback presentation compiler.
2026.01.13 14:50:09 INFO  no build target found for C:\Users\barra\Desktop\Ryan\Perso\JavaProjects\BudgetApp\BudgetApp.java. Using fallback presentation compiler.
2026.01.13 14:50:10 INFO  no build target found for C:\Users\barra\Desktop\Ryan\Perso\JavaProjects\BudgetApp\BudgetApp.java. Using fallback presentation compiler.
2026.01.13 14:50:13 INFO  no build target found for C:\Users\barra\Desktop\Ryan\Perso\JavaProjects\BudgetApp\BudgetApp.java. Using fallback presentation compiler.
2026.01.13 14:50:15 INFO  no build target found for C:\Users\barra\Desktop\Ryan\Perso\JavaProjects\BudgetApp\BudgetApp.java. Using fallback presentation compiler.
2026.01.13 14:50:16 INFO  no build target found for C:\Users\barra\Desktop\Ryan\Perso\JavaProjects\BudgetApp\BudgetApp.java. Using fallback presentation compiler.
C:\Users\barra\Desktop\Ryan\Perso\JavaProjects\BudgetApp\BudgetApp.java:73: error: unmappable character (0x8F) for encoding windows-1252
        Button btnNouveauMois = new Button("ðŸ—“ï¸? Nouveau mois");
                                                  ^
C:\Users\barra\Desktop\Ryan\Perso\JavaProjects\BudgetApp\BudgetApp.java:227: error: unmappable character (0x8F) for encoding windows-1252
            private final Button btnEdit = new Button("âœ?");
                                                         ^
2026.01.13 14:50:17 INFO  no build target found for C:\Users\barra\Desktop\Ryan\Perso\JavaProjects\BudgetApp\BudgetApp.java. Using fallback presentation compiler.
2026.01.13 14:50:18 INFO  no build target found for C:\Users\barra\Desktop\Ryan\Perso\JavaProjects\BudgetApp\BudgetApp.java. Using fallback presentation compiler.
2026.01.13 14:50:18 INFO  no build target found for C:\Users\barra\Desktop\Ryan\Perso\JavaProjects\BudgetApp\BudgetApp.java. Using fallback presentation compiler.
2026.01.13 14:50:18 INFO  no build target found for C:\Users\barra\Desktop\Ryan\Perso\JavaProjects\BudgetApp\BudgetApp.java. Using fallback presentation compiler.
2026.01.13 14:50:18 INFO  no build target found for C:\Users\barra\Desktop\Ryan\Perso\JavaProjects\BudgetApp\BudgetApp.java. Using fallback presentation compiler.
2026.01.13 14:50:18 INFO  no build target found for C:\Users\barra\Desktop\Ryan\Perso\JavaProjects\BudgetApp\BudgetApp.java. Using fallback presentation compiler.
2026.01.13 14:50:18 INFO  no build target found for C:\Users\barra\Desktop\Ryan\Perso\JavaProjects\BudgetApp\BudgetApp.java. Using fallback presentation compiler.
2026.01.13 14:50:18 INFO  no build target found for C:\Users\barra\Desktop\Ryan\Perso\JavaProjects\BudgetApp\BudgetApp.java. Using fallback presentation compiler.
2026.01.13 14:50:19 INFO  no build target found for C:\Users\barra\Desktop\Ryan\Perso\JavaProjects\BudgetApp\BudgetApp.java. Using fallback presentation compiler.
C:\Users\barra\Desktop\Ryan\Perso\JavaProjects\BudgetApp\BudgetApp.java:73: error: unmappable character (0x8F) for encoding windows-1252
        Button btnNouveauMois = new Button("ðŸ—“ï¸? Nouveau mois");
                                                  ^
C:\Users\barra\Desktop\Ryan\Perso\JavaProjects\BudgetApp\BudgetApp.java:227: error: unmappable character (0x8F) for encoding windows-1252
            private final Button btnEdit = new Button("âœ?");
                                                         ^
2026.01.13 14:50:19 INFO  no build target found for C:\Users\barra\Desktop\Ryan\Perso\JavaProjects\BudgetApp\BudgetApp.java. Using fallback presentation compiler.
2026.01.13 14:50:19 INFO  no build target found for C:\Users\barra\Desktop\Ryan\Perso\JavaProjects\BudgetApp\BudgetApp.java. Using fallback presentation compiler.
2026.01.13 14:50:20 INFO  no build target found for C:\Users\barra\Desktop\Ryan\Perso\JavaProjects\BudgetApp\BudgetApp.java. Using fallback presentation compiler.
2026.01.13 14:50:20 INFO  no build target found for C:\Users\barra\Desktop\Ryan\Perso\JavaProjects\BudgetApp\BudgetApp.java. Using fallback presentation compiler.
2026.01.13 14:50:20 INFO  no build target found for C:\Users\barra\Desktop\Ryan\Perso\JavaProjects\BudgetApp\BudgetApp.java. Using fallback presentation compiler.
2026.01.13 14:50:21 INFO  no build target found for C:\Users\barra\Desktop\Ryan\Perso\JavaProjects\BudgetApp\BudgetApp.java. Using fallback presentation compiler.
C:\Users\barra\Desktop\Ryan\Perso\JavaProjects\BudgetApp\BudgetApp.java:73: error: unmappable character (0x8F) for encoding windows-1252
        Button btnNouveauMois = new Button("ðŸ—“ï¸? Nouveau mois");
                                                  ^
C:\Users\barra\Desktop\Ryan\Perso\JavaProjects\BudgetApp\BudgetApp.java:227: error: unmappable character (0x8F) for encoding windows-1252
            private final Button btnEdit = new Button("âœ?");
                                                         ^
2026.01.13 14:50:22 INFO  no build target found for C:\Users\barra\Desktop\Ryan\Perso\JavaProjects\BudgetApp\BudgetApp.java. Using fallback presentation compiler.
2026.01.13 14:50:22 INFO  no build target found for C:\Users\barra\Desktop\Ryan\Perso\JavaProjects\BudgetApp\BudgetApp.java. Using fallback presentation compiler.
2026.01.13 14:50:22 INFO  no build target found for C:\Users\barra\Desktop\Ryan\Perso\JavaProjects\BudgetApp\BudgetApp.java. Using fallback presentation compiler.
C:\Users\barra\Desktop\Ryan\Perso\JavaProjects\BudgetApp\BudgetApp.java:73: error: unmappable character (0x8F) for encoding windows-1252
        Button btnNouveauMois = new Button("ðŸ—“ï¸? Nouveau mois");
                                                  ^
C:\Users\barra\Desktop\Ryan\Perso\JavaProjects\BudgetApp\BudgetApp.java:227: error: unmappable character (0x8F) for encoding windows-1252
            private final Button btnEdit = new Button("âœ?");
                                                         ^
2026.01.13 14:50:22 INFO  no build target found for C:\Users\barra\Desktop\Ryan\Perso\JavaProjects\BudgetApp\BudgetApp.java. Using fallback presentation compiler.
2026.01.13 14:50:23 WARN  no build target for: C:\Users\barra\Desktop\Ryan\Perso\JavaProjects\BudgetApp\BudgetApp.java
2026.01.13 14:50:23 INFO  no build target found for C:\Users\barra\Desktop\Ryan\Perso\JavaProjects\BudgetApp\BudgetApp.java. Using fallback presentation compiler.
2026.01.13 14:50:24 INFO  no build target found for C:\Users\barra\Desktop\Ryan\Perso\JavaProjects\BudgetApp\BudgetApp.java. Using fallback presentation compiler.
2026.01.13 14:50:28 INFO  no build target found for C:\Users\barra\Desktop\Ryan\Perso\JavaProjects\BudgetApp\BudgetApp.java. Using fallback presentation compiler.
2026.01.13 14:50:28 WARN  no build target for: C:\Users\barra\Desktop\Ryan\Perso\JavaProjects\BudgetApp\BudgetApp.java
2026.01.13 14:50:28 INFO  no build target found for C:\Users\barra\Desktop\Ryan\Perso\JavaProjects\BudgetApp\BudgetApp.java. Using fallback presentation compiler.
2026.01.13 14:50:29 INFO  no build target found for C:\Users\barra\Desktop\Ryan\Perso\JavaProjects\BudgetApp\BudgetApp.java. Using fallback presentation compiler.
2026.01.13 14:50:55 INFO  no build target found for C:\Users\barra\Desktop\Ryan\Perso\JavaProjects\BudgetApp\BudgetApp.java. Using fallback presentation compiler.
2026.01.13 14:50:55 INFO  no build target found for C:\Users\barra\Desktop\Ryan\Perso\JavaProjects\BudgetApp\BudgetApp.java. Using fallback presentation compiler.
2026.01.13 14:50:55 INFO  no build target found for C:\Users\barra\Desktop\Ryan\Perso\JavaProjects\BudgetApp\BudgetApp.java. Using fallback presentation compiler.
2026.01.13 14:50:56 INFO  no build target found for C:\Users\barra\Desktop\Ryan\Perso\JavaProjects\BudgetApp\BudgetApp.java. Using fallback presentation compiler.
2026.01.13 14:50:56 INFO  no build target found for C:\Users\barra\Desktop\Ryan\Perso\JavaProjects\BudgetApp\BudgetApp.java. Using fallback presentation compiler.
2026.01.13 14:50:58 INFO  no build target found for C:\Users\barra\Desktop\Ryan\Perso\JavaProjects\BudgetApp\BudgetApp.java. Using fallback presentation compiler.
2026.01.13 14:50:58 INFO  no build target found for C:\Users\barra\Desktop\Ryan\Perso\JavaProjects\BudgetApp\BudgetApp.java. Using fallback presentation compiler.
2026.01.13 14:50:58 INFO  no build target found for C:\Users\barra\Desktop\Ryan\Perso\JavaProjects\BudgetApp\BudgetApp.java. Using fallback presentation compiler.
2026.01.13 14:51:00 INFO  no build target found for C:\Users\barra\Desktop\Ryan\Perso\JavaProjects\BudgetApp\BudgetApp.java. Using fallback presentation compiler.
2026.01.13 14:51:00 INFO  no build target found for C:\Users\barra\Desktop\Ryan\Perso\JavaProjects\BudgetApp\BudgetApp.java. Using fallback presentation compiler.
2026.01.13 14:51:00 INFO  no build target found for C:\Users\barra\Desktop\Ryan\Perso\JavaProjects\BudgetApp\BudgetApp.java. Using fallback presentation compiler.
C:\Users\barra\Desktop\Ryan\Perso\JavaProjects\BudgetApp\BudgetApp.java:73: error: unmappable character (0x8F) for encoding windows-1252
        Button btnNouveauMois = new Button("ðŸ—“ï¸? Nouveau mois");
                                                  ^
C:\Users\barra\Desktop\Ryan\Perso\JavaProjects\BudgetApp\BudgetApp.java:227: error: unmappable character (0x8F) for encoding windows-1252
            private final Button btnEdit = new Button("âœ?");
                                                         ^
2026.01.13 14:51:00 INFO  no build target found for C:\Users\barra\Desktop\Ryan\Perso\JavaProjects\BudgetApp\BudgetApp.java. Using fallback presentation compiler.
2026.01.13 14:51:02 INFO  no build target found for C:\Users\barra\Desktop\Ryan\Perso\JavaProjects\BudgetApp\BudgetApp.java. Using fallback presentation compiler.
2026.01.13 14:51:02 INFO  no build target found for C:\Users\barra\Desktop\Ryan\Perso\JavaProjects\BudgetApp\BudgetApp.java. Using fallback presentation compiler.
janv. 13, 2026 2:51:02 PM org.eclipse.lsp4j.jsonrpc.RemoteEndpoint handleCancellation
WARNING: Unmatched cancel notification for request id 3139
2026.01.13 14:51:02 INFO  no build target found for C:\Users\barra\Desktop\Ryan\Perso\JavaProjects\BudgetApp\BudgetApp.java. Using fallback presentation compiler.
2026.01.13 14:51:02 INFO  no build target found for C:\Users\barra\Desktop\Ryan\Perso\JavaProjects\BudgetApp\BudgetApp.java. Using fallback presentation compiler.
C:\Users\barra\Desktop\Ryan\Perso\JavaProjects\BudgetApp\BudgetApp.java:73: error: unmappable character (0x8F) for encoding windows-1252
        Button btnNouveauMois = new Button("ðŸ—“ï¸? Nouveau mois");
                                                  ^
C:\Users\barra\Desktop\Ryan\Perso\JavaProjects\BudgetApp\BudgetApp.java:227: error: unmappable character (0x8F) for encoding windows-1252
            private final Button btnEdit = new Button("âœ?");
                                                         ^
2026.01.13 14:51:02 INFO  no build target found for C:\Users\barra\Desktop\Ryan\Perso\JavaProjects\BudgetApp\BudgetApp.java. Using fallback presentation compiler.
2026.01.13 14:51:02 INFO  no build target found for C:\Users\barra\Desktop\Ryan\Perso\JavaProjects\BudgetApp\BudgetApp.java. Using fallback presentation compiler.
2026.01.13 14:51:03 INFO  no build target found for C:\Users\barra\Desktop\Ryan\Perso\JavaProjects\BudgetApp\BudgetApp.java. Using fallback presentation compiler.
2026.01.13 14:51:02 INFO  no build target found for C:\Users\barra\Desktop\Ryan\Perso\JavaProjects\BudgetApp\BudgetApp.java. Using fallback presentation compiler.
janv. 13, 2026 2:51:03 PM org.eclipse.lsp4j.jsonrpc.RemoteEndpoint handleCancellation
WARNING: Unmatched cancel notification for request id 3140
janv. 13, 2026 2:51:03 PM org.eclipse.lsp4j.jsonrpc.RemoteEndpoint handleCancellation
WARNING: Unmatched cancel notification for request id 3147
2026.01.13 14:51:02 INFO  no build target found for C:\Users\barra\Desktop\Ryan\Perso\JavaProjects\BudgetApp\BudgetApp.java. Using fallback presentation compiler.
C:\Users\barra\Desktop\Ryan\Perso\JavaProjects\BudgetApp\BudgetApp.java:73: error: unmappable character (0x8F) for encoding windows-1252
        Button btnNouveauMois = new Button("ðŸ—“ï¸? Nouveau mois");
                                                  ^
C:\Users\barra\Desktop\Ryan\Perso\JavaProjects\BudgetApp\BudgetApp.java:227: error: unmappable character (0x8F) for encoding windows-1252
            private final Button btnEdit = new Button("âœ?");
                                                         ^
2026.01.13 14:51:03 INFO  no build target found for C:\Users\barra\Desktop\Ryan\Perso\JavaProjects\BudgetApp\BudgetApp.java. Using fallback presentation compiler.
2026.01.13 14:51:03 INFO  no build target found for C:\Users\barra\Desktop\Ryan\Perso\JavaProjects\BudgetApp\BudgetApp.java. Using fallback presentation compiler.
2026.01.13 14:51:03 INFO  no build target found for C:\Users\barra\Desktop\Ryan\Perso\JavaProjects\BudgetApp\BudgetApp.java. Using fallback presentation compiler.
2026.01.13 14:51:03 INFO  no build target found for C:\Users\barra\Desktop\Ryan\Perso\JavaProjects\BudgetApp\BudgetApp.java. Using fallback presentation compiler.
2026.01.13 14:51:04 INFO  no build target found for C:\Users\barra\Desktop\Ryan\Perso\JavaProjects\BudgetApp\BudgetApp.java. Using fallback presentation compiler.
2026.01.13 14:51:04 INFO  no build target found for C:\Users\barra\Desktop\Ryan\Perso\JavaProjects\BudgetApp\BudgetApp.java. Using fallback presentation compiler.
2026.01.13 14:51:04 INFO  no build target found for C:\Users\barra\Desktop\Ryan\Perso\JavaProjects\BudgetApp\BudgetApp.java. Using fallback presentation compiler.
2026.01.13 14:51:05 INFO  no build target found for C:\Users\barra\Desktop\Ryan\Perso\JavaProjects\BudgetApp\BudgetApp.java. Using fallback presentation compiler.
2026.01.13 14:51:04 INFO  no build target found for C:\Users\barra\Desktop\Ryan\Perso\JavaProjects\BudgetApp\BudgetApp.java. Using fallback presentation compiler.
2026.01.13 14:51:04 INFO  no build target found for C:\Users\barra\Desktop\Ryan\Perso\JavaProjects\BudgetApp\BudgetApp.java. Using fallback presentation compiler.
2026.01.13 14:51:05 INFO  no build target found for C:\Users\barra\Desktop\Ryan\Perso\JavaProjects\BudgetApp\BudgetApp.java. Using fallback presentation compiler.
2026.01.13 14:51:04 INFO  no build target found for C:\Users\barra\Desktop\Ryan\Perso\JavaProjects\BudgetApp\BudgetApp.java. Using fallback presentation compiler.
C:\Users\barra\Desktop\Ryan\Perso\JavaProjects\BudgetApp\BudgetApp.java:73: error: unmappable character (0x8F) for encoding windows-1252
        Button btnNouveauMois = new Button("ðŸ—“ï¸? Nouveau mois");
                                                  ^
C:\Users\barra\Desktop\Ryan\Perso\JavaProjects\BudgetApp\BudgetApp.java:227: error: unmappable character (0x8F) for encoding windows-1252
            private final Button btnEdit = new Button("âœ?");
                                                         ^
2026.01.13 14:51:06 INFO  no build target found for C:\Users\barra\Desktop\Ryan\Perso\JavaProjects\BudgetApp\BudgetApp.java. Using fallback presentation compiler.
2026.01.13 14:51:06 INFO  no build target found for C:\Users\barra\Desktop\Ryan\Perso\JavaProjects\BudgetApp\BudgetApp.java. Using fallback presentation compiler.
2026.01.13 14:51:06 INFO  no build target found for C:\Users\barra\Desktop\Ryan\Perso\JavaProjects\BudgetApp\BudgetApp.java. Using fallback presentation compiler.
2026.01.13 14:51:06 INFO  no build target found for C:\Users\barra\Desktop\Ryan\Perso\JavaProjects\BudgetApp\BudgetApp.java. Using fallback presentation compiler.
2026.01.13 14:51:06 INFO  no build target found for C:\Users\barra\Desktop\Ryan\Perso\JavaProjects\BudgetApp\BudgetApp.java. Using fallback presentation compiler.
2026.01.13 14:51:06 INFO  no build target found for C:\Users\barra\Desktop\Ryan\Perso\JavaProjects\BudgetApp\BudgetApp.java. Using fallback presentation compiler.
2026.01.13 14:51:07 INFO  no build target found for C:\Users\barra\Desktop\Ryan\Perso\JavaProjects\BudgetApp\BudgetApp.java. Using fallback presentation compiler.
C:\Users\barra\Desktop\Ryan\Perso\JavaProjects\BudgetApp\BudgetApp.java:73: error: unmappable character (0x8F) for encoding windows-1252
        Button btnNouveauMois = new Button("ðŸ—“ï¸? Nouveau mois");
                                                  ^
C:\Users\barra\Desktop\Ryan\Perso\JavaProjects\BudgetApp\BudgetApp.java:227: error: unmappable character (0x8F) for encoding windows-1252
            private final Button btnEdit = new Button("âœ?");
                                                         ^
2026.01.13 14:51:07 INFO  no build target found for C:\Users\barra\Desktop\Ryan\Perso\JavaProjects\BudgetApp\BudgetApp.java. Using fallback presentation compiler.
2026.01.13 14:51:07 INFO  no build target found for C:\Users\barra\Desktop\Ryan\Perso\JavaProjects\BudgetApp\BudgetApp.java. Using fallback presentation compiler.
2026.01.13 14:51:08 INFO  no build target found for C:\Users\barra\Desktop\Ryan\Perso\JavaProjects\BudgetApp\BudgetApp.java. Using fallback presentation compiler.
janv. 13, 2026 2:51:08 PM org.eclipse.lsp4j.jsonrpc.RemoteEndpoint handleCancellation
WARNING: Unmatched cancel notification for request id 3186
2026.01.13 14:51:08 INFO  no build target found for C:\Users\barra\Desktop\Ryan\Perso\JavaProjects\BudgetApp\BudgetApp.java. Using fallback presentation compiler.
2026.01.13 14:51:11 INFO  no build target found for C:\Users\barra\Desktop\Ryan\Perso\JavaProjects\BudgetApp\BudgetApp.java. Using fallback presentation compiler.
2026.01.13 14:51:12 WARN  no build target for: C:\Users\barra\Desktop\Ryan\Perso\JavaProjects\BudgetApp\BudgetApp.java
2026.01.13 14:51:12 INFO  no build target found for C:\Users\barra\Desktop\Ryan\Perso\JavaProjects\BudgetApp\BudgetApp.java. Using fallback presentation compiler.
2026.01.13 14:51:13 INFO  no build target found for C:\Users\barra\Desktop\Ryan\Perso\JavaProjects\BudgetApp\BudgetApp.java. Using fallback presentation compiler.
2026.01.17 14:07:17 INFO  tracing is disabled for protocol LSP, to enable tracing of incoming and outgoing JSON messages create an empty file at c:\Users\barra\Desktop\Ryan\Perso\JavaProjects\BudgetApp\.metals\lsp.trace.json or C:\Users\barra\AppData\Local\scalameta\metals\cache\lsp.trace.json
2026.01.17 14:07:25 INFO  logging to files C:\Users\barra\Desktop\Ryan\Perso\JavaProjects\BudgetApp\.metals\metals.log
2026.01.17 14:07:25 INFO  Started: Metals version 1.6.4 in folders 'C:\Users\barra\Desktop\Ryan\Perso\JavaProjects\BudgetApp' for client Visual Studio Code 1.108.0.
2026.01.17 14:07:33 WARN  Using H2 2.4.240 which is newer than the version Flyway has been verified with. The latest verified version of H2 is 2.3.232.
2026.01.17 14:07:34 INFO  no build target found for C:\Users\barra\Desktop\Ryan\Perso\JavaProjects\BudgetApp\BudgetApp.java. Using fallback presentation compiler.
2026.01.17 14:07:34 WARN  no build tool detected in workspace 'C:\Users\barra\Desktop\Ryan\Perso\JavaProjects\BudgetApp'. The most common cause for this problem is that the editor was opened in the wrong working directory, for example if you use sbt then the workspace directory should contain build.sbt. 
2026.01.17 14:07:35 WARN  Build server is not auto-connectable.
2026.01.17 14:07:35 WARN  no build target for: C:\Users\barra\Desktop\Ryan\Perso\JavaProjects\BudgetApp\BudgetApp.java
2026.01.17 14:07:35 INFO  no build target found for C:\Users\barra\Desktop\Ryan\Perso\JavaProjects\BudgetApp\BudgetApp.java. Using fallback presentation compiler.
C:\Users\barra\Desktop\Ryan\Perso\JavaProjects\BudgetApp\BudgetApp.java:70: error: unmappable character (0x8F) for encoding windows-1252
        Button btnNouveauMois = new Button("ðŸ—“ï¸? Nouveau mois");
                                                  ^
C:\Users\barra\Desktop\Ryan\Perso\JavaProjects\BudgetApp\BudgetApp.java:214: error: unmappable character (0x8D) for encoding windows-1252
                setText(empty ? null : (item ? "ðŸ”„" : "ðŸ“?"));
                                                            ^
C:\Users\barra\Desktop\Ryan\Perso\JavaProjects\BudgetApp\BudgetApp.java:222: error: unmappable character (0x8F) for encoding windows-1252
            private final Button btnE = new Button("âœ?");
                                                      ^
2026.01.17 14:07:39 INFO  time: code lens generation in 4s
2026.01.17 14:12:38 INFO  no build target found for C:\Users\barra\Desktop\Ryan\Perso\JavaProjects\BudgetApp\BudgetApp.java. Using fallback presentation compiler.
2026.01.17 14:12:40 WARN  no build target for: C:\Users\barra\Desktop\Ryan\Perso\JavaProjects\BudgetApp\BudgetApp.java
2026.01.17 14:12:40 INFO  no build target found for C:\Users\barra\Desktop\Ryan\Perso\JavaProjects\BudgetApp\BudgetApp.java. Using fallback presentation compiler.
2026.01.17 14:12:42 INFO  no build target found for C:\Users\barra\Desktop\Ryan\Perso\JavaProjects\BudgetApp\BudgetApp.java. Using fallback presentation compiler.
2026.01.17 14:12:56 INFO  no build target found for C:\Users\barra\Desktop\Ryan\Perso\JavaProjects\BudgetApp\BudgetApp.java. Using fallback presentation compiler.
2026.01.17 14:13:02 INFO  Shutting down server
2026.01.17 14:13:02 INFO  shutting down Metals
2026.01.17 14:13:02 INFO  Exiting server
2026.02.06 18:15:00 INFO  tracing is disabled for protocol LSP, to enable tracing of incoming and outgoing JSON messages create an empty file at c:\Users\barra\Desktop\Ryan\Perso\JavaProjects\BudgetApp\.metals\lsp.trace.json or C:\Users\barra\AppData\Local\scalameta\metals\cache\lsp.trace.json
2026.02.06 18:15:08 INFO  logging to files C:\Users\barra\Desktop\Ryan\Perso\JavaProjects\BudgetApp\.metals\metals.log
2026.02.06 18:15:08 INFO  Started: Metals version 1.6.5 in folders 'C:\Users\barra\Desktop\Ryan\Perso\JavaProjects\BudgetApp' for client Visual Studio Code 1.108.2.
2026.02.06 18:15:08 INFO  Memory monitor started
2026.02.06 18:15:10 WARN  Using H2 2.4.240 which is newer than the version Flyway has been verified with. The latest verified version of H2 is 2.3.232.
2026.02.06 18:15:10 INFO  no build target found for C:\Users\barra\Desktop\Ryan\Perso\JavaProjects\BudgetApp\BudgetApp.java. Using fallback presentation compiler.
févr. 06, 2026 6:15:12 PM org.eclipse.lsp4j.jsonrpc.RemoteEndpoint handleCancellation
WARNING: Unmatched cancel notification for request id 2
févr. 06, 2026 6:15:12 PM org.eclipse.lsp4j.jsonrpc.RemoteEndpoint handleCancellation
WARNING: Unmatched cancel notification for request id 1
2026.02.06 18:15:12 WARN  no build tool detected in workspace 'C:\Users\barra\Desktop\Ryan\Perso\JavaProjects\BudgetApp'. The most common cause for this problem is that the editor was opened in the wrong working directory, for example if you use sbt then the workspace directory should contain build.sbt. 
2026.02.06 18:15:12 WARN  Build server is not auto-connectable.
2026.02.06 18:15:12 WARN  no build target for: C:\Users\barra\Desktop\Ryan\Perso\JavaProjects\BudgetApp\BudgetApp.java
